id,name,informalname,website,domain,phonenumber,city,state,postalcode,country,foundingyear,companytype,parentid,parentcompany,totalamountinvested,nolongerinbusiness,modifieddate
9700,"Medi-Code, LLC",Medi-Code,http://medi-code.com,medi-code.com,832-437-2029,Katy,Texas,77494,United States,2009,1,,,,false,2026-09-15 08:38:00.0567219
20074,"Marketware, Inc.",Marketware,https://marketware.com,marketware.com,+18019444230,Sandy,Utah,84094,United States,2014,4,1665037,Medsphere Systems Corporation,5900000,false,2026-07-16 07:55:38.1104030
28462,VCNetwork,VCNetwork,https://vcnetwork.org,vcnetwork.org,,San Francisco,California,94114,United States,1997,5,,,,false,2026-09-11 18:20:57.7956274
35837,"Complipoint, LLC",Complipoint,https://www.complipoint.com,complipoint.com,+18586732174,San Diego,California,92127,United States,2002,8,204227,Applications International Corp. (AIC),,false,2025-11-26 15:28:03.2798744
45311,"FlexiInternational Software, Inc.",FlexiInternational Software,https://www.flexi.com,flexi.com,+18003539492,Shelton,Connecticut,06484,United States,1992,3,,,,false,2026-08-08 18:12:09.9900111
48678,"Blackhawk Specialty Tools, LLC",Blackhawk,http://www.blackhawkst.com,blackhawkst.com,713-466-4200,Houston,Texas,77042,United States,2008,4,63706,"Expro International Group, Ltd.",,false,2026-08-15 17:03:50.8857431
67565,"DemandFarm, Inc.",DemandFarm,https://www.demandfarm.com,demandfarm.com,+14157353143,New York City,New York,10111,United States,2016,1,,,,false,2026-07-03 06:30:59.3437931
68230,"Inspirage, LLC",Inspirage,https://inspirage.com,inspirage.com,+18555174250,Bellevue,Washington,98004,United States,2007,4,486849,Accenture PLC,,false,2025-04-23 19:32:32.7739163
71013,"Sutoer Solutions, Inc.",Sutoer Solutions,https://sutoer.com,sutoer.com,+16303214702,Hinsdale,Illinois,60521,United States,1997,1,,,,false,2026-07-07 00:17:50.1550180
83110,"Implantech Associates, Inc.",Implantech,https://www.implantech.com,implantech.com,+18053399415,Ventura,California,93003,United States,1987,1,,,,false,2026-03-08 00:17:59.6214508
84414,Dorado Industries,Dorado Industries,http://www.doradoindustries.com,doradoindustries.com,+13105441316,Rancho Palos Verdes,California,90275,United States,2006,1,,,,false,2025-04-04 16:40:39.1371404
89428,"Matrix GPO, LLC",Matrix GPO,https://www.matrixgpo.com,matrixgpo.com,888-263-9982,Lake Mary,Florida,32746,United States,2012,4,669456,Express Scripts Holding Co.,,false,2026-07-25 08:33:24.6760179
93861,"Xsolla (USA), Inc.",Xsolla (USA),https://xsolla.com,xsolla.com,+18184356613,Sherman Oaks,Florida,91403,United States,2005,2,,,,false,2026-08-06 23:39:08.7441028
94197,EB Sport Group,EB Sport Group,http://ebsportgroup.com,ebsportgroup.com,865-966-9800,Elmsford,New York,10523,United States,1979,8,1800310,"EB Brands Holdings, Inc.",,false,2025-04-04 15:16:34.7821741
103855,"Arrow, LLC",Arrow,http://www.arrow-precision.com,arrow-precision.com,+16104377138,Allentown,Pennsylvania,18105,United States,2009,1,,,,false,2025-06-02 11:45:09.2522740
105516,"LeisureLink, Inc.",LeisureLink,http://www.leisurelink.com,leisurelink.com,+18558402249,Salt Lake City,Utah,84101,United States,2007,8,215676,"VacationRoost, Inc.",42600000,false,2026-08-13 07:30:00.5563018
110698,"Genics, Inc.",Genics,https://genicsinc.com,genicsinc.com,+17809621000,Acheson,Alberta,T7X 5A6,Canada,1981,4,853855,"Canadian Utilities, Ltd.",,false,2025-12-16 01:45:50.5392204
115298,"Looney Laboratories, Inc.",Looney Laboratories,https://store.looneylabs.com,store.looneylabs.com,+13014411019,College Park,Maryland,20740,United States,1996,1,,,,false,2026-09-23 20:59:04.7862004
133573,Midwest Roofing Contractors Association (MRCA),MRCA,https://www.mrca.org,mrca.org,+18004976722,Dayton,Ohio,45410,United States,1949,5,,,,false,2025-04-04 16:06:10.6269855
137916,"RPM Machining, Inc.",RPM Machining,https://rpmmachininginc.com,rpmmachininginc.com,+14232726456,Rogersville,Tennessee,37857,United States,2016,1,,,,false,2026-04-17 12:09:38.7942901
140788,"Dental Power International, Inc.",Dental Power,https://www.dentalpower.com,dentalpower.com,+19199326300,Carrboro,North Carolina,27510,United States,1975,1,,,,false,2026-08-05 20:08:59.9793922
144487,Sky Homes,Sky Homes,https://www.skyhomesusa.com,skyhomesusa.com,+14806242599,Boston,Massachusetts,02215,United States,2013,1,,,100000,false,2025-10-08 14:24:23.2524456
149472,"Attention Software, Inc. dba AckAlerts.com",AckAlerts.com,https://www.ackalerts.com,ackalerts.com,+18006841684,Colorado Springs,Colorado,80918,United States,1993,1,,,,false,2026-06-09 17:35:45.8703223
151094,"International Aircraft Associates, Inc.",International Aircraft Associates,https://internationalaircraft.com,internationalaircraft.com,+19544412234,Miramar,Florida,33025,United States,1978,1,,,,false,2026-08-04 13:08:51.4980170
160725,"Mpac Group plc dba Switchback Group, Inc.",Switchback Group,https://switchbackgroup.com,switchbackgroup.com,216-290-6040,Cleveland,Ohio,44125,United States,1972,4,642820,Mpac Group plc,,false,2025-05-06 11:56:23.6486914
169163,"J.G. Finneran Associates, Inc.",J.G. Finneran Associates,https://jgfinneran.com,jgfinneran.com,+18566969002,Vineland,New Jersey,08360,United States,1977,4,252516,Investis Limited dba Porvair Plc,,false,2026-06-30 21:08:22.7110051
176138,"Medical Learning Institute, Inc. (MLI)",MLI,https://www.mlieducation.org,mlieducation.org,+16093331693,Tarpon Springs,Florida,34689,United States,2005,5,,,,false,2026-09-19 09:54:46.4514589
177295,"Blackshare Environmental Solutions, LLC",Blackshare Environmental Solutions,https://www.blackshare-env.com,blackshare-env.com,+19183880970,Tulsa,Oklahoma,74105,United States,2000,1,,,,false,2026-07-02 08:18:02.6854424
178694,"Universal Utilities, Inc.",Universal Utilities,https://universalutilities.com,universalutilities.com,+18102333113,Flint,Michigan,48507,United States,2001,1,,,,false,2026-07-28 07:37:32.7698941
181726,"West Coast University, Inc. (WCU)",WCU,https://westcoastuniversity.edu,westcoastuniversity.edu,+19497834800,Irvine,California,92617,United States,1909,12,,,,false,2026-07-07 22:18:07.0072993
182494,Center for Responsible Enterprise and Trade (CREATe.org),CREATe.org,https://create.org,create.org,+12028424701,Washington,District of Columbia,20005,United States,2011,5,,,,false,2025-04-04 16:28:23.4587390
184694,Global Healthspan Policy Institute,Global Healthspan Policy Institute,https://healthspanpolicy.org,healthspanpolicy.org,202-674-7800,Washington,District of Columbia,20005,United States,2016,5,,,,false,2025-09-08 03:55:56.7542516
187919,The Girl Skateboard Co. dba Crailstore,Crailtap,https://crailtap.com,crailtap.com,,Torrance,California,90505,United States,1993,1,,,,false,2026-08-22 11:03:17.1160611
192915,"International Diamond Distributors USA, LLC (IDD)",IDD,https://www.iddjewelry.com,iddjewelry.com,+12128690325,New York City,New York,10017,United States,1984,1,,,,false,2025-12-24 09:58:04.6847634
194734,"CDH Enterprises, Inc. dba Cheri's Desert Harvest",Cheri's Desert Harvest,https://cherisdesertharvest.com,cherisdesertharvest.com,+15206234141,Tucson,Arizona,85719-6548,United States,1985,1,,,,false,2026-07-20 08:20:42.9760464
194813,Wynn Group LLC dba Nina Wynn,Nina Wynn,https://www.ninawynn.com,ninawynn.com,+17208023525,Denver,Colorado,80211,United States,2005,1,,,,false,2026-08-19 04:13:03.5242189
196900,"Binary Automotive Solutions, Inc.",Binary Automotive Solutions,https://binaryauto.com,binaryauto.com,888-883-8557,Bedford,Texas,76021,United States,2005,1,,,,false,2025-09-05 07:30:55.1523857
198764,"Kalos Therapeutics, Inc.",Kalos Therapeutics,https://www.kalostherapeutics.com,kalostherapeutics.com,858-552-6890,San Diego,California,92122,United States,2005,2,,,19999,false,2025-04-04 16:56:26.7283583
201053,"Micro Materials, Inc. (MMI)",MMI,http://micromaterials-inc.com,micromaterials-inc.com,805-383-8810,Camarillo,California,93012,United States,2013,1,,,32507,false,2026-07-22 08:48:32.3840652
207459,Evicient LLC,,http://www.evicient.com,evicient.com,630-657-6800,Atlanta,Georgia,30309,United States,2010,1,,,,false,2026-09-07 09:09:25.6073285
207929,"Upfront Foods, LLC",Upfront Foods,http://www.upfrontfoods.com,upfrontfoods.com,+15618860209,Boca Raton,Florida,33431,United States,2010,1,,,,false,2026-07-02 17:58:10.6261560
216941,Boston MedFlight (BMF),Boston MedFlight,https://www.bostonmedflight.org,bostonmedflight.org,+17818632213,Bedford Springs,Massachusetts,01730,United States,1985,5,,,,false,2025-12-27 04:07:53.7772835
216979,"MobileDataForce, Inc.",MobileDataForce,http://www.mobiledataforce.com,mobiledataforce.com,208-384-1200,Meridian,Idaho,83642,United States,2000,2,,,1000000,false,2025-04-04 16:17:43.0553096
221799,Capital Insurance Services Corp.,Capital Insurance Services,https://capitalinsurance.com,capitalinsurance.com,+15174827900,Lansing,Michigan,48911,United States,1980,1,,,,false,2025-12-18 23:41:49.0359429
225475,"Avail Technologies, Inc.",Avail Technologies,https://availtec.com,availtec.com,+18142343394,State College,Pennsylvania,16803,United States,1999,1,,,,false,2026-06-20 19:57:47.5578018
225687,The Shine Project,,http://www.theshineproject.com,theshineproject.com,480-424-4444,Phoenix,Arizona,85013,United States,2011,5,,,,false,2025-09-09 03:57:54.7171607
228336,"Coaching Action, LLC",Coaching Action,http://www.coachingaction.com,coachingaction.com,+12066507475,Seattle,Washington,98166,United States,2005,1,,,,false,2026-04-26 01:38:09.2576872
230292,"SDM Software, Inc.",SDM Software,https://sdmsoftware.com,sdmsoftware.com,+14152261308,San Rafael,California,94901,United States,2006,1,,,,false,2026-06-23 20:23:11.6209210
233785,The Mosaic Co.,The Mosaic,https://themosaiccompany.com,themosaiccompany.com,+14252541724,Renton,Washington,98057,United States,1996,1,,,,false,2026-08-15 05:29:58.5674958
240956,"Astin Strawberry Exchange, LLC dba Astin Farms",Astin Farms,http://www.astinfarms.com,astinfarms.com,+18136508448,Plant City,Florida,33567,United States,2001,1,,,,false,2026-08-26 13:50:20.8111013
241361,"Brandnex, LLC",BrandNex,https://www.brandnex.com,brandnex.com,855-352-7263,Houston,Texas,77007,United States,2010,2,,,,false,2026-08-12 13:13:10.2204346
241916,Holstein Plaza,Holstein Plaza,http://www.holsteinplaza.com,holsteinplaza.com,+12403290169,North Hudson,Wisconsin,54016,United States,2009,1,,,,false,2026-09-01 08:56:45.7019366
250407,"Dymedex Consulting, LLC",Dymedex Consulting,https://dymedex.com,dymedex.com,651-217-5990,Saint Paul,Minnesota,55101,United States,2007,4,1187170,Guidehouse Inc.,,false,2025-04-04 16:04:29.9357830
256079,"Standard International Management, LLC",Standard International Management,https://www.standardhotels.com,standardhotels.com,212-645-4646,New York City,New York,10003,United States,1999,8,668461,"Standard International, LLC",,false,2025-05-20 08:47:34.5382624
256246,"SiPP Communications, Inc. dba DQMPR",DQMPR,https://www.dqmpr.com,dqmpr.com,212-598-1160,New York City,New York,10103,United States,2003,1,,,,false,2026-08-13 09:15:27.7170411
256663,"Meridian Medical Systems, LLC",Meridian Medical Systems,http://www.meridianmed.net,meridianmed.net,+14402876801,Aurora,Ohio,44202,United States,2008,2,,,,false,2025-08-10 03:28:03.0714560
261097,"Heidts Automotive, LLC",Heidts Automotive,https://www.heidts.com,heidts.com,+18008418188,Lake Zurich,Illinois,60047,United States,1985,8,,,,false,2026-05-26 19:23:02.7361973
261129,"Goliath Carts, LLC",Goliath Carts,https://www.goliathcarts.com,goliathcarts.com,+18666942278,Temecula,California,92589,United States,2009,1,,,,false,2026-08-02 21:28:41.3878072
263651,My Job Coaches,,http://www.myjobcoaches.com,myjobcoaches.com,320-363-5414,Waite Park,Minnesota,56387,United States,2013,1,,,,false,2025-04-04 16:42:32.4940085
263981,"B and B Fabrication, Inc. dba Billy Boat Performance Exhaust",Billy Boat Performance Exhaust,https://www.bbexhaust.com,bbexhaust.com,623-581-7600,Phoenix,Arizona,85013,United States,1989,1,,,,false,2025-08-27 02:42:41.2954725
273953,"Continental Datalabel, Inc.",Continental Datalabel,https://datalabel.com,datalabel.com,+18009478000,Elgin,Illinois,60123,United States,1952,1,,,,false,2025-11-11 22:50:57.2296988
282096,"You i Labs, Inc. dba You.i TV",You.i TV,https://www.youi.tv,youi.tv,+16132289107,Ottawa,Ontario,K2K 3C8,Canada,2008,4,2494878,"Warner Bros. Discovery, Inc.",38100000,false,2026-08-07 14:54:03.3181187
288986,"BarrelMover 5000, LLC",BarrelMover 5000,http://www.barrelmover5000.com,barrelmover5000.com,859-428-7411,Dry Ridge,Kentucky,41035,United States,2015,1,,,,false,2025-04-04 15:12:48.5604992
291336,"The Judge Group, Inc.",The Judge Group,https://www.judge.com,judge.com,+18003010110,Wayne,Pennsylvania,19087,United States,1970,1,,,,false,2026-08-05 00:46:12.5577186
292302,BTS International Limited Liability Company,BTS International,http://www.bts-intl.com,bts-intl.com,+12019614740,Franklin Lakes,New Jersey,07417,United States,2004,1,,,,false,2026-06-10 15:49:28.6599911
294861,"Digital Masters Dental Studios, LLC",Digital Masters Dental Studios,http://www.digitalmastersdentalstudio.com,digitalmastersdentalstudio.com,480-625-4318,Phoenix,Arizona,85013,United States,2016,1,,,,false,2025-04-04 16:23:12.4460793
304055,Syntelli Solutions Inc.,Syntelli Solutions,https://syntelli.com,syntelli.com,+18777968355,Charlotte,North Carolina,28277,United States,2005,1,,,,false,2025-09-04 18:43:33.3969507
305050,"Reputation Rights, LLC",Reputation Rights,http://reputationrights.com,reputationrights.com,+18006519309,Westport,Connecticut,06880,United States,2011,1,,,,false,2026-08-27 09:04:50.3009702
305663,"Quigley-Ford Optics, Ltd.",Quigley-Ford Optics,https://quigleyford.com,quigleyford.com,+17054459195,Collingwood,Ontario,L9Y 4M8,Canada,2013,1,,,,false,2026-09-17 03:54:38.0698314
306909,"Retirement Strategies Group, LLC (RSG)",RSG,https://www.rsgweb.com,rsgweb.com,504-712-0005,New Orleans,Louisiana,70116,United States,1999,1,,,,false,2026-02-03 01:03:53.3597345
308910,"Droplit, Inc.",Droplit,https://www.droplit.io,droplit.io,+12122357877,Melbourne,Florida,32935,United States,2014,2,,,,false,2026-08-15 23:59:42.2619950
322699,"The Blessing Basket Project, Inc. dba Ten by Three",Ten by Three,https://www.tenbythree.org,tenbythree.org,314-272-1250,St. Louis,Missouri,63110,United States,2004,5,,,,false,2026-06-28 11:23:11.3289763
326929,"Premier Knowledge Solutions, Inc.",Premier Knowledge Solutions,https://www.premier-ks.com,premier-ks.com,314-644-6400,St. Louis,Missouri,63105,United States,2004,8,322451,"Centriq Group, LLC",,false,2026-08-28 16:31:52.6598996
334552,Barosolutions Wellness and Weight Loss Institute,,http://barosolutions.com,barosolutions.com,817-479-9332,Dallas,Texas,75204,United States,2006,1,,,,false,2025-04-04 15:33:23.3203804
346129,"CSV Marketing, Inc.",CSV Marketing,http://csvmarketing.com,csvmarketing.com,+14409679300,Vermilion,Ohio,44089,United States,1991,1,,,,false,2026-09-22 09:17:27.3820699
346199,"Zorn Compressor and Equipment, Inc.",Zorn Compressor and Equipment,https://www.zornair.com,zornair.com,+12626957000,Pewaukee,Wisconsin,53072,United States,1965,1,,,,false,2026-08-08 16:32:54.2228607
347922,"Boneham Metal Products, Inc.",Boneham Metal Products,https://www.bonehamusa.com,bonehamusa.com,+19082721200,Kenilworth,New Jersey,07033,United States,1972,1,,,,false,2026-09-24 00:41:53.4363401
348548,"Cincinnati Training Terminal and Services, Inc. (CTTS)",CTTS,http://www.ctts.com,ctts.com,+15135634474,Cincinnati,Ohio,45241,United States,1985,1,,,,false,2025-09-05 23:13:26.8776270
351256,"Dahlquist Heating and Cooling, Inc.",Dahlquist Heating and Cooling,https://www.dahlquistheatingandcooling.com,dahlquistheatingandcooling.com,+17153612798,Rhinelander,Wisconsin,54501,United States,1957,1,,,,false,2025-08-25 23:35:59.8321665
353083,"Share Rocket, Inc.",Share Rocket,https://sharerocket.com,sharerocket.com,844-776-2538,Addison,Texas,75001,United States,2013,2,,,5650000,false,2025-09-04 17:56:22.8693184
354622,"Liquid Management Partners, LLC dba Liquid Ice Energy Drink",Liquid Ice Energy Drink,https://www.liquidiceenergy.com,liquidiceenergy.com,+15167755050,Lake Success,New York,11042,United States,2003,1,,,,false,2026-07-06 10:18:50.3494538
356607,"Concrete Software, Inc.",Concrete Software,https://www.concretesoftware.com,concretesoftware.com,+19529425162,Eden Prairie,Minnesota,55344,United States,2003,1,,,,false,2026-05-28 22:13:38.3041849
356960,WebMD Health Corp.,WebMD Health,https://dictionary.cambridge.org,dictionary.cambridge.org,212-624-3700,New York City,New York,10103,United States,1996,8,1924556,"MH Sub I, LLC dba Internet Brands",,false,2026-09-19 04:52:29.9828202
360834,"Wyvern, Ltd.",Wyvern,https://www.wyvernltd.com,wyvernltd.com,+19294646261,Nashua,New Hampshire,03063,United States,1991,3,,,,false,2026-07-28 05:45:14.9647395
368089,Gourmet Foods Inc.,Gourmet Foods,https://gourmetfoodsinc.com,gourmetfoodsinc.com,+13106323300,Compton,California,90221,United States,1986,3,,,,false,2025-05-14 08:16:23.0647030
370140,"Monday Properties Services, LLC",Monday Properties Services,https://www.mondayre.com,mondayre.com,+12124907100,Arlington,Virginia,22209,United States,2002,2,,,,false,2026-07-17 00:31:01.5188409
379997,"Liner Source, Inc. (LSI)",LSI,https://www.linersource.com,linersource.com,+18888123020,Eustis,Florida,32736,United States,1983,1,,,,false,2026-09-10 18:46:37.8861304
380108,"Airtronics Metal Products, Inc.",Airtronics Metal Products,https://airtronics.com,airtronics.com,408-977-7800,Morgan Hill,California,95037,United States,1960,2,,,,false,2025-09-09 22:08:28.5586581
385283,"EZ-Spot-UR, Inc.",EZ-Spot-UR,https://ezspotur.com,ezspotur.com,+17012822732,Fargo,North Dakota,58102,United States,1992,1,,,,false,2026-09-25 18:13:25.2270638
386334,VyMaC Corp.,VyMaC,http://www.vymac.com,vymac.com,920-568-3131,Fort Atkinson,Wisconsin,53538,United States,1999,1,,,,false,2026-06-20 05:08:17.2379387
401357,OpenText Enterprise Apps Fund (OTEAF),OTEAF,https://www.firstascenntures.com,firstascenntures.com,+14163063020,Toronto,Ontario,M6K 1X1,Canada,2015,2,,,,false,2026-07-03 00:20:26.8193824
401377,"Branch Reconstruction Services, LLC",Branch Reconstruction Services,https://branchcs.com,branchcs.com,813-889-4800,Tampa,Florida,33613,United States,2011,1,,,,false,2025-04-04 17:36:14.6281792
403574,Ace Septic Contracting,Ace Septic Contracting,https://acesepticcontracting.com,acesepticcontracting.com,+17032577867,Manassas,Virginia,20109,United States,1988,1,,,,false,2026-01-11 21:02:53.3102383
404522,"Korite International, Ltd.",Korite International,https://korite.com,korite.com,+18009172228,Calgary,Alberta,T2C 0J4,Canada,1979,8,596443,Buffalo Rock Co.,,false,2026-08-08 14:58:40.7168057
406112,"SnapDx, Inc.",SnapDx,https://www.snapdx.co,snapdx.co,425-974-4730,Calgary,Alberta,T2N,Canada,2013,7,,,0,false,2026-08-31 08:33:04.9142932
406234,Cyclelogical,Cyclelogical,https://cyclelogicalgear.com,cyclelogicalgear.com,+18054501406,Cedar Park,Texas,78613,United States,2008,1,,,,false,2026-09-23 12:46:09.7996581
412119,"OneLock, Inc.",OneLock,https://www.onelock.com,onelock.com,+18187513085,Burbank,California,91501,United States,2014,1,,,,false,2025-11-20 21:37:59.8444774
415075,Elastic Email Inc.,Elastic Email,https://elasticemail.com,elasticemail.com,+18446737025,Vancouver,British Columbia,V6C 3N2,Canada,2010,1,,,,false,2026-08-04 23:28:31.8720216
418098,"CohesionForce, Inc. (CFI)",CFI,https://www.cohesionforce.com,cohesionforce.com,+12565620600,Huntsville,Alabama,35806,United States,1998,1,,,,false,2025-10-03 11:58:01.5339563
421585,"OAKRIDGE Environmental Engineering, Inc.",OAKRIDGE Environmental Engineering,http://oakridgeenvironmentalengineering.com,oakridgeenvironmentalengineering.com,+12507827790,Dawson Creek,British Columbia,V1G 1N7,Canada,2006,1,,,,false,2025-04-04 21:04:55.5078698
425327,"ThreatMark, Inc.",ThreatMark,https://www.threatmark.com,threatmark.com,,Charlotte,North Carolina,28210,United States,2015,2,,,26000000,false,2026-08-17 22:36:07.4796296
425610,BlueFox Group,BlueFox Group,https://www.bluefoxgroup.com,bluefoxgroup.com,+14809418280,Scottsdale,Arizona,85257,United States,1989,1,,,,false,2026-08-11 16:19:09.8136696
427883,"Washington Medical Billing, LLC",Washington Medical Billing,http://www.wmb-llc.com,wmb-llc.com,800-374-9504,Auburn,Washington,98002,United States,1999,4,1570412,"CareCloud, Inc.",,false,2025-04-17 00:02:21.5093356
428739,"iEarth, LLC dba Cannabis and Hemp Association (CHA)",CHA,https://www.cannabisandhemp.org,cannabisandhemp.org,+12019814054,Palisades Park,New Jersey,07650,United States,2013,1,,,,false,2026-07-04 07:48:36.8534197
440490,"The Door Guys, Inc.",The Door Guys,https://www.doorguys.com,doorguys.com,+17403831234,Marion,Ohio,43302,United States,1997,1,,,,false,2026-09-23 19:11:03.1263876
440496,"Northern Plains Track, Inc.",Northern Plains Track,https://www.northernplainstrack.com,northernplainstrack.com,218-745-4044,Warren,Minnesota,56762,United States,2008,1,,,,false,2026-05-01 19:38:10.6719063
442541,"Dartless Seals, Inc.",Dartless Seals,https://dartlessseals.com,dartlessseals.com,602-448-8773,Scottsdale,Arizona,85260,United States,2014,1,,,,false,2025-04-04 16:56:10.4195724
443223,"Home Wet Bar, LLC",Home Wet Bar,https://www.homewetbar.com,homewetbar.com,+18556113800,Oklahoma City,Oklahoma,73105,United States,2004,1,,,,false,2026-09-12 21:02:28.6549024
443586,LeedSource Group,LeedSource Group,http://leedsourcegroup.com,leedsourcegroup.com,616-443-7513,Grand Rapids,Michigan,49504,United States,2006,1,,,,false,2025-06-11 09:06:05.2101665
446849,"Measurement Instruments East, Inc. (MIE INC.)",MIE,http://www.meas-inst.com,meas-inst.com,+17244598090,Blairsville,Pennsylvania,15717,United States,1977,1,,,,false,2026-05-27 05:24:05.7206016
459018,"New York Cares, Inc.",New York Cares,https://www.newyorkcares.org,newyorkcares.org,+12122285000,New York City,New York,10006,United States,1987,5,,,,false,2026-09-15 09:44:14.6060841
462640,Arizona Regional Economic Development Foundation (ARED),ARED,https://www.aredf.org,aredf.org,+15204586948,Sierra Vista,Arizona,85635,United States,1985,5,,,,false,2026-09-01 09:03:39.0249845
473922,"Naimisa Tech, LLC﻿ dba DiggOm",DiggOm,https://diggom.com,diggom.com,917-971-6417,Alachua,Florida,32615,United States,2017,1,,,,false,2026-04-23 12:52:14.7844410
473925,Turnkey Technology Corp.,Turnkey Technology,http://www.turnkey-technology.com,turnkey-technology.com,+13018315974,Mount Airy,Maryland,21771,United States,2001,1,,,,false,2026-03-30 11:28:06.9768336
476122,"National Alliance for Youth Sports, Inc (NAYS)",NAYS,https://www.nays.org,nays.org,+18006885437,West Palm Beach,Florida,33407,United States,1981,5,,,,false,2026-01-11 20:02:55.0070995
478655,Locusview Inc.,Locusview,https://www.locusview.com,locusview.com,+13125483848,Chicago,Illinois,60661,United States,2014,3,,,64000000,false,2026-02-24 14:24:00.1932536
485723,Herbert Williams Fire Equipment Ltd.,Herbert Williams Fire Equipment,https://www.herbertwilliams.com,herbertwilliams.com,+14162925484,Toronto,Ontario,M4P 0B5,Canada,1908,1,,,,false,2026-07-09 03:05:57.9900767
487112,"Auro Robotics, Inc.",Auro Robotics,https://auro.ai,auro.ai,+14084317342,Milpitas,California,95035,United States,2015,8,54366,"Ridecell, Inc",2000000,false,2026-02-03 00:54:48.7584724
496058,"Blue Wave Semiconductors, Inc.",Blue Wave Semiconductors,https://www.bluewavesemi.com,bluewavesemi.com,+14109076807,Halethorpe,Maryland,21227,United States,2000,1,,,,false,2026-04-11 11:33:29.4199240
504088,"Texas Plant and Soil Lab, Inc. dba TPS Lab",TPS Lab,https://www.tpslab.com,tpslab.com,+19563830739,Edinburg,Texas,78541,United States,1938,1,,,,false,2026-03-05 11:32:54.5215777
509183,"PriMed Pharmaceuticals, LLC",PriMed Pharmaceuticals,https://primedrx.com,primedrx.com,+18667953599,Eatontown,New Jersey,07724,United States,2013,1,,,,false,2025-09-05 00:09:08.2972560
509633,"Global Mobility Tax, LLP",Global Mobility Tax,https://glomotax.com,glomotax.com,650-947-9490,San Jose,California,95126,United States,2003,1,,,,false,2026-08-06 16:43:48.8422684
511188,ATG Direct,ATG Direct,https://www.atg-direct.com,atg-direct.com,647-298-7734,Toronto,Ontario,M4C 5K7,Canada,2017,1,,,,false,2026-08-11 16:37:17.4395207
511626,"Mednet, Inc.",Mednet,https://mednetinc.com,mednetinc.com,+15053410070,Albuquerque,New Mexico,87109,United States,1985,1,,,,false,2025-04-11 15:28:26.0522400
514794,"Day After Day Marketing, Inc. (DADM)",DADM,http://www.dayafterdaymarketing.com,dayafterdaymarketing.com,323-680-5326,Santa Ynez,California,93460,United States,2011,1,,,,false,2026-08-31 09:20:50.9284937
516153,"IndraStra Global Publishing Solutions, Inc.",IndraStra Global Publishing Solutions,https://www.indrastra.com,indrastra.com,712-581-0811,Sheridan,Wyoming,82801,United States,2015,1,,,,false,2026-06-02 09:51:16.6801973
519100,"PublicAssets, Ltd.",PublicAssets,https://www.publicassets.com,publicassets.com,+14152798756,Mill Valley,California,94941,United States,2015,1,,,,false,2025-04-04 17:22:04.5783085
520188,"Atlrg, LLC",Atlrg,http://atlrg.com,atlrg.com,+15024101833,West Palm Beach,Florida,33404,United States,2016,1,,,0,false,2025-04-04 15:57:18.5979591
522538,"The Shyft Group, Inc.",The Shyft Group,https://theshyftgroup.com,theshyftgroup.com,+15175436400,Novi,Michigan,48375,United States,1975,6,,,,false,2025-06-03 21:49:09.6402720
522714,"Shepherd Veterinary Software, LLC",Shepherd Veterinary,https://www.shepherd.vet,shepherd.vet,602-635-3534,Prescott,Arizona,86303,United States,2016,1,,,,false,2025-05-12 03:50:53.7646830
523476,SCS Commodities Corp.,SCS Commodities,http://www.scscommodities.com,scscommodities.com,+16468253880,Jersey City,New Jersey,07310,United States,1991,4,340365,TP ICAP Group PLC,,false,2026-06-18 07:28:49.1861261
524429,"Plastic Components, Inc.",Plastic Components,https://www.plasticcomponents.com,plasticcomponents.com,+18772531496,Germantown,Wisconsin,53022,United States,1989,8,389348,"Sports Molding, Inc. (SMI)",,false,2025-05-18 16:03:34.8725626
529813,Netafim USA,Netafim USA,https://www.netafimusa.com,netafimusa.com,559-453-6800,Fresno,California,93727,United States,1981,4,495414,"Netafim, Ltd.",,false,2025-04-04 18:09:24.8183580
530676,"Jetset ESL, Inc.",Jetset ESL,https://www.jetsetesl.com,jetsetesl.com,+15188881022,Honolulu,Hawaii,96826,United States,2015,1,,,,false,2026-07-21 23:49:24.8868499
533773,"Empire Software, LLC",Empire Software,https://www.poweredbyempire.com,poweredbyempire.com,323-336-6811,New York City,New York,10001,United States,2016,1,,,,false,2025-09-10 14:13:03.2579935
536077,"Grillo's Pickles, Inc.",Grillo's Pickles,https://www.grillos.com,grillos.com,+18575752285,Westwood,Massachusetts,02090,United States,2008,8,294172,"King's Hawaiian Holding Company, Inc.",4000000,false,2026-09-19 01:03:11.2727078
536634,"Arnhem, Inc. dba The Arnhem Group",The Arnhem Group,https://www.arnhemgroup.com,arnhemgroup.com,+19087094045,Westfield,New Jersey,07090,United States,1980,1,,,,false,2025-05-01 19:41:07.6528974
536638,"US Extruders, Inc.",US Extruders,https://www.us-extruders.com,us-extruders.com,+14015844710,Westerly,Rhode Island,02891,United States,2017,1,,,,false,2026-02-19 21:34:02.5902202
544524,Die Trying TX,Die Trying TX,https://dietryingtx.com,dietryingtx.com,+15128504328,Austin,Texas,78701,United States,2016,1,,,,false,2026-08-09 16:21:02.0356311
546148,Eve and Nico Gifts and Home Decor,Eve and Nico Gifts and Home Decor,https://www.eveandnico.com,eveandnico.com,212-280-0999,Englewood,New Jersey,07631,United States,2014,1,,,,false,2026-08-10 05:06:22.9564321
555707,"Fipsar, Inc.",Fipsar,https://fipsar.com,fipsar.com,+19084284449,Hillsborough,New Jersey,08844,United States,2010,1,,,,false,2026-04-20 00:56:27.4184044
557165,"Bedford AP, LLC",Bedford AP,http://www.bedfordap.com,bedfordap.com,+15129944364,New York City,New York,10013,United States,2017,1,,,,false,2025-04-04 16:00:42.2997619
559119,"Avant-garde Health, Inc.",Avant-garde Health,https://www.avantgardehealth.com,avantgardehealth.com,+16178009501,Boston,Massachusetts,02116,United States,2014,2,,,16000000,false,2026-05-16 07:23:01.3999645
559621,"Fadstir, Inc.",Fadstir,http://www.fadstir.com,fadstir.com,+18327153017,Los Angeles,California,90028,United States,2015,1,,,,false,2025-04-04 22:17:32.9859206
598690,"Sleep Wellness Doctor Licensing, LLC",Sleep Wellness Doctor Licensing,https://www.sleepwellnessdoctor.com,sleepwellnessdoctor.com,254-436-5082,Cedar Park,Texas,78613,United States,2017,1,,,,false,2025-04-04 17:09:03.9391832
600402,Bicycle Adventures,Bicycle Adventures,https://bicycleadventures.com,bicycleadventures.com,800-443-6060,Seattle,Washington,98134,United States,1984,1,,,,false,2026-02-27 18:33:13.2986557
605697,"BlueStar Business Services, LLC dba Bluestar Loyalty",Bluestar Loyalty,https://www.bluestarloyalty.com,bluestarloyalty.com,+18882940550,Tampa,Florida,33624,United States,2015,1,,,,false,2026-07-02 18:47:59.9367722
607143,"Prosperity Advisory Group, Inc.",Prosperity Advisory Group,https://www.prosperityadvisors.com,prosperityadvisors.com,+19134514501,Overland Park,Kansas,66210,United States,1989,2,,,,false,2025-04-04 18:16:29.6453914
615315,The Killington Group,The Killington Group,https://www.killingtongroup.com,killingtongroup.com,+18024222300,Sherburne Center,Vermont,05751,United States,2010,1,,,,false,2026-09-09 09:20:09.0543197
617771,"Mojix, Inc.",Mojix,https://www.mojix.com,mojix.com,+14256411408,Boca Raton,Florida,33432,United States,2004,3,,,91000000,false,2026-06-30 18:09:29.2883473
617831,"AI.Reverie, Inc.",AI.Reverie,https://aireverie.com,aireverie.com,,New York City,New York,10004,United States,2017,4,260853,"Meta Platforms, Inc.",5600000,false,2026-07-23 01:05:24.9988391
628711,Wyoming Mutual Telephone Co.,Wyoming Mutual Telephone,https://wyomingtel.com,wyomingtel.com,+15634882535,Wyoming,Iowa,52362,United States,2014,1,,,,false,2025-07-28 20:56:13.0755676
633300,"Claremont Consulting Group, Inc. (CCG)",CCG,http://claremontcg.co,claremontcg.co,,Claremont,California,91711,United States,2013,1,,,,false,2025-04-04 18:20:36.6745224
635862,"Monopile, LLC",Monopile,https://www.monopile.com,monopile.com,+18553637849,Eastlake,Ohio,44095,United States,2015,1,,,,false,2026-07-13 16:36:34.3437004
636694,"Edstar Analytics, Inc.",Edstar Analytics,https://edstaranalytics.com,edstaranalytics.com,+19196245107,Durham,North Carolina,27709,United States,2010,1,,,,false,2026-07-03 19:03:19.5930353
637552,"Lirik, Inc.",Lirik,https://lirik.io,lirik.io,+14089060382,Milpitas,California,95035,United States,2015,4,2066764,"Technos Japan Co., Ltd.",,false,2026-06-22 00:15:42.5581408
643783,Rose Hill Baptist Church.,Rose Hill Baptist Church,https://www.galabid.com,galabid.com,+17039713377,Alexandria,Virginia,2100,United States,2011,1,,,,false,2026-07-08 07:58:21.6738662
646222,"iMFLUX, Inc.",iMFLUX,https://www.imflux.com,imflux.com,+15134881017,Hamilton,Ohio,45015,United States,2013,4,175449,The Procter & Gamble Company,,false,2026-04-09 15:21:07.6886089
646274,"University Risk Management and Insurance Association, Inc. (URMIA)",URMIA,https://www.urmia.org,urmia.org,+18127277130,Bloomington,Indiana,47402-1027,United States,1969,5,,,,false,2026-08-11 12:59:02.0374338
650308,"ASIST Translation Services, Inc.",ASIST Translation Services,https://asisttranslations.com,asisttranslations.com,+16144516744,Columbus,Ohio,43235,United States,1983,1,,,,false,2025-09-10 00:37:43.8032350
650469,QualityLife Intergovernmental Agency dba Q-Life Network,Q-Life Network,http://www.qlife.net,qlife.net,+15415062550,The Dalles,Oregon,97058,United States,2002,10,,,,false,2025-11-03 07:38:21.5563388
655945,"2G Robotics, Inc.",2G Robotics,https://www.2grobotics.com,2grobotics.com,+15194890005,Waterloo,Ontario,N2V 2C3,Canada,2007,8,1185431,"Sonardyne International, Ltd.",,false,2025-08-18 09:24:31.4545751
658205,"Martensite Technology, LLC dba US Castings",US Castings,https://www.uscastings.com,uscastings.com,+13477071222,New York City,New York,10005,United States,2014,1,,,,false,2025-09-10 18:38:30.3534106
661257,Sanskar Culture Society,Sanskar Culture Society,http://sanskarusa.org,sanskarusa.org,888-864-9262,Foxborough,Massachusetts,02035,United States,2016,5,,,,false,2026-09-17 03:42:53.6637021
668831,Airport Foundation MSP,Airport Foundation,https://airportfoundation.org,airportfoundation.org,612-726-5235,Saint Paul,Minnesota,55111,United States,1982,5,,,,false,2026-06-24 14:18:19.8072455
674806,Adelphi University,Adelphi University,https://www.adelphi.edu,adelphi.edu,+18002335744,Garden City,New York,11530,United States,1896,12,,,,false,2026-08-20 11:41:53.3669960
674986,"Big Daddy Games, LLC (BDG)",BDG,https://bigdaddygames.net,bigdaddygames.net,+19207275508,Menasha,Wisconsin,54952,United States,2009,1,,,,false,2026-09-19 17:46:49.3875426
677127,NPG Digital.,NPG Digital,http://www.npgdigital.com,npgdigital.com,+18559976330,Palm Springs,California,92262,United States,2007,1,,,,false,2026-04-04 22:58:10.0277468
677620,"Appiphany, Inc.",Appiphany,https://appiphanyinc.com,appiphanyinc.com,+19174265852,San Francisco,California,94104,United States,2012,7,,,200000,false,2026-09-21 15:03:49.3953159
683147,"Great Lakes Testing, Inc.",Great Lakes Testing,http://www.greatlakestesting.com,greatlakestesting.com,920-336-3554,Green Bay,Wisconsin,54304,United States,1993,1,,,,false,2025-09-04 21:43:08.6334149
683640,"Xogene Services, LLC",Xogene Services,https://www.xogene.com,xogene.com,+17272340100,Englewood,New Jersey,07631,United States,2010,1,,,,false,2026-09-21 14:49:32.1490129
690987,"Prestige Pop-up Sprinklers, Inc.",Prestige Pop-up Sprinklers,https://www.prestigesprinklers.com,prestigesprinklers.com,403-250-8464,Calgary,Alberta,T1Y 1P4,Canada,1993,1,,,,false,2026-03-04 14:43:42.4113192
691114,"Silicon Roadways, Inc.",Silicon Roadways,http://siliconroadways.com,siliconroadways.com,+15103379500,Oakland,California,94601,United States,2000,1,,,,false,2026-09-08 09:06:16.3829737
691260,"Exxact Express, Inc.",Exxact Express,https://www.exxact.net,exxact.net,+18636824101,Lakeland,Florida,33805,United States,1986,1,,,,false,2026-05-11 14:37:55.6480118
692285,ABA Positive Support Services,ABA Positive Support Services,https://positivesupportservices.com,positivesupportservices.com,808-292-7968,Waipahu,Hawaii,96797,United States,2008,1,,,,false,2026-07-14 12:49:42.8358576
695473,"Simeral Construction, Inc.",Simeral Construction,http://www.simeralconstruction.com,simeralconstruction.com,+17175605992,Lititz,Pennsylvania,17543,United States,1987,1,,,,false,2026-03-11 05:12:37.3535491
699060,"Walters Trucking, Inc. dba Walters Trucking and Removals Pert",Walters Trucking,https://www.walters-trucking.com,walters-trucking.com,309-392-2488,Sauk Centre,Minnesota,56378,United States,1982,1,,,,false,2026-03-04 22:16:32.0213291
703397,"Baya Build, Inc.",Baya Build,https://bayabuild.com,bayabuild.com,+16465049811,New York City,New York,10024,United States,2017,2,,,0,false,2026-09-08 09:20:09.4100562
708165,"Nutrition Partners, Inc.",Nutrition Partners,https://nutritionpartners.ca,nutritionpartners.ca,+14039120735,Airdrie,Alberta,T4A 2G8,Canada,2003,1,,,,false,2025-04-19 02:51:27.9324548
715325,State University of New York at Plattsburgh (SUNY Plattsburgh),SUNY Plattsburgh,https://www.plattsburgh.edu,plattsburgh.edu,518-564-2000,Plattsburgh,New York,12901,United States,1889,12,,,,false,2025-04-04 16:03:59.3574933
729569,"Cardiac Imaging, Inc.",Cardiac Imaging,https://www.mobilecardiacpet.com,mobilecardiacpet.com,+18009982035,Villa Park,Illinois,60181,United States,2011,1,,,,false,2026-08-13 10:20:25.8765362
730471,"SolvOne, LLC",SolvOne,https://www.solvone.com,solvone.com,+18669057710,Portland,Oregon,97225,United States,2000,1,,,,false,2026-01-08 08:44:33.3018661
730769,"Rigminder Operating, LLC",Rigminder Operating,https://www.rigminder.com,rigminder.com,+12814441165,Spring,Texas,77380,United States,2008,8,678732,Ensign Energy Services Inc.,,false,2026-06-01 20:10:04.6194171
731177,"Parsons Precast, Inc.",Parsons Precast,http://www.concretesteps.com,concretesteps.com,+19053870810,Hamilton,Ontario,L8W 3N1,Canada,1963,1,,,,false,2025-10-14 08:42:36.9746345
737601,"Baudville, Inc.",Baudville,https://www.baudville.com,baudville.com,+18007280888,Grand Rapids,Michigan,49512,United States,1983,1,,,,false,2025-05-26 21:33:06.0975201
738409,HelloBooked,HelloBooked,https://www.hellobooked.com,hellobooked.com,+18778291977,Buffalo,New York,14228,United States,2017,1,,,,false,2025-11-23 03:33:06.7821330
739671,"Jud Construction, LLC",Jud Construction,http://judconstruction.com,judconstruction.com,+17652881111,Muncie,Indiana,47304,United States,1968,1,,,,false,2026-08-15 16:33:33.1520193
741795,"Coastal Mechanical, LLC",Coastal Mechanical,https://www.coastalphc.com,coastalphc.com,+15057378747,South Yarmouth,Massachusetts,02664,United States,1978,1,,,,false,2026-06-23 17:20:02.6129355
742209,"Gougeon Brothers, Inc. (GBI)",GBI,https://gougeon.com,gougeon.com,+19896847286,Bay City,Michigan,48706,United States,1969,3,,,,false,2026-03-24 19:34:02.3614133
743915,"L2 Systems, LLC",L2 Systems,http://www.l2systemsllc.com,l2systemsllc.com,425-258-2402,Everett,Washington,98201,United States,2004,1,,,,false,2025-12-12 08:18:57.0730197
745964,Crest AutoMall,Crest AutoMall,https://www.crestautomall.com,crestautomall.com,+12033897100,Woodbridge,Connecticut,06525,United States,1976,1,,,,false,2025-08-17 08:33:01.6781472
756825,"OmniiX, LLC",OmniiX,https://omniix.com,omniix.com,+14793192940,Rogers,Arkansas,72758,United States,2015,8,2450293,"Society Brands, Inc.",,false,2026-03-14 12:52:53.8589438
759129,"Kanawha Hospice Care, Inc. dba Hospice Care",Hospice Care,https://www.hospicecarewv.org,hospicecarewv.org,304-768-8523,Charleston,West Virginia,25301,United States,1980,5,,,,false,2026-01-22 23:07:34.8991532
760964,"GlobalSpotz, Inc.",GlobalSpotz,https://globalspotz.com,globalspotz.com,408-394-9358,Saratoga,California,95070,United States,2013,1,,,,false,2025-04-04 17:49:19.3812359
768159,SMC-Roe,SMC-Roe,http://www.smc-roe.com,smc-roe.com,716-696-3171,North Tonawanda,New York,14120,United States,1994,1,,,,false,2025-09-08 09:19:23.0852483
786675,"FigurePrints, LLC",FigurePrints,http://www.figureprints.com,figureprints.com,+12069158532,Seattle,Washington,98101,United States,2007,1,,,,false,2026-06-16 23:04:11.2262803
796790,"Odd13 Brewing, Inc.",Odd13 Brewing,https://www.odd13brewing.com,odd13brewing.com,+13039974164,Lafayette,Colorado,80026,United States,2013,1,,,,false,2026-09-24 00:37:50.8545700
810228,CCI Inc.,CCI,https://www.ccisolutions.ca,ccisolutions.ca,+17807841990,Edmonton,Alberta,T5S 1M3,Canada,2004,1,,,,false,2026-07-21 23:43:18.6197952
811862,"Kay Celine, Inc.",Kay Celine,https://kayceline.com,kayceline.com,+13105754096,Los Angeles,California,90015,United States,1989,1,,,,false,2025-04-04 16:13:24.8318961
825396,"1 Stop Truck Services, Inc.",1 Stop Truck Services,http://1stoptruckservices.com,1stoptruckservices.com,+17865588756,Hialeah,Florida,33018,United States,2016,1,,,,false,2025-04-04 18:15:13.4353964
829318,"Straightline Precision Industries, Inc.",Straightline Precision Industries,https://www.straightlineprecisionindustries.com,straightlineprecisionindustries.com,+12506556603,North Saanich,British Columbia,V8L 5V5,Canada,2000,1,,,,false,2025-04-30 18:31:49.6628766
837788,"Security In Motion, LLC dba nomad",nomad,http://www.getnomad.net,getnomad.net,573-836-0747,Portland,Oregon,97086,United States,2014,1,,,,false,2025-10-02 00:52:52.0238225
840010,"Rare Earth Exploration, LLC",Rare Earth Exploration,https://www.rareearthex.com,rareearthex.com,+14694803141,Garland,Texas,75044,United States,2016,1,,,,false,2025-04-04 18:04:31.7137827
845515,Agile Microwave Technology Inc.,Agile Microwave Technology,https://www.agilemwt.com,agilemwt.com,+19842288001,Cary,North Carolina,27513,United States,2011,1,,,,false,2026-07-29 22:35:50.6556067
846071,"4Ever Digital, LLC",4Ever Digital,https://4everdigital.tech,4everdigital.tech,+13855195767,Syracuse,Utah,84075,United States,2017,1,,,,false,2026-03-24 08:03:37.9348657
846697,"Impossible Bureau, LLC",Impossible Bureau,https://www.impossible-bureau.com,impossible-bureau.com,+18018498683,Los Angeles,California,90028,United States,2012,1,,,,false,2025-10-07 07:01:41.2789418
847045,"Modern Piggy, LLC",Modern Piggy,https://www.modernpiggy.com,modernpiggy.com,,American Fork,Utah,84003,United States,2015,1,,,,false,2026-06-18 18:12:45.2432224
855693,"Power Rep, LLC",Power Rep,http://www.powerrepllc.com,powerrepllc.com,+16035874100,Chester,New Hampshire,03036,United States,1992,1,,,,false,2025-11-20 21:35:06.7806074
857549,"Vera Networks, LLC",Vera Networks,https://veranetworks.com,veranetworks.com,305-587-2940,Miami,Florida,33133,United States,2010,1,,,,false,2025-04-04 17:44:25.6603002
864310,"AtDetroit, LLC",AtDetroit,https://atdetroit.com,atdetroit.com,888-474-8189,Detroit,Michigan,48226,United States,2000,1,,,,false,2026-08-27 14:27:47.5074290
865040,"Wolfment, Inc.",Wolfment,http://www.wolfment.com/,wolfment.com,,New York City,New York,10001,United States,2013,1,,,,false,2025-04-04 19:34:09.5138903
873456,"Adams-Kemp Associates, Inc.",Adams-Kemp Associates,https://www.adamskemp.com,adamskemp.com,302-856-6699,Georgetown,Delaware,19947,United States,1988,8,443334,"Karins and Associates, Inc.",,false,2025-04-26 01:19:25.4736659
874464,Snider & Associates,Snider & Associates,https://www.snidersurveys.com,snidersurveys.com,301-948-5100,Germantown,Maryland,20874,United States,1966,1,,,,false,2025-11-25 14:30:43.5381043
906890,True North Technologies LLC,True North Technologies,https://tntc.com,tntc.com,+19788975400,Hudson,Massachusetts,01749,United States,1997,1,,,,false,2026-09-18 03:01:30.9095173
910852,Onlinejobs.ph,Onlinejobs.ph,https://www.onlinejobs.ph,onlinejobs.ph,888-416-0925,Lehi,Utah,84043,United States,2005,1,,,,false,2025-04-04 18:28:41.0590022
912669,City of Brea,City of Brea,https://www.ci.brea.ca.us,ci.brea.ca.us,714-990-7600,Brea,California,92823,United States,1917,10,,,,false,2026-08-10 10:30:02.8889447
912735,"Aries Capital Partners, LLC",Aries Capital Partners,https://ariescapitalpartners.com,ariescapitalpartners.com,+18014531000,Salt Lake City,Utah,84121,United States,2007,13,,,,false,2026-09-09 08:37:40.0830271
927267,VirClop,VirClop,https://www.virclop.com,virclop.com,,Boston,Massachusetts,02114,United States,2018,1,,,,false,2025-04-04 19:32:17.1104677
949689,"Haeger, Inc.",Haeger,https://www.haeger.com,haeger.com,+12098484000,Shelby,Michigan,49455,United States,1976,8,472632,PennEngineering and Manufacturing Corp.,,false,2026-09-14 13:20:31.6270420
956015,"Pacifier Online Data Service dba Infinity Internet, Inc.",Infinity Internet,https://www.infinityinternet.com,infinityinternet.com,+18775673279,Portland,Oregon,97208,United States,1995,8,142777,"Atmosera, Inc.",,false,2026-06-12 22:43:26.0394016
965012,California Department of Tax and Fee Administration (CDTFA),CDTFA,https://www.cdtfa.ca.gov,cdtfa.ca.gov,+18004007115,Sacramento,California,95814,United States,2017,10,,,,false,2026-03-21 07:46:20.7751624
967089,San Diego County Employees Retirement Association (SDCERA),SDCERA,https://sdcera.org,sdcera.org,+16195156800,San Diego,California,92108,United States,1939,10,,,,false,2026-04-26 09:57:31.6070717
969697,"Champlain Valley Organics, LLC dba Vermont Pure CBD",Vermont Pure CBD,https://vermontpurecbd.com,vermontpurecbd.com,802-282-3058,Shoreham,Vermont,05770,United States,2017,1,,,,false,2026-03-02 08:21:16.3766730
978966,"Praadis Technologies, Inc.",Praadis Technologies,https://praadistech.com,praadistech.com,732-447-6000,Princeton,New Jersey,08540,United States,2016,1,,,,false,2025-04-04 16:43:21.1350892
988896,"Rockwealth Resources Corp. dba Crazy Horse Resources, Inc.",Crazy Horse Resources,http://crazyhorseresources.com,crazyhorseresources.com,604-682-1610,Vancouver,British Columbia,V6C 3E1,Canada,2007,6,,,,false,2026-02-21 21:44:30.7345645
989865,"Health Transactions, Inc. dba Connecting Healthcare",Connecting Healthcare,https://www.connectinghealthcare.com,connectinghealthcare.com,904-435-3456,Jacksonville,Florida,32256,United States,2004,1,,,,false,2025-09-10 07:48:01.2638397
991321,"Warm Robots, LLC",Warm Robots,https://www.warmrobots.com,warmrobots.com,,Los Angeles,California,90010,United States,2018,1,,,,false,2026-01-08 16:07:20.2634260
992873,"No Ordinary Moments, Inc.",No Ordinary Moments,https://www.noordinarymoments.com,noordinarymoments.com,+17148483800,Huntington Beach,California,92647,United States,1996,1,,,,false,2025-08-22 18:08:24.9668444
996497,Ultimate Umbrellas,Ultimate Umbrellas,http://www.ultimateumbrellas.com,ultimateumbrellas.com,702-533-3626,Las Vegas,Nevada,89101,United States,2015,1,,,,false,2025-04-04 18:34:22.9492806
1005353,"Safeguard 30, LLC",Safeguard 30,https://safeguard30.com,safeguard30.com,+15038486320,Hillsboro,Oregon,97123,United States,2011,1,,,,false,2026-08-14 08:45:49.7433764
1005866,"Loring Consulting Engineers, Inc.",Loring Consulting Engineers,https://www.loringengineers.com,loringengineers.com,+12125637400,New York City,New York,10001,United States,1956,1,,,,false,2026-09-24 02:43:33.6483566
1010474,Rare Disease Foundation,Rare Disease Foundation,https://rarediseasefoundation.org,rarediseasefoundation.org,250-479-9908,Vancouver,British Columbia,V6H 3N1,Canada,2008,5,,,,false,2026-07-11 23:22:29.1041968
1016078,"Bastion Rare, LLC",Bastion Rare,https://www.bastionrare.com,bastionrare.com,+19496279500,Newport Beach,California,92660,United States,2018,1,,,,false,2026-07-08 00:34:32.3061001
1016288,"x10Hosting, LLC",x10Hosting,https://x10hosting.com,x10hosting.com,+18889109668,Tilton,New Hampshire,03276,United States,2016,1,,,,false,2026-06-01 15:25:15.5790811
1018180,"SCM Accelerators, LLC",SCM Accelerators,https://scmaccelerators.com,scmaccelerators.com,415-595-8091,San Francisco,California,94115,United States,2010,8,850,"UST Global, Inc.",,false,2025-04-04 16:54:50.5082840
1022228,KNET Systems Corp. dba 2Accept,2Accept,https://www.2accept.net,2accept.net,,Chicago,Illinois,60602,United States,2006,1,,,,false,2026-08-05 11:53:15.8310583
1024103,The Curious Company,The Curious,http://www.thecuriouscompany.com,thecuriouscompany.com,+17609427100,Belvedere,California,94920,United States,2000,1,,,,false,2025-11-05 07:57:22.8679509
1026989,"VenU, LLC dba VenU eLearning Solutions",VenU eLearning Solutions,https://ven-u.com,ven-u.com,+16785386372,Smyrna,Georgia,30080,United States,2003,1,,,,false,2026-09-22 09:00:15.9525880
1027091,"Baseline Energy Services, LP",Baseline Energy Services,https://www.baseline-enserv.com,baseline-enserv.com,+18337697436,Fort Worth,Texas,76107,United States,2012,3,,,,false,2026-07-24 17:20:41.3049902
1033487,"Maritime and Port Security ISAO, Inc. (MPS-ISAO)",MPS-ISAO,https://mpsisao.org,mpsisao.org,877-860-8550,Saint Augustine,Florida,32084,United States,2016,5,,,,false,2026-08-26 08:59:51.2661082
1034599,Ontario Environment Industry Association (ONEIA),Ontario Environment Industry Association,https://www.oneia.ca,oneia.ca,+14165317884,Toronto,Ontario,M5T 2C2,Canada,1991,5,,,,false,2026-06-28 20:23:01.0308954
1035025,"Guthy-Renker, LLC",Guthy-Renker,https://www.guthy-renker.com,guthy-renker.com,888-651-6602,El Segundo,California,90245,United States,1988,1,,,,false,2025-09-06 12:22:59.6553829
1035608,Funky Farms,Funky Farms,https://funkyfarms.com,funkyfarms.com,+18666468156,Boca Raton,Florida,33431,United States,2015,1,,,,false,2026-08-16 04:03:32.6109981
1053804,"Klinner Insurance, Inc.",Klinner Insurance,https://klinnerinsurance.com,klinnerinsurance.com,+18009345647,Medford,Wisconsin,54451,United States,1952,1,,,,false,2026-05-25 10:42:50.3523881
1056531,"Gemstone Hotels and Resorts, LLC",Benchmark Resorts and Hotels,https://www.gemstonehotelcollection.com,gemstonehotelcollection.com,844-258-7210,The Woodlands,Texas,77380-2692,United States,1980,1,,,,false,2026-06-08 12:01:07.1129863
1057378,"Lynco Fire Protection, Inc.",Lynco Fire Protection,http://www.lyncofp.com,lyncofp.com,+17812210111,Burlington,Massachusetts,01803,United States,1992,1,,,,false,2025-11-20 22:20:31.8695620
1062773,"Casa de Tamales, LLC",Casa de Tamales,http://www.casadetamales.com,casadetamales.com,559-541-4656,Fresno,California,93721,United States,2009,1,,,,false,2026-03-06 20:54:41.4370638
1063577,"Centre Du Sport Alary, Inc.",Alary Sport,https://www.alarysport.com,alarysport.com,+18664362242,Saint-Jerome,Quebec,J7Z 7M2,Canada,1970,1,,,,false,2026-07-26 23:58:48.1401314
1065529,Cappleman Medical Group,Cappleman,http://www.drcappleman.com,drcappleman.com,407-877-8080,Winter Garden,Florida,34787,United States,1987,1,,,,false,2025-04-05 00:12:19.6797008
1069299,"Industrial Coating Equipment, Inc.",Industrial Coating Equipment,https://www.indcoating.com,indcoating.com,+19417774894,Port Charlotte,Florida,33981,United States,2001,1,,,,false,2026-02-20 01:59:20.0875340
1072621,"Apadana, LLC",Apadana,https://apadanatech.com,apadanatech.com,612-978-1145,Minneapolis,Minnesota,55427,United States,2013,1,,,,false,2025-11-26 11:02:59.1150525
1073916,"Copper Exclusive, LLC",Copper Exclusive,https://copperexclusive.com,copperexclusive.com,+18014002515,Salt Lake City,Utah,84107,United States,2007,1,,,,false,2026-08-05 14:18:18.6044676
1078443,"Connor Fastener, Inc.",Connor Fastener,http://connorfasteners.com,connorfasteners.com,+14787427261,Macon,Georgia,31201,United States,1993,1,,,,false,2025-10-25 02:43:05.4583262
1092820,International Machine Transport Inc. (IMT),IMT,https://imtbc.com,imtbc.com,+16048555051,Abbotsford,British Columbia,V2T 6R4,Canada,1991,1,,,,false,2025-09-09 12:35:56.7473867
1098382,"Bradley Mechanical Co., LLC",Bradley Mechanical,https://www.bradleymechanicalva.com,bradleymechanicalva.com,804-214-3126,Richmond,Virginia,23237,United States,1969,1,,,,false,2026-03-27 18:13:01.2747058
1104153,"PSR Brands, LLC",PSR Brands,https://psrbrands.com,psrbrands.com,+18778769378,Houston,Texas,77056,United States,2013,1,,,,false,2026-07-03 03:11:51.1011583
1106105,"Visual Vitals, Inc.",Visual Vitals,http://www.visualvitals.com,visualvitals.com,+14073297002,Orlando,Florida,32826,United States,2011,1,,,,false,2026-08-31 08:34:47.4971547
1107654,Erik Valind Photography,Erik Valind,https://www.erikvalind.com,erikvalind.com,347-263-7458,New York City,New York,10009,United States,2010,1,,,,false,2025-05-12 16:36:51.2553191
1114553,Machine Products Corp. (MPC),MPC,https://www.mpcdayton.com,mpcdayton.com,+19378901916,Dayton,Ohio,45414,United States,1956,1,,,,false,2026-08-28 16:04:39.3516419
1118813,"Fab Services, Inc.",Fab Services,https://www.fabservicesinc.com,fabservicesinc.com,337-261-5395,Lafayette,Louisiana,70506,United States,2010,1,,,,false,2026-09-16 11:29:26.6651284
1119642,"Groeschel Company, Inc.",Groeschel Company,http://www.groeschelco.com,groeschelco.com,920-795-4331,Malone,Wisconsin,53049,United States,1963,1,,,299900,false,2026-08-31 09:51:41.8687818
1130443,"IC Mechanical, Inc.",IC Mechanical,https://icmech.com,icmech.com,+18138184889,Tampa,Florida,33635,United States,1995,1,,,,false,2026-07-28 11:18:25.0709210
1130758,"Bayside Jet Drive, LLC",Bayside Jet Drive,https://baysidejetdrive.com,baysidejetdrive.com,+14106413040,Berlin,Maryland,21811,United States,2002,1,,,,false,2026-05-07 23:26:57.0687953
1133231,"Merit General Contractors, Inc.",Merit General Contractors,https://www.meritkc.com,meritkc.com,+19137477400,Olathe,Kansas,66061,United States,1991,1,,,,false,2025-04-05 01:34:59.9171436
1138644,"Keystone Tape and Label, Inc.",Keystone Tape and Label,http://www.keystonelabels.com,keystonelabels.com,405-631-2341,Oklahoma City,Oklahoma,73179,United States,1968,1,,,,false,2025-08-25 16:12:04.1366808
1146507,"Llewellyn and Associates, Inc. dba Construction Materials Lab. (CML)",CML,https://constructionmaterialslaboratory.com,constructionmaterialslaboratory.com,+18655736031,Knoxville,Tennessee,37902,United States,1943,1,,,,false,2026-09-25 10:21:36.1616510
1147918,"Greenland US Holding, Inc.",Greenland USA,https://greenlandusa.com,greenlandusa.com,718-701-6038,Brooklyn,New York,11201,United States,2013,4,722488,Greenland Holding Group Co. Ltd.,,false,2026-08-13 08:54:23.0659542
1160826,"Balance Vibration Technologies, Inc. (BVT)",BVT,https://balancevibration.com,balancevibration.com,+18666018935,Carrollton,Texas,75006,United States,2005,1,,,,false,2025-11-03 19:44:06.4679928
1161739,"Auria Capital, Inc.",Auria Capital,https://www.auriacap.com,auriacap.com,+12126261400,New York City,New York,10036,United States,1990,13,,,,false,2026-08-31 09:42:38.4576143
1162074,"Hultquist Capital, LLC",Hultquist Capital,http://www.hultquistcapital.com,hultquistcapital.com,+14159891131,San Francisco,California,94111,United States,1995,1,,,,false,2025-04-04 17:13:31.2130903
1166552,"ColdChain, LLC",Cold Chain,https://www.coldchainllc.com,coldchainllc.com,+12089479922,Boise,Idaho,83705,United States,2013,1,,,,false,2026-08-25 09:26:02.9827795
1171492,"Bio-Med Engineering, Inc.",Bio-Med Engineering,https://www.bio-medenginc.com,bio-medenginc.com,800-206-0346,Salt Lake City,Utah,84115,United States,1990,1,,,,false,2026-08-31 09:49:39.2500494
1173934,"Champion Crane Service, Inc.",Champion Crane Service,http://www.championcrane.com,championcrane.com,+15152661234,Des Moines,Iowa,50313,United States,1958,1,,,,false,2025-09-08 05:33:06.7317782
1173963,"West Coast Energy Systems, LLC",West Coast Energy Systems,https://energysystems.com,energysystems.com,+18008458519,Stockton,California,95206,United States,1933,1,,,,false,2026-07-09 07:05:48.1752361
1178003,The Law Offices of Deon R. Stein,The Law Offices of Deon R. Stein,http://www.deonstein.com,deonstein.com,916-640-0102,Sacramento,California,95825,United States,2000,1,,,,false,2025-04-04 18:59:27.8082491
1178216,"Foam Matrix, Inc.",Foam Matrix,http://www.foammatrix.com,foammatrix.com,+13106800777,Inglewood,California,90302,United States,1994,4,316592,"Ducommun, Inc.",,false,2025-09-18 04:57:39.4253738
1184827,"Ruskin Rooftop Systems, Inc. (RRS)",Ruskin Rooftop Systems,https://www.ruskinrooftopsystems.com,ruskinrooftopsystems.com,972-247-7447,Plano,Texas,75074,United States,1985,4,301549,Ruskin Co.,,false,2025-09-08 10:57:27.6310647
1187617,Gadsden Country Club,Gadsden Country Club,https://www.thegadsdencountryclub.com,thegadsdencountryclub.com,256-546-0451,Gadsden,Alabama,35901,United States,1919,1,,,,false,2025-08-26 13:18:26.5102283
1187809,Mayer Computer Services dba mPro3,mPro3,https://www.mpro3-server.com,mpro3-server.com,+18582726176,San Diego,California,92109,United States,1990,1,,,,false,2025-04-04 19:22:39.1707514
1188976,"Shamrock Irrigation and Landscape, Inc.",Shamrock Irrigation and Landscape,http://www.shamrockirrigation.com,shamrockirrigation.com,805-469-2100,Simi Valley,California,93063,United States,2000,1,,,,false,2026-08-24 08:36:40.8562039
1189363,"Theoharis Management, LLC",Theoharis Management,https://www.theoharis.com,theoharis.com,+12023870881,Washington,District of Columbia,20009,United States,1998,1,,,,false,2025-12-09 05:28:35.2993272
1193042,"Data Foundation, Inc.",Data Foundation,https://datafoundation.org,datafoundation.org,,Washington,District of Columbia,20005,United States,2016,5,,,,false,2026-09-19 16:49:26.4476887
1200184,"FanBeat, Inc.",FanBeat,https://www.fanbeat.com,fanbeat.com,+14806242599,Atlanta,Georgia,30319,United States,2014,2,,,,false,2025-04-04 19:01:29.1788849
1211291,"Tea Epicure, LLC",Tea Epicure,https://teaepicure.com,teaepicure.com,+17147064182,Benton Harbor,Michigan,49022,United States,2019,1,,,,false,2026-08-17 03:39:51.6082627
1211728,Certified eSupport Corp.,Certified eSupport,https://certifiedesupport.com,certifiedesupport.com,877-488-8280,Austin,Texas,78758,United States,2016,1,,,,false,2026-09-04 13:21:52.3953553
1211756,"The Perfect Answer, Inc. dba Torcom",Torcom,http://www.torcom.com,torcom.com,+18008324939,Madison,Wisconsin,53711,United States,1981,1,,,,false,2026-08-26 09:22:46.5069675
1212956,"Premier Enterprise Solutions, LLC",Premier Enterprise Solutions,https://www.pesolutions-it.com,pesolutions-it.com,+13012417986,Upper Marlboro,Maryland,20774,United States,2012,1,,,,false,2026-07-01 20:00:57.2243297
1217633,Diablo Molding and Trim Co.,Diablo Molding and Trim,https://diablomolding.com,diablomolding.com,+19255255482,Danville,California,94526,United States,2001,1,,,,false,2026-03-27 06:03:01.5069986
1219622,"MVC Consulting, Inc.",MVC,http://www.mvcconsulting.net,mvcconsulting.net,312-606-5555,Oak Brook,Illinois,60523,United States,1981,1,,,,false,2026-09-07 08:54:27.4465358
1221805,"Oconee Rental, Inc.",Oconee Rental,https://www.oconeerental.com,oconeerental.com,706-769-9390,Watkinsville,Georgia,30677,United States,2013,1,,,,false,2026-06-26 11:18:25.1724941
1223113,"Avail Outreach, LLC",Avail Outreach,http://www.availoutreach.com,availoutreach.com,+17205056293,Springfield,Virginia,22151,United States,2010,1,,,,false,2026-08-26 09:20:10.3031403
1226936,Karp's Homebrew Shop,Karp's Homebrew Shop,http://homebrewshop.com,homebrewshop.com,631-261-1235,East Northport,New York,11731,United States,1934,1,,,,false,2025-04-04 20:32:57.6097770
1230847,"Plaquemine Glass Works, Inc.",Plaquemine Glass,https://plaquemineglass.com,plaquemineglass.com,225-677-7569,Geismar,Louisiana,70734,United States,1948,1,,,,false,2026-07-24 21:42:02.5297650
1238140,"Utility Communications, Inc.",Utility Communications,http://utilitycommunications.com,utilitycommunications.com,+18004431306,Hamden,Connecticut,06514,United States,1970,1,,,,false,2026-07-09 19:07:54.4255188
1241403,Mold Masters Co.,Mold Masters,https://mmasters.org,mmasters.org,810-245-4100,Lapeer,Michigan,48446,United States,1974,1,,,,false,2025-12-24 16:00:06.5123636
1241689,"Avian Technologies, LLC",Avian Technologies,https://aviantechnologies.com,aviantechnologies.com,+16035262420,New London,New Hampshire,03257,United States,1999,1,,,,false,2026-06-03 02:05:58.1310754
1249427,"The Midson Group, Inc.",The Midson Group,http://themidsongroup.com,themidsongroup.com,303-778-0271,Denver,Colorado,80210,United States,2004,1,,,,false,2026-08-25 17:51:01.4643207
1249869,"Rogers & Callcott Environmental, Inc.",Rogers & Callcott Environmental,https://www.rogersandcallcott.com,rogersandcallcott.com,+18002632229,Greenville,South Carolina,29607,United States,1969,1,,,,false,2025-09-07 05:58:14.4013729
1252731,"Tilco Machine Works, Inc.",Tilco Machine Works,http://tilcomachine.com,tilcomachine.com,281-442-6242,Houston,Texas,77039,United States,1998,1,,,,false,2025-04-05 00:26:29.6158865
1253154,"Sundown Mfg, Inc.",Sundown,https://sundownmfginc.com,sundownmfginc.com,727-828-0826,Clearwater,Florida,33762,United States,2009,1,,,,false,2025-04-05 01:17:35.2548294
1255056,RHI Golf,RHI Golf,https://www.rhigolf.com,rhigolf.com,208-635-5203,Hayden,Idaho,83835,United States,2008,1,,,,false,2026-04-13 22:37:54.2575741
1256831,"Ebinger Iron Works, Inc.",Ebinger Iron Works Inc,https://www.ebingeriron.com,ebingeriron.com,570.385.3460,Schuylkill Haven,Pennsylvania,17972,United States,2023,1,,,,false,2025-09-24 13:56:04.1567214
1256969,"Dreicor, Inc.",Dreicor,https://dreicor.com,dreicor.com,+18286934266,Hendersonville,North Carolina,28793,United States,1979,1,,,,false,2026-09-10 09:13:56.5702627
1257011,Grease Master,Grease Master,http://greasemaster.com,greasemaster.com,+17048446907,Matthews,North Carolina,28106,United States,1972,1,,,,false,2026-02-05 00:32:33.9813877
1264169,Specialized Wood Products,Specialized Wood Products,http://thewoodcompany.com,thewoodcompany.com,574-522-6376,Elkhart,Indiana,46516,United States,1987,1,,,,false,2025-04-26 11:55:50.0004351
1269111,GM Printing,GM Printing,http://gmprintingny.com,gmprintingny.com,+13472181806,Long Island City,New York,11101,United States,1993,1,,,,false,2026-09-09 09:13:26.1391324
1270258,"Quadtrek Engineering, LLC",Quadtrek Engineering,http://quadtrek.com,quadtrek.com,+15305824533,Truckee,California,96161,United States,2000,1,,,,false,2026-08-21 18:02:37.7187822
1270848,"Commercial Apparel, Inc.",Commercial Apparel,http://commercialapparel.com,commercialapparel.com,636-462-2770,Troy,Missouri,63379,United States,1977,8,1598253,"Pic the Gift, LLC",,false,2025-05-12 22:21:15.1181631
1274254,"Cable Networking, Inc.",Cable Networking,http://cablenetworking.com,cablenetworking.com,301-212-9699,Gaithersburg,Maryland,20879,United States,1990,1,,,,false,2025-04-04 17:32:04.3657417
1290085,Comfort Air Corp.,Comfort Air,https://comfortairsav.com,comfortairsav.com,912-417-3660,Savannah,Georgia,31406,United States,1978,1,,,,false,2026-09-25 18:08:33.0391250
1294695,Costic Engineering Associates,Costic Engineering Associates,http://ww12.costic.biz,ww12.costic.biz,908-852-8656,Long Valley,New Jersey,07853,United States,2022,1,,,,false,2025-04-04 19:03:48.5581031
1297509,"Environmental Assessment & Remediations, Inc. (EAR)",EAR,https://enviro-asmnt.com,enviro-asmnt.com,+16314476400,East Patchogue,New York,11772,United States,1986,8,86743,"Labella Associates, P.C.",,false,2026-03-19 02:53:01.5417051
1301845,"US Ring Binder, LP",US Ring,https://www.usring.com,usring.com,+18008888772,St. Louis,Missouri,63139,United States,1913,2,,,,false,2025-09-14 13:28:13.3218223
1302085,"Overhead Door of Nova Scotia, Ltd.",Overhead Door of Nova Scotia,https://www.ohdns.ca,ohdns.ca,902-455-5469,Dartmouth,Nova Scotia,B3B 0A2,Canada,1956,1,,,,false,2026-04-02 22:28:25.4391418
1304922,Westflo Products,Westflo Products,https://westfloproducts.com,westfloproducts.com,713-473-9309,Pasadena,Texas,77506,United States,1988,1,,,,false,2026-08-26 08:42:05.5802155
1305333,Cranetech Inc,Cranetech,https://cranetechinc.com,cranetechinc.com,+16072957367,Arkport,New York,14807,United States,2004,1,,,,false,2026-09-07 08:54:27.4476413
1305918,"M.A.S. Enterprises, Inc.",M.A.S. Enterprises,http://masenterprises.org,masenterprises.org,909-989-5559,Rancho Cucamonga,California,91730,United States,1992,1,,,,false,2025-04-04 19:32:13.6843991
1312708,"Advanced Blasting Technology, Inc.",Advanced Blasting Technology,https://abtechinc.biz,abtechinc.biz,+12014596384,Watertown,New York,13601,United States,1997,1,,,,false,2025-04-23 03:52:39.5361825
1314928,"Deburr Master, Inc.",Deburr Master,https://www.deburrmasterinc.com,deburrmasterinc.com,+18003387205,Anaheim,California,92807,United States,2009,1,,,,false,2025-04-25 17:09:07.7268617
1320718,"Carefree Dock and Lift, LLC",Carefree Dock and Lift,https://carefreedock.com,carefreedock.com,+15176392292,Quincy,Michigan,49082,United States,2008,1,,,,false,2026-07-15 16:45:57.3652892
1321035,Quick Lift Incorporated,Quick Lift,http://quicklift.com,quicklift.com,800-737-9302,Miami Springs,Florida,33166,United States,1995,1,,,,false,2025-04-04 17:29:47.3348731
1321489,Essache Corp.,Essache,http://essache.com,essache.com,631-828-5680,Flushing,Ohio,11358,United States,2000,1,,,,false,2025-04-04 17:27:20.7654426
1321716,"Alpine Elk Ranch, Inc. dba Velvet Vitality",Velvet Vitality,https://www.velvetvitality.com,velvetvitality.com,509-863-2582,Priest River,Idaho,83856,United States,2001,1,,,,false,2026-07-06 03:53:47.4607304
1324416,Thomas Foods International USA (TFI USA),TFI USA,https://thomasfoodsusa.com,thomasfoodsusa.com,+18568323865,Swedesboro,New Jersey,08085,United States,1988,1,,,,false,2026-06-18 03:32:48.7512610
1325887,"Canuck Trailer Manufacturing, Ltd.",Canuck Trailer Manufacturing,https://canucktrailer.com,canucktrailer.com,+18773226825,Cartwright,Manitoba,R0K 0L0,Canada,2002,1,,,,false,2026-02-02 17:55:58.2008218
1327240,"SofStop, Inc.",SofStop,https://sofstop.com,sofstop.com,+17656492060,Anderson,Indiana,46016,United States,1975,1,,,,false,2025-09-13 08:42:38.7453450
1328696,Doors Incorporated,Doors,http://doorsinciowa.com,doorsinciowa.com,+15152888951,Des Moines,Iowa,50309,United States,1969,1,,,,false,2025-08-13 12:47:35.4430590
1330488,Carpet Cleaning Petaluma,Carpet Cleaning Petaluma,https://www.carpetcleaningpetaluma.com,carpetcleaningpetaluma.com,707-358-3050,Petaluma,California,94952,United States,2017,1,,,,false,2026-09-04 13:28:19.4990898
1334470,"Gate Control Systems, Inc.",Gate Control Systems,https://www.gatecontrolsystemsinc.com,gatecontrolsystemsinc.com,+17033681333,Manassas,Virginia,20110,United States,1993,1,,,,false,2026-09-15 22:30:25.1619881
1337192,"Benjamin Manufacturing, LLC",Benjamin Manufacturing,https://benjaminmfg.com,benjaminmfg.com,+17709411433,Lithia Springs,Georgia,30122,United States,1967,1,,,,false,2026-09-18 17:08:58.6878832
1341868,"Five Star Sheets, LLC",Five Star Sheets,https://fivestarsheets.com,fivestarsheets.com,+15746548058,New Carlisle,Indiana,46552,United States,1996,1,,,,false,2026-09-10 08:30:48.3726360
1347016,"Plant and Machinery, Inc. (PMI)",PMI,https://www.pmi-auction.com,pmi-auction.com,713-691-4401,Houston,Texas,77084,United States,1984,1,,,,false,2026-09-21 18:35:02.3121584
1359147,"Azul Arc, LLC",Azul Arc,https://azularc.com,azularc.com,+14044771605,Atlanta,Georgia,30318,United States,2006,1,,,,false,2026-06-28 19:32:55.5585030
1364634,"TestRack, Inc.",TestRack,https://www.testrack.com,testrack.com,941-720-0673,Bradenton,Florida,34205,United States,2005,1,,,,false,2026-06-27 23:43:05.7098769
1365533,"Remco Office Systems, Inc.",Remco Office Systems,http://remcoofficesys.com,remcoofficesys.com,937-436-2448,Dayton,Ohio,45440,United States,1985,1,,,,false,2025-04-04 18:47:02.0003099
1365839,"IT Landes Co., LLC",IT Landes,https://itlandes.com,itlandes.com,215-256-4221,Harleysville,Pennsylvania,19438,United States,1929,8,1065370,"HB-Global, LLC",,false,2025-05-28 18:22:49.7906301
1368453,"Galloway Orthopedics, LLC",Galloway Orthopedics,http://gallowayorthopedics.com,gallowayorthopedics.com,727-464-2867,Oldsmar,Florida,34677,United States,2015,1,,,,false,2026-09-10 17:18:21.0562808
1371272,"Siena Development Group, Inc.",Siena Development Group,https://sienadev.com,sienadev.com,+13478282324,Geneva,New York,14456,United States,2015,1,,,,false,2025-09-01 21:06:24.0258358
1373130,Elite Pain and Health PC,Elite Pain and Health,https://epainhealth.com,epainhealth.com,+18007811220,Oklahoma City,Oklahoma,73114,United States,2015,1,,,,false,2026-09-11 16:30:57.0790362
1376987,"Two Rivers Associates, LLC",Two Rivers Associates,http://tworiversassociates.com,tworiversassociates.com,+13147215707,St. Louis,Missouri,63105,United States,2010,13,,,,false,2025-04-04 19:39:29.6161669
1381892,"Central Iowa Radon, LLC",Central Iowa Radon,https://centraliaradon.com,centraliaradon.com,+15157243018,Des Moines,Iowa,50313,United States,2013,1,,,,false,2026-08-25 19:24:45.0029237
1391101,"Syzygy Technologies, Inc.",Syzygy Technologies,http://syzygy-tech.com,syzygy-tech.com,619-297-0970,San Diego,California,92130,United States,1995,1,,,,false,2025-04-04 19:44:33.8333608
1397741,"Mountain Heritage Systems, Inc. dba MHS Technologies",MHS Technologies,https://mhstechnologies.com,mhstechnologies.com,+18287330141,Newland,North Carolina,28657-7603,United States,1976,1,,,,false,2026-07-29 12:00:45.4454721
1398772,"Stainless Imports and Supply, Inc.",Stainless Imports and Supply,http://stainlessimports.com,stainlessimports.com,877-300-7473,Lakeland,Florida,33801,United States,1998,1,,,,false,2025-09-05 19:28:37.6811059
1400215,"GeoSearch, Inc.",GeoSearch,https://geosearch.com,geosearch.com,+17196327776,Colorado Springs,Colorado,80934,United States,1989,1,,,,false,2026-04-20 22:42:46.6237736
1404310,"Milestone Financial Planning, LLC (MFP)",MFP,https://milestonefinancialplanning.com,milestonefinancialplanning.com,+16035898010,Bedford,New Hampshire,03110,United States,2003,1,,,,false,2026-08-12 13:23:27.3655710
1407890,"Perfexia, Inc.",Perfexia,https://perfexia.ca,perfexia.ca,519-884-8650,Kitchener,Ontario,N2C 2G2,Canada,2000,1,,,,false,2026-04-24 08:11:26.6574045
1413918,"West Grey Premium Beef, Inc.",West Grey Premium Beef,https://www.premiumbeef.ca,premiumbeef.ca,+15193693163,Durham,Ontario,N0G 1R0,Canada,2003,1,,,,false,2026-08-03 08:29:01.7073156
1417919,"Atlantic Yacht & Ship, Inc.",Atlantic Yacht & Ship,https://atlanticyachtandship.com,atlanticyachtandship.com,+19549211500,Dania Beach,Florida,33004,United States,1959,1,,,,false,2026-06-29 06:47:58.2103907
1423016,"Clean Sweep Hydroblasting, Inc.",Clean Sweep Hydroblasting,https://cleansweephydroblasting.com,cleansweephydroblasting.com,561-793-1509,West Palm Beach,Florida,33412,United States,1996,1,,,,false,2026-08-01 21:44:05.8254587
1424437,"Vallotton Farms, Ltd.",Vallotton Farms,http://vallottonfarms.squarespace.com,vallottonfarms.squarespace.com,204-827-2287,Stockton,Manitoba,R0K 2E0,Canada,2003,1,,,,false,2025-04-04 18:56:05.6903012
1435781,Webster Computer Corp.,Webster Computer,http://webstercomputer.com,webstercomputer.com,319-789-0788,New Orleans,Louisiana,70126,United States,1970,1,,,,false,2025-05-13 08:01:21.9093694
1437367,"Cascade Concrete Sawing & Drilling, Inc.",Cascade Concrete Sawing & Drilling,https://www.cascadeconcretesawing.com,cascadeconcretesawing.com,+12063851589,Federal Way,Washington,98063,United States,1980,1,,,,false,2026-02-06 18:29:31.6163584
1449439,"Paper Products of Raleigh, Inc.",Paper Products of Raleigh,http://paperproductsusa.com,paperproductsusa.com,+19194604790,Cary,North Carolina,27513,United States,2005,1,,,,false,2025-04-25 10:31:06.6376210
1450115,Broderie Blainville,Broderie Blainville,https://www.broderieblainville.ca,broderieblainville.ca,450-971-0182,Mirabel,Quebec,J7N 0T3,Canada,1999,1,,,,false,2025-08-25 04:48:03.4536946
1462416,"Luminaire, LLC",Luminaire,https://luminaire.com,luminaire.com,+18553413620,Miami,Florida,33172,United States,1974,1,,,,false,2026-08-05 12:28:49.2015910
1463119,"Great Arrow Builders, LLC (GAB)",GAB,https://greatarrowbuilders.com,greatarrowbuilders.com,800-367-2884,Monaca,Pennsylvania,15061,United States,2015,11,,,,false,2025-12-08 14:43:51.8818681
1464900,"Amel Group, Inc.",Amel Group,https://amelgroup.ca,amelgroup.ca,647.245.5570,Mississauga,Ontario,L4T,Canada,2001,1,,,,false,2026-09-11 20:12:54.6072243
1472007,"Document Conversion Management, Inc. (DCM)",DCM,https://drawingspecialists.com,drawingspecialists.com,+18558582233,Lindsay,Ontario,K9V 5X4,Canada,2004,1,,,,false,2025-10-22 14:46:38.9084523
1473059,"Encore Labs, LLC",Encore Labs,https://encorelabs.com,encorelabs.com,626-696-3086,Pasadena,California,91107,United States,2017,1,,,,false,2025-05-08 08:42:32.0297846
1476832,passivhausMAINE (phME),phME,https://www.passivhausmaine.org,passivhausmaine.org,+12077109478,Freeport,Maine,04032,United States,2010,5,,,,false,2026-08-01 23:51:18.8084250
1478710,Dallas-Ft Worth Recruiter Network (DFWTRN),DFWTRN,https://www.dfwtrn.org,dfwtrn.org,,Sachse,Texas,75048,United States,1995,5,,,,false,2026-06-03 18:33:16.3997119
1478879,"Sorrellco, LLC",Sorrell,https://www.sorrellco.com,sorrellco.com,+17138401870,Houston,Texas,77005,United States,1993,1,,,,false,2025-09-05 00:22:34.4022450
1480407,St. Augustine Health Ministries,St. Augustine Health Ministries,https://staugministries.org,staugministries.org,+12166347400,Cleveland,Ohio,44102,United States,2012,5,,,,false,2026-09-21 13:29:02.5380247
1485179,"Endy Canada, Inc.",Endy Canada,https://www.ca.endy.com/,ca.endy.com,+18663043639,Toronto,Ontario,M5C 3E4,Canada,2015,4,815222,"Sleep Country Canada Holdings, Inc. dba Sleep Country Canada, Inc.",,false,2026-07-04 09:40:13.9827668
1509384,"Orexigen Therapeutics, Inc.",Orexigen Therapeutics,https://www.orexigen.com,orexigen.com,858-875-8600,La Jolla,California,92037,United States,2002,8,4491971,Pegasus Pharmaceuticals Inc,255000000,false,2026-08-17 10:29:50.3600463
1513233,"Florida Real Estate and Mortgages.com, LLC dba Richard Kenney Realty",Richard Kenney Realty,http://www.richardkenneyrealty.com,richardkenneyrealty.com,407-808-8080,Orlando,Florida,32809,United States,1981,1,,,,false,2025-04-04 17:49:31.4484606
1517325,City of Campbell,City of Campbell,https://www.campbellca.gov,campbellca.gov,+14088662100,Campbell,California,95008,United States,1952,10,,,,false,2026-07-07 05:51:03.5296163
1525729,"TAG Energy Partners, LLC",TAG Energy Partners,http://ww25.tagenergypartners.com,ww25.tagenergypartners.com,+12129937410,Manhattan,New York,10036,United States,2010,1,,,,false,2025-04-04 18:13:16.6361487
1527501,"Smart Solutions Unlimited, Inc.",Smart Solutions Unlimited,https://smartsuinc.com,smartsuinc.com,+13303188134,Youngstown,Ohio,44514,United States,2007,1,,,,false,2026-04-18 08:41:21.3633048
1534133,DigiPlay Gaming,DigiPlay Gaming,https://www.digiplaygaming.com,digiplaygaming.com,,Edmonton,Alberta,T5A 0A1,Canada,2019,2,,,,false,2025-04-04 18:14:00.4124808
1540940,St. Mark the Evangelist Catholic Church,St. Mark the Evangelist Catholic Church,https://www.stmarkevangelist.com,stmarkevangelist.com,210-494-1606,San Antonio,Texas,78232,United States,1976,5,,,,false,2026-09-17 09:12:59.0590527
1548869,"Accessibility Ventures, LLC",Accessibility Ventures,https://accessibilityventures.com,accessibilityventures.com,484-378-1824,Philadelphia,Pennsylvania,19147,United States,2017,1,,,,false,2026-09-10 08:55:30.6681848
1549325,"BBN Oil Recycling, Inc.",BBN Oil Recycling,https://www.bbnoilrecycling.com,bbnoilrecycling.com,+14407861888,Bedford,Ohio,44146,United States,1991,1,,,,false,2025-06-03 21:15:15.0944709
1553045,Business High Point-Chamber of Commerce (BHP-CC),BHP-CC,https://www.bhpchamber.org,bhpchamber.org,+13368825000,High Point,North Carolina,27262,United States,1919,5,,,,false,2026-05-26 08:48:23.1506361
1556428,"Structures Wood Care, Inc.",Structures Wood Care,https://structureswoodcare.com,structureswoodcare.com,218-963-4680,Nisswa,Minnesota,56468,United States,2003,1,,,,false,2026-04-21 09:07:33.0105933
1557227,"5 Star HVAC Contractors, LLC",5 Star HVAC Contractors,https://5starhvaccontractors.com,5starhvaccontractors.com,+19728451103,Rowlett,Texas,75088,United States,2008,1,,,,false,2026-08-12 10:16:24.1978169
1573514,"Rock Bottom Distillers, LLC",Rock Bottom Distillers,http://www.rockbottomdistillers.com,rockbottomdistillers.com,864-585-8215,Spartanburg,South Carolina,29307,United States,2015,1,,,,false,2025-06-27 19:08:38.3351972
1577579,Northstar Media Group,Northstar Media Group,http://northstarmediagroup.com,northstarmediagroup.com,+16176450045,Canton,Massachusetts,02021,United States,1998,1,,,,false,2026-07-28 01:35:04.0252821
1587074,Gulf of Mexico Fishery Management Council,Gulf of Mexico Fishery Management Council,https://gulfcouncil.org,gulfcouncil.org,813-348-1630,Tampa,Florida,33607,United States,1976,10,,,,false,2025-05-13 17:30:36.9986364
1587130,"Results Advertising and Production, Inc.",Results Advertising and Production,https://resultsadpro.com,resultsadpro.com,818-563-1820,Sherman,California,91423,United States,1985,1,,,,false,2025-09-08 02:50:54.3902209
1596807,"Unilever United States, Inc.",Unilever United States,https://www.unileverusa.com,unileverusa.com,+18002985018,Englewood Cliffs,New Jersey,07632,United States,1977,4,1816645,Unilever PLC,,false,2025-07-24 11:01:46.3432041
1597436,"OVR Tech, LLC",OVR Tech,https://www.ovrtechnology.com,ovrtechnology.com,+18023914172,Burlington,Vermont,05401,United States,2017,1,,,,false,2026-08-09 17:43:29.7369838
1600107,"Sri Trang USA, Inc. dba Ventyv",Ventyv,https://www.ventyv.com,ventyv.com,888-483-6898,Tampa,Florida,33607,United States,2004,1,,,,false,2026-06-20 10:05:24.3232497
1601810,"Arapaho PM, LLC",Arapaho PM,http://arapahopm.com,arapahopm.com,972-373-4479,Richardson,Texas,75081,United States,2019,1,,,,false,2025-04-04 20:06:12.6154312
1607476,SLATE Bistro and Craft Bar,SLATE Bistro and Craft Bar,https://theslatebistro.com,theslatebistro.com,+18053889888,Camarillo,California,93012,United States,2018,1,,,,false,2026-06-25 08:40:04.7879962
1609797,"Tongue River Electric Cooperative, Inc. (TRECO)",TRECO,https://tongueriverelectric.com,tongueriverelectric.com,+14067842341,Ashland,Montana,59003,United States,1946,5,,,,false,2026-04-23 02:50:41.3941618
1610489,"Integrated Surveillance and Defense, Inc. (ISD)",ISD,https://isr-def.com,isr-def.com,+15034270616,Wilsonville,Oregon,97070-9766,United States,2012,1,,,,false,2026-07-28 07:06:38.7802402
1611761,"Wood County Electric Cooperative, Inc. (WCEC)",WCEC,http://www.wcec.org,wcec.org,903-763-2203,Quitman,Texas,75783,United States,1942,5,,,,false,2026-04-26 17:52:42.0769801
1613286,"Franz Architects, Inc.",Franz Architects,https://franzarchitects.com,franzarchitects.com,+18177379922,Fort Worth,Texas,76109,United States,1983,1,,,,false,2025-10-31 10:37:30.4822687
1617540,The 3 Aprons Baking Co.,The 3 Aprons,https://www.the3aprons.com,the3aprons.com,216-810-6111,Albany,New York,12204,United States,2018,1,,,,false,2026-07-09 08:58:47.9581087
1619467,Denison Roofing.,Denison Roofing,https://denisonroofing.com,denisonroofing.com,+18316594677,Carmel Valley,California,93924,United States,1976,1,,,,false,2025-09-05 05:48:18.7323798
1621915,Benchmark Strategies LLC,Benchmark Strategies,https://www.benchmark-strategies.com,benchmark-strategies.com,+16174197107,Boston,Massachusetts,02108,United States,2014,1,,,,false,2026-09-16 20:09:19.2830530
1650167,Ka-Block!,Ka-Block!,http://kablock.com,kablock.com,,Denver,Colorado,80233,United States,2016,1,,,,false,2026-09-08 08:56:06.9428392
1650803,"Biologics International, Inc.",Biologics International,http://www.biologics-intl.com,biologics-intl.com,859-342-6450,Florence,Kentucky,41042,United States,1997,1,,,,false,2026-04-09 00:11:11.3056260
1657972,"Digital Concourse, Inc.",Digital Concourse,http://www.digitalconcourse.com,digitalconcourse.com,612-337-3526,Minneapolis,Minnesota,55405,United States,2003,1,,,,false,2025-05-13 22:01:09.2834808
1665597,"Blue Horizon Energy, LLC",Blue Horizon Energy,https://bluehorizonenergy.com,bluehorizonenergy.com,+19529445900,Hopkins,Minnesota,55305,United States,2009,1,,,,false,2026-06-18 21:58:18.9129188
1667338,"Eleva Media, LLC",Eleva Media,https://elevamedia.com,elevamedia.com,208-391-6404,Garden City,Idaho,83714,United States,2019,1,,,,false,2025-11-20 17:14:59.9752583
1676978,"Hampton Bates Public Relations, LLC",Hampton Bates Public Relations,https://hamptonbates.com,hamptonbates.com,+16035704816,Portsmouth,New Hampshire,03801,United States,2015,1,,,,false,2026-08-07 16:36:16.4096432
1679250,"Searle Creative Group, LLC",Searle Creative Group,https://searlecreative.com,searlecreative.com,+18056484403,Ventura,California,93003,United States,2000,1,,,,false,2026-05-08 04:13:21.1199135
1689164,"Strategic Hospitality Resources, Inc.",Strategic Hospitality Resources,https://www.strategichospitalityresources.com,strategichospitalityresources.com,,Short Hills,New Jersey,07078,United States,2005,1,,,,false,2026-06-19 21:15:14.9609873
1702496,"Gold Group Enterprises, Inc. dba GoMo Health",GoMo Health,https://gomohealth.com,gomohealth.com,855-228-4330,Asbury Park,New Jersey,07712,United States,2012,8,1513866,"Gold Group Enterprises, Inc.",2000000,false,2025-06-13 18:09:58.4958167
1704194,"Hite Health Solutions, Inc.",Hite Health Solutions,https://hitehealth.net,hitehealth.net,908-758-4004,Burlington,North Carolina,27215,United States,2019,1,,,,false,2025-04-04 20:09:31.5936637
1707314,"Marine Ecological Habitats, Inc.",Marine Ecological Habitats,https://www.marineeco.com,marineeco.com,+12072849694,Biddeford,Maine,04005,United States,2002,1,,,52408,false,2026-05-15 22:49:00.7389227
1714594,"Jaco Construction, Inc.",Jaco Construction,http://jacoconstructioninc.com/,jacoconstructioninc.com,+18329225608,Gilbert,Arizona,85297,United States,2004,1,,,,false,2025-05-14 02:02:17.8731498
1716065,"Hannay's, Inc.",Hannay's,https://www.hannaysinc.com,hannaysinc.com,+16127817416,Minneapolis,Minnesota,55413,United States,2000,1,,,,false,2026-08-13 09:30:03.6369453
1721175,"Premier Surgery Center of Pittsburgh, LLC",Premier Surgery Center of Pittsburgh,https://www.premierplasticsurgerypa.com,premierplasticsurgerypa.com,724-264-3608,Pittsburgh,Pennsylvania,15241,United States,2004,1,,,,false,2026-08-16 13:26:05.8499076
1721632,NerdFeedr,NerdFeedr,https://www.nerdfeedr.com,nerdfeedr.com,720-636-0889,Castle Rock,Colorado,80104,United States,2016,1,,,,false,2026-09-26 05:59:39.7422031
1723010,"Clear Wave Software, Inc.",Clear Wave Software,https://clearwavesoftware.com,clearwavesoftware.com,+12095957845,Modesto,California,95356,United States,2003,1,,,,false,2025-04-04 20:22:10.5384888
1729486,"Orange County Pathology Medical Group, Inc. (OCPMG)",OCPMG,https://www.ocpath.com,ocpath.com,+17142884044,Orange,California,92868,United States,1980,8,494640,"Newport Harbor Pathology Medical Group, Inc.",,false,2025-09-22 10:20:46.8839811
1739655,"Saskatoon Wholesale Tire Titan Mining Services, Ltd. (SWT Titan Mining Services)",SWT Titan Mining Services,https://www.swtire.com,swtire.com,+13062449512,Saskatoon,Saskatchewan,S7K 4B6,Canada,1994,8,606056,"Fountain Tire, Ltd.",,false,2025-04-05 01:22:31.9931064
1739913,"8bitstudio Design, LLC",8bitstudio Design,https://www.8bitstudio.com,8bitstudio.com,612-208-8248,Hutchinson,Minnesota,55350,United States,2005,1,,,,false,2026-09-22 11:08:03.3192650
1740262,"Hyperion Solutions, Inc.",Hyperion Solutions,https://www.hyperion-solutions.com,hyperion-solutions.com,+19012901600,Memphis,Tennessee,38118,United States,2016,2,,,,false,2025-11-08 00:49:14.3383631
1741415,"Empire Eye Physicians, P.S. (EEP)",EEP,https://empireeye.com,empireeye.com,+15099288040,Spokane,Washington,99216,United States,1946,1,,,,false,2026-06-12 17:07:48.8713096
1744734,"Mountain Comprehensive Care Center, Inc. (MCCC)",MCCC,https://www.mtcomp.org,mtcomp.org,800-422-1060,Prestonsburg,Kentucky,41653,United States,1966,5,,,,false,2025-11-27 15:28:27.2468806
1748961,"AMS Caregivers, Inc.",AMS Caregivers,http://www.amscaregivers.com,amscaregivers.com,+16109667033,Emmaus,Pennsylvania,18049,United States,1997,1,,,,false,2025-05-14 04:35:36.9950210
1750368,"Supreme Corq, Inc.",Supreme Corq,http://www.supremecorq.com/,supremecorq.com,+12533958712,Seattle,Washington,98102,United States,1992,1,,,,false,2025-04-04 20:16:34.5654572
1751650,"Healthtec Solutions, Inc.",Healthtec Solutions,https://healthtecsolutions.com,healthtecsolutions.com,+17166390155,Buffalo,New York,14228,United States,1995,1,,,,false,2025-05-27 21:11:39.0028714
1754359,"Cook Street Consulting, Inc.",Cook Street Consulting,https://www.cookstreetconsulting.com,cookstreetconsulting.com,303-333-7770,Englewood,Colorado,80111,United States,1999,1,,,,false,2026-05-06 11:40:57.0990053
1755863,Greenhouse SEO,Greenhouse SEO,https://greenhouseseo.com,greenhouseseo.com,,Toronto,Ontario,M6C 1A8,Canada,2016,1,,,,false,2026-09-13 04:42:54.3479930
1757701,"Bright Future Management, Inc.",Bright Future Management,http://www.brightfuturemanagementinc.com,brightfuturemanagementinc.com,515-300-4976,Clive,Iowa,50325,United States,2010,1,,,,false,2025-10-06 20:42:45.7502372
1763596,Todd Schaus CPA,Todd Schaus,https://toddschauscpa.com,toddschauscpa.com,714-788-3453,Tustin,California,92780,United States,2009,1,,,,false,2026-09-17 16:42:48.6532190
1763950,Datacequia,Datacequia,https://www.datacequia.com,datacequia.com,505-559-3413,Albuquerque,New Mexico,87101,United States,2019,1,,,,false,2025-05-14 05:51:27.1720067
1764793,"CreatiVertical, LC",CreatiVertical,https://creativertical.com,creativertical.com,+18162001267,Blue Springs,Missouri,64015,United States,2019,1,,,,false,2026-08-10 11:53:05.1595158
1767361,CPA Express,CPA Express,http://cpaexpress.info,cpaexpress.info,954-957-4310,Pompano Beach,Florida,33068,United States,2005,1,,,,false,2025-05-14 06:11:01.7683341
1770443,"Muirlands Capital, LLC",Muirlands Capital,http://www.muirlandscapital.com,muirlandscapital.com,,La Jolla,California,92037,United States,2014,13,,,,false,2026-09-11 19:52:45.7380782
1771682,"Infinia Search, Inc.",Infinia Search,https://www.infiniasearch.com,infiniasearch.com,+16104441490,Kennett Square,Pennsylvania,19348,United States,2016,1,,,,false,2026-07-11 17:51:37.4904771
1774074,"Modern HR, Inc.",Modern HR,https://www.modernhr.com,modernhr.com,+13106013260,Los Angeles,California,90005,United States,1982,1,,,,false,2026-07-06 11:32:45.6409039
1776567,Garden Fresh Restaurant Corp.,Garden Fresh Restaurant,https://gardenfreshcorp.com,gardenfreshcorp.com,,San Diego,California,92101,United States,1983,2,,,,false,2025-04-04 20:39:04.5236025
1781288,Wisconsin Public Service Corp. (WPSC),WPSC,https://www.wisconsinpublicservice.com,wisconsinpublicservice.com,+18004507260,Green Bay,Wisconsin,54307,United States,1883,4,479772,"WEC Energy Group, Inc.",,false,2026-09-14 01:10:49.6410881
1785057,"Matrics, Inc.",Matrics,https://www.matrics.io,matrics.io,,New York City,New York,10022,United States,2015,1,,,,false,2025-12-02 16:23:14.6559483
1788315,"Voyage Logistics, Inc.",Voyage Logistics,https://www.voyagelogistics.us,voyagelogistics.us,+18328995446,Richmond,Texas,77469,United States,2018,1,,,,false,2026-01-12 12:48:02.3265246
1797127,"LAM Global Transport Solutions, Inc.",LAM Global Transport Solutions,https://lam-world.com,lam-world.com,+12819314920,Miami,Florida,33142,United States,1944,1,,,,false,2025-09-04 14:57:31.6468807
1803506,"Jaster Engineering Technology (JET) Systems, LLC",JET Systems,https://www.myjetsystems.com,myjetsystems.com,+13014812106,Lexington Park,Maryland,20653,United States,2013,1,,,,false,2025-05-14 09:25:54.0067138
1812970,Club Prophet Software LLC,Club Prophet,https://www.clubprophet.com,clubprophet.com,+18665271806,Cheswick,Pennsylvania,15024,United States,1993,1,,,,false,2026-06-28 04:43:13.9986874
1813670,"Graff Group, Inc.",Graff Group,https://graffgroup.com,graffgroup.com,+19528294640,Eden Prairie,Minnesota,55347,United States,1993,1,,,,false,2026-09-07 08:37:04.3158560
1814804,Unser Karting & Events,Unser Karting & Events,https://unserkarting.com,unserkarting.com,720-282-5000,Denver,Colorado,80221,United States,2009,1,,,,false,2025-05-21 22:10:16.7028861
1815320,Cyctic Fibrosis Continuity of Care (CFCOC),CFCOC,https://cfcoc.com,cfcoc.com,407-730-0795,Orlando,Florida,32828,United States,2014,1,,,,false,2025-05-14 10:31:37.1163486
1817351,"Electronic Verification, LLC",Electronic Verification,https://elecver.com,elecver.com,702-939-6932,Logandale,Nevada,89021,United States,1990,1,,,,false,2025-04-04 18:23:24.5253321
1821255,Has Companies,HAS Companies,https://hascompanies.com,hascompanies.com,+13052030601,Sunrise,Florida,33323,United States,2001,1,,,,false,2025-09-12 20:49:49.0349636
1825215,Cash-Wa Distributing Company,Cash-Wa Distributing,https://web.cashwa.com,web.cashwa.com,+13082373151,Fargo,North Dakota,58102,United States,1934,1,,,,false,2026-08-07 02:58:09.1902745
1826316,"Martinez Medical Consulting, LLC",Martinez Medical Consulting,http://www.martinezmedicalconsulting.com,martinezmedicalconsulting.com,+18135915380,Valrico,Florida,33596,United States,2011,1,,,,false,2025-04-04 20:18:04.7211860
1828243,"Craftop Canada, Ltd.",Craftop Canada,https://craftop.com,craftop.com,+19053020558,Oakville,Ontario,L6M 3E3,Canada,2003,1,,,,false,2026-06-12 21:49:05.4272219
1834667,"Lorraine Press, Inc.",Lorraine Press,http://www.lorrainepress.com/,lorrainepress.com,+18019725626,Salt Lake City,Utah,84104,United States,1945,8,1834666,Lewis Creative Technologies (LCT),,false,2025-05-14 12:05:37.7070419
1834687,"Kenilworth Media, Inc.",Kenilworth Media,https://kenilworth.com,kenilworth.com,+19057717333,Richmond Hill,Ontario,L4B 3H7,Canada,1997,8,359884,Forum Media Group GmbH,,false,2025-05-14 12:07:04.6320825
1837031,"2NDNATURE Software, Inc.",2NDNATURE Software,https://www.2ndnaturewater.com,2ndnaturewater.com,+18314269119,Santa Cruz,California,95062,United States,2016,2,,,5150000,false,2025-09-08 23:47:35.7855100
1838018,Ageron Energy LLC,Ageron Energy,https://ageronenergyllc.com,ageronenergyllc.com,+12108294888,San Antonio,Texas,78209,United States,1994,2,,,,false,2026-02-15 11:56:59.6548925
1845670,Colin K. Dunn and Associates,Colin K. Dunn and Associates,http://www.pcrescuers.com,pcrescuers.com,571-213-5686,Woodbridge,Virginia,22191,United States,2004,1,,,,false,2025-05-14 13:01:35.4024589
1847325,"Toitures Steeve Arbor, Inc.",Toitures Steeve Arbor,https://toituressteevearbour.com,toituressteevearbour.com,581-703-5925,L'Ancienne-Lorette,Quebec,G2E 3C7,Canada,2008,1,,,,false,2026-08-18 09:09:48.7821618
1847585,"Jordahl and Sliter, PLLC",Jordahl and Sliter,https://jscpa.com,jscpa.com,+14067521040,Kalispell,Montana,59901,United States,1952,1,,,,false,2026-06-06 16:15:54.6205980
1849564,"Stout Construction, Inc.",Stout Construction,https://www.stoutconstructioninc.com,stoutconstructioninc.com,715-925-7777,Chetek,Wisconsin,54728,United States,2012,1,,,,false,2025-05-14 13:20:16.0530362
1850026,"S2 Helicopter Services, LLC",S2 Helicopter Services,https://www.s2helicopterservices.com,s2helicopterservices.com,325-762-0006,Albany,Texas,76430,United States,2015,1,,,,false,2025-05-14 13:26:00.0871636
1853582,"Americas Choice Commercial Building Inspections, LLC",Americas Choice Commercial Building Inspections,https://www.americaschoicecbi.com,americaschoicecbi.com,+17046248444,Charlotte,North Carolina,28209,United States,2013,1,,,,false,2026-06-11 15:05:51.7051566
1856490,"Kosmin Media Group, LLC",Kosmin Media Group,https://www.kosmin.com,kosmin.com,+12813580989,Kingwood,Pennsylvania,77339,United States,2008,1,,,,false,2026-08-08 00:04:13.8899707
1857200,"Air Technologies, Inc.",Air Technologies,http://www.airtechnologiestexas.com,airtechnologiestexas.com,+15122803398,Manchaca,Texas,78652,United States,1995,1,,,,false,2026-07-23 00:43:34.9369955
1873790,"D & J Auto Doctors, Inc.",D & J Auto Doctors,https://www.djautodoctors.com,djautodoctors.com,760-940-8952,Oceanside,California,92056,United States,2001,1,,,,false,2026-06-03 16:24:33.8544989
1874536,Easy Mode Media,Easy Mode Media,https://easymodemedia.com,easymodemedia.com,+15872007932,Edmonton,Alberta,T5N,Canada,2019,1,,,,false,2026-07-21 18:31:24.6967827
1883027,"Jack's Home Improvement, Inc.",Jack's Home Improvement,http://jackshomeimprovement.com,jackshomeimprovement.com,+16179537311,Davenport,Iowa,52802,United States,1993,1,,,,false,2026-04-21 15:50:23.4692999
1884520,ChampionVillage,ChampionVillage,http://www.championvillage.com,championvillage.com,719-648-9823,Cedar Fort,Utah,84013,United States,2011,2,,,,false,2025-04-04 18:44:00.1489665
1884720,"Alward Heating and Air Conditioning, Inc.",Alward Heating and Air Conditioning,https://www.alwardheatingandair.com,alwardheatingandair.com,+17578243122,Atlantic,Virginia,23303,United States,2005,1,,,,false,2026-08-19 12:50:50.2156819
1897255,"Crestline Transportation, Inc.",Crestline Transportation,https://www.crestlinetrans.com,crestlinetrans.com,+15418783467,Shady Cove,Oregon,97539,United States,2009,1,,,,false,2025-09-04 14:20:06.7014889
1898329,"Mental Performance Training, LLC dba Mental Performance Institute",Mental Performance Institute,https://mentalperformanceinstitute.org,mentalperformanceinstitute.org,+18477911825,Tampa,Florida,33629,United States,2018,1,,,,false,2026-08-14 23:26:41.0976282
1899392,"CARE Research, LLC",CARE Research,http://www.careresearchllc.com,careresearchllc.com,+19704930118,Fort Collins,Colorado,80524,United States,2010,1,,,,false,2025-10-02 04:12:12.6246793
1903626,"FounderPool, Inc.",FounderPool,https://founderpool.co,founderpool.co,,San Francisco,California,94102,United States,2020,2,,,,false,2025-04-05 05:27:10.4373311
1903675,"TrueFinancnial Technologies, Inc.",TrueFinancnial Technologies,http://www.truefinancialtechnologies.com,truefinancialtechnologies.com,+15169868783,New York City,New York,10026,United States,2015,1,,,,false,2025-04-04 20:35:50.6702755
1906004,Grays Harbor County,Grays Harbor County,https://www.graysharbor.us,graysharbor.us,360-249-3731,Montesano,Washington,98563,United States,1854,10,,,,false,2026-08-17 14:33:23.9284590
1912398,Ben Chan Photography,Ben Chan Photography,https://www.benchanphoto.com,benchanphoto.com,714-204-2369,Los Angeles,California,90013,United States,2012,1,,,,false,2025-04-04 20:29:21.2270805
1913065,Citizen Snap Photography,Citizen Snap Photography,http://citizensnap.net,citizensnap.net,628-226-8135,San Francisco,California,94123,United States,2013,1,,,,false,2025-04-04 20:03:10.1956837
1915468,"Nadastra, Inc.",Nadastra,https://www.nadastra.com,nadastra.com,508-836-5400,Southborough,Massachusetts,01772,United States,2006,1,,,,false,2025-12-01 07:58:55.0636120
1921233,"SmallTownPapers, Inc.",SmallTownPapers,http://www.smalltownpapers.com,smalltownpapers.com,360-427-6300,Shelton,Washington,98584,United States,1999,1,,,,false,2025-09-15 06:14:36.4171992
1927123,"Colorado Code Craft, Ltd.",Colorado Code Craft,http://coloradocodecraft.com,coloradocodecraft.com,+17204572071,Wheat Ridge,Colorado,80033,United States,2014,1,,,,false,2025-04-04 20:42:24.3284091
1929001,"Tangelo, LLC dba Interesante",Interesante,https://interesante.com,interesante.com,+16507991592,Palo Alto,California,94303,United States,2012,2,,,,false,2026-08-09 14:33:40.9893475
1934492,Nursing Home Ombudsman Agency of the Bluegrass (NHOA),NHOA,https://ombuddy.org,ombuddy.org,+18592779215,Lexington,Kentucky,40517,United States,1981,5,,,,false,2025-12-02 01:52:58.1078879
1937187,"Good Focus, LLC",Good Focus,https://good-focus.com,good-focus.com,,Miami Beach,Florida,33139,United States,2019,1,,,,false,2025-05-14 21:36:20.9904485
1944253,AH Ventures,AH Ventures,http://www.ahventures.com,ahventures.com,855-646-1390,Boston,Massachusetts,02114,United States,2001,13,,,,false,2025-04-04 18:53:40.6414809
1944998,Cambridge Biostrategy Associates LLC (CBA),CBA,https://www.cambiostrat.com,cambiostrat.com,+16174618164,Cambridge,Massachusetts,02138,United States,2016,1,,,,false,2025-09-07 15:13:21.2710878
1945933,Elk Peak Capital,Elk Peak Capital,http://www.elkpeakcapital.com,elkpeakcapital.com,609-653-1030,Linwood,New Jersey,08221,United States,2015,13,,,,false,2026-08-31 08:35:37.8609413
1955999,Foo.,Foo,https://www.foo.software,foo.software,,Bloomfield,New Jersey,07003,United States,2018,1,,,,false,2026-07-05 01:30:53.8075872
1957059,"JumpModel, Inc.",JumpModel,https://jumpmodel.com,jumpmodel.com,+15878814382,Edmonton,Alberta,T5J 1B9,Canada,2018,2,,,,false,2026-04-28 13:45:45.5349456
1964308,"Johnson Engineering Group, LLC",Johnson Engineering Group,https://johnsonenggrp.com,johnsonenggrp.com,+15078221521,Windom,Minnesota,56101,United States,1986,1,,,,false,2026-02-25 09:38:13.4358469
1969685,madebyescs,madebyescs,https://madebyescs.com,madebyescs.com,,Tampa,Florida,33602,United States,2019,1,,,,false,2026-09-26 08:47:19.4092704
1975669,"D.A.B. Appraisal Services, LLC",D.A.B. Appraisal Services,https://www.dabappraisalservices.com,dabappraisalservices.com,+16179696407,Yonkers,New York,10703,United States,1990,1,,,,false,2025-05-15 01:51:32.4080885
1976282,"DRJ Group, LLC",DRJ Group,https://drjfiresafety.com,drjfiresafety.com,563-732-2145,Wilton,Iowa,52778,United States,2012,1,,,,false,2026-08-27 08:38:42.0509984
1977626,Hawaii Investment Ready (HIR),HIR,https://hiready.net,hiready.net,+18083421037,Honolulu,Hawaii,96801,United States,2017,5,,,,false,2026-06-18 04:53:13.3077384
1980717,"Sunny Pahouja, D.D.S., Inc. dba Lifetime Smiles",Lifetime Smiles,https://www.lifetimesmilescincinnati.com,lifetimesmilescincinnati.com,+15136618586,Cincinnati,Ohio,45247,United States,2015,1,,,,false,2026-09-07 08:40:19.2315615
1980770,"D. KHIRIA D.D.S., Inc. dba Arden Oaks Dental Care",Arden Oaks Dental Care,http://www.ardenoaksdentalcare.com,ardenoaksdentalcare.com,916-485-5539,Sacramento,California,95825,United States,1965,1,,,,false,2026-06-24 00:19:35.9188645
1991277,"Onionshack Co., Ltd.",Onionshack,https://www.onionshack.com,onionshack.com,,New York City,New York,10001,United States,2017,2,,,307951,false,2025-09-02 12:59:07.5461901
2007179,"Blue Egg Advisory, LLC",Blue Egg Advisory,http://www.blueeggadvisory.com,blueeggadvisory.com,,Boulder,Colorado,80304,United States,2014,1,,,,false,2025-05-15 05:21:23.4426670
2010587,"Kaufman Chamber of Commerce, Inc.",Kaufman Chamber of Commerce,https://kaufmanchamber.com,kaufmanchamber.com,+19729323118,Kaufman,Texas,75142,United States,1911,1,,,,false,2025-11-21 06:21:39.1439275
2011739,"Exceed Electrical Contracting, LLC",Exceed Electrical Contracting,https://exceedec.com,exceedec.com,+13037203678,Broomfield,Colorado,80021,United States,2016,1,,,,false,2025-08-24 22:29:42.3033734
2011889,"Natural Stone Concepts of Naples, Inc.",Natural Stone Concepts of Naples,https://www.naturalstoneconceptsofnaples.com,naturalstoneconceptsofnaples.com,+12392631930,Naples,Florida,34104,United States,2010,1,,,,false,2025-09-07 04:27:45.5577147
2020516,"Arthritis, Autoimmune & Allergy, LLC","Arthritis, Autoimmune & Allergy",https://arthritisallergy.com,arthritisallergy.com,+13866760307,Daytona Beach,Florida,32117,United States,1993,1,,,,false,2026-02-10 01:32:19.8618250
2030207,Fiesta Mexican Restaurant,Fiesta Mexican Restaurant,https://www.fiestarestaurant.com,fiestarestaurant.com,+15092190552,Richland,Washington,99352,United States,2001,1,,,,false,2026-09-13 01:43:11.7180389
2031445,"Eastern Lowa Productions, LLC dba EMS Detergent Services",EMS Detergent Services,https://www.emsdetergent.com,emsdetergent.com,+13196652216,North Liberty,Iowa,52317,United States,1964,1,,,,false,2025-12-19 07:56:14.4472961
2035196,"A+Pro-Tech, LLC",A+Pro-Tech,https://aplusprotech.com,aplusprotech.com,+17024536653,Henderson,Nevada,89002,United States,2005,1,,,,false,2025-05-15 08:45:53.2308135
2041543,"AppealTech, LLC",AppealTech,https://www.appealtech.com,appealtech.com,212-213-3222,New York City,New York,10018,United States,1998,8,550534,Counsel Press Inc. (CP),,false,2026-04-08 07:12:45.5572641
2042776,Miller Titerle Law Corporation dba MT+Co.,MT+Co.,https://millertiterle.com,millertiterle.com,+16046814112,Vancouver,British Columbia,V6B 1E3,Canada,2009,1,,,,false,2026-07-16 23:22:53.6136460
2044002,"Referral Cleaning & Restoration, Inc.",Referral Cleaning & Restoration,https://referralfw.com,referralfw.com,+12604834383,Fort Wayne,Indiana,46805,United States,1977,1,,,,false,2026-09-14 09:51:34.3740310
2044853,"Loka Haus, LLC dba Loka.Haus",Loka.Haus,https://loka.haus,loka.haus,(800) 952-5210,Austin,Texas,78701,United States,2020,1,,,,false,2026-06-15 05:47:54.9973115
2045908,BlueLogik,BlueLogik,https://bluelogik.com,bluelogik.com,+17736832423,Chicago,Illinois,60657,United States,2018,1,,,,false,2025-09-05 19:42:16.1626263
2052370,"Head Over Meals, LLC",Head Over Meals,http://www.headovermealscatering.com,headovermealscatering.com,+16465042187,New York City,New York,10011,United States,2011,1,,,,false,2025-05-15 10:56:35.0085367
2053920,"Grand Isle Partners, LLC",Grand Isle Partners,https://grandislerestaurant.com,grandislerestaurant.com,+15045208530,New Orleans,Louisiana,70130,United States,2007,1,,,,false,2026-08-09 18:43:13.6185979
2058980,Boku Sushi & Grill,Boku Sushi & Grill,https://www.bokusushi.com,bokusushi.com,407-960-5577,Maitland,Florida,32751,United States,2016,1,,,,false,2025-04-04 19:03:13.2498130
2062311,Dining Purchasing Services,Dining Purchasing Services,https://www.diningpurchasingservices.com,diningpurchasingservices.com,757-220-9897,Williamsburg,Virginia,23185,United States,2010,1,,,,false,2025-05-15 12:13:08.9605911
2067673,Treedental,Treedental,https://www.treedental.com,treedental.com,+18456696266,Valley Cottage,New York,10989,United States,2009,1,,,,false,2026-07-15 04:33:56.6541319
2072124,Light Social Marketing,Light Social Marketing,https://lightsocialmarketing.com,lightsocialmarketing.com,+14026139879,Lincoln,Nebraska,68508,United States,2018,1,,,,false,2026-04-13 20:02:51.8763344
2072719,Lighthouse Hr Support,Lighthouse Hr Support,https://www.lighthousehrs.net,lighthousehrs.net,+19702437789,Grand Junction,Colorado,81501,United States,2019,1,,,,false,2026-04-20 23:36:43.6587176
2085110,Premier Properties,Premier Properties,https://ppsd.info,ppsd.info,619-754-4133,Chula Vista,California,91914,United States,2011,1,,,,false,2026-05-08 03:45:39.6130114
2091612,"Open Arms, Inc.",Open Arms,https://openarmsinc.org,openarmsinc.org,+12294311121,Albany,Georgia,31702,United States,1991,5,,,,false,2025-06-13 19:28:50.1054192
2097915,Genesis Shards (GS),Genesis Shards,https://www.genshards.com,genshards.com,416-538-5487,California City,California,93504,United States,2021,2,,,2700000,false,2025-06-18 09:02:31.8352416
2099519,"Affordable Fence Co., Inc.",Affordable Fence,http://www.affordablefencemuskegon.com,affordablefencemuskegon.com,231-780-4444,Muskegon,Michigan,49444,United States,2010,1,,,,false,2025-04-04 20:49:01.7696658
2103464,"Northern Valet, Inc.",Northern Valet,https://northernvalet.com,northernvalet.com,416-615-2493,Downtown Toronto (Berczy Park),Ontario,M5E,Canada,2001,8,15997976,"Indigo Parc Canada, Inc.",,false,2026-09-14 08:40:42.5454144
2104723,Home & About Homecare,Home & About Homecare,http://www.homeandabout.com,homeandabout.com,425-775-2676,Lynnwood,Washington,98087,United States,1999,1,,,,false,2025-05-15 17:25:29.7731041
2108741,"Red Morning Sun, Inc.",Red Morning Sun,https://reading.redmorningsun.com,reading.redmorningsun.com,732-321-6580,Edison,New Jersey,08820,United States,2015,1,,,,false,2026-07-06 08:18:12.5764154
2110064,"Arctic Refrigeration, L.C.",Arctic Refrigeration,https://www.arcticrefrigerationlc.com,arcticrefrigerationlc.com,319-232-0229,Waterloo,Iowa,50701,United States,1984,1,,,,false,2025-05-15 18:07:31.6585425
2110624,Alpen Mortgage,Alpen Mortgage,https://alpenmortgage.com,alpenmortgage.com,+17758511313,Reno,Nevada,89501,United States,2005,1,,,,false,2026-03-14 02:45:08.5433960
2124167,Calaveras Big Trees Association (CBTA),CBTA,https://bigtrees.org,bigtrees.org,+12097951196,Arnold,California,95223,United States,1974,5,,,,false,2026-08-08 12:02:28.4201286
2127035,"Gene Friend Vietnam, Ltd. dba Genetica",Genetica,https://genetica.asia,genetica.asia,+16072809867,San Francisco,California,94107,United States,2017,2,,,2500000,false,2026-08-16 12:52:54.8246903
2153370,Hoard's Dairyman Farm Creamery,Hoard's Dairyman Farm Creamery,https://www.hoardscreamery.com,hoardscreamery.com,+19205635551,Fort Atkinson,Wisconsin,53538,United States,1899,1,,,,false,2025-05-15 23:30:30.1849104
2160868,Mulligan's Manor,Mulligans Manor,https://www.mulligansmanor.com/,mulligansmanor.com,480-831-8727,Tempe,Arizona,85282,United States,2009,5,,,,false,2026-07-25 21:13:18.1020322
2162714,"CASON Beverage, LLC",CASON Beverage,https://drinkcason.com,drinkcason.com,888-888-8888,Detroit,Michigan,48226,United States,2014,1,,,,false,2025-05-16 00:41:45.4221856
2170439,"San Marco & Associates Private Investigations, Inc.",San Marco & Associates Private Investigations,http://www.sanmarcopi.com,sanmarcopi.com,727-579-3966,St. Petersburg,Florida,33702,United States,2003,1,,,,false,2025-05-16 01:35:29.6053795
2172286,"Halo Biosciences, Inc.",Halo Biosciences,https://halobiosciences.com,halobiosciences.com,,Stanford,California,94305,United States,2019,2,,,,false,2025-12-19 21:21:14.9719762
2173566,"Play Us Media, LLC",Play Us Media,https://www.playusmedia.com,playusmedia.com,302-924-5034,Dover,Delaware,19901,United States,2017,1,,,,false,2025-05-16 02:02:40.1705573
2190075,"Clarity Cosmetics, Inc. dba SEEN Hiar Care",SEEN Hiar Care,https://helloseen.com,helloseen.com,+14154076543,Bethesda,Maryland,20817,United States,2018,2,,,9000000,false,2026-04-28 07:43:57.5939531
2191516,"Olympia Vision Clinic and Contact Lens Center, PLLC",Olympia Vision Clinic and Contact Lens Center,https://www.olympiavisionclinic.com,olympiavisionclinic.com,360-357-6683,Olympia,Washington,98502,United States,1983,1,,,,false,2026-09-13 11:53:35.3359956
2194358,"Universal Rental Stores, Inc. dba MASI Plumbing, Heating & A/C","MASI Plumbing, Heating & A/C",https://masiplumbing.com,masiplumbing.com,+16038892331,Nashua,New Hampshire,03060,United States,1964,1,,,,false,2026-06-27 16:34:49.7622842
2199779,"Las Jaras Wines, LLC",Las Jaras Wines,https://lasjaraswines.com,lasjaraswines.com,,Sonoma,California,95476,United States,2014,1,,,,false,2026-08-16 18:51:40.8114440
2207351,Prince Georges Financial Services Corp. dba FSC First,FSC First,https://fscfirst.com,fscfirst.com,+13018836900,Upper Marlboro,Maryland,20774,United States,1978,5,,,,false,2025-12-29 01:46:28.1268506
2215612,Health Connect South (HCS),HCS,https://healthconnectsouth.com,healthconnectsouth.com,+14045801214,Smyrna,Georgia,30081,United States,2013,5,,,,false,2026-08-01 09:00:51.8167618
2219975,"Thermo Pac, LLC",Thermo Pac,https://www.thermopacllc.com,thermopacllc.com,770-934-3200,Stone Mountain,Georgia,30083,United States,1988,1,,,,false,2025-10-24 19:17:33.8416159
2223842,"Dealer Spike, LLC dba Fun Bike Center Motorsports",Fun Bike Center Motorsports,https://www.funbikecenter.com,funbikecenter.com,863-688-3333,Lakeland,Florida,33801,United States,1993,1,,,,false,2026-06-27 16:27:57.9760316
2235356,"Builder Advisor Group, LLC (BAG)",BAG,https://www.builderadvisorgroup.com,builderadvisorgroup.com,+14155610600,Corte Madera,California,94925,United States,1996,13,,,,false,2026-06-05 17:20:21.2161116
2243288,Happy Period,Happy Period,https://www.hashtaghappyperiod.org,hashtaghappyperiod.org,,Palmdale,California,93552,United States,2015,5,,,,false,2026-05-13 12:11:47.3219424
2246372,Space City Weather,Space City Weather,https://spacecityweather.com,spacecityweather.com,433.252.8525,Houston,Texas,77002,United States,2015,1,,,,false,2026-09-18 02:53:33.1569633
2253241,"Taza Technology, LLC",Taza Technology,https://tazatechnology.com,tazatechnology.com,,Houston,Texas,77002,United States,2018,1,,,,false,2026-08-21 16:19:06.9342262
2254759,Northeast Drinks Group LLC,Northeast Drink Group,https://www.ne-dg.com,ne-dg.com,,Middlebury,Connecticut,06762,United States,2021,1,,,,false,2025-09-04 14:42:20.8066121
2258065,"NuviaCafe, LLC",NuviaCafe,https://www.nuviacafe.com,nuviacafe.com,+18886094572,Knoxville,Tennessee,37909,United States,2013,1,,,,false,2025-09-06 12:03:10.7533104
2262779,"Closet Connection, LLC",Closet Connection,https://www.closetconnection.net,closetconnection.net,210-899-4564,San Antonio,Texas,78233,United States,2004,1,,,,false,2025-09-16 12:38:46.7391525
2268576,"Compliance Systems Management, LLC (CSM)",CSM,http://www.safetymanagers.com,safetymanagers.com,844-925-7233,San Ramon,California,94583,United States,1995,1,,,,false,2025-11-20 19:48:19.1364563
2270884,South Florida High Intensity Drug Trafficking Area (HIDTA),HIDTA,http://www.sflhidta.org,sflhidta.org,,Miami,Florida,33177,United States,1990,10,,,,false,2025-05-16 14:01:16.9549934
2289322,"Audio Excellent, LLC",Audio Excellent,https://www.audioexcellent.com,audioexcellent.com,+18477744619,Park Ridge,Illinois,60068,United States,2014,1,,,,false,2026-02-16 01:55:15.5369407
2289420,"Infigo Audio, Inc.",Infigo Audio,https://infigoaudio.com,infigoaudio.com,416-109-9222,Kelowna Southwest,British Columbia,V1W,Canada,2020,1,,,,false,2026-06-02 05:19:08.8531459
2297118,"Lost Leaf Publications, LLC dba One Earth Health",One Earth Health,https://oneearthhealth.com,oneearthhealth.com,310-433-6472,Los Angeles,California,90036,United States,2013,1,,,,false,2026-09-22 05:45:48.2228057
2305896,"Acquaintance Media, Inc.",Acquaintance Media,https://www.acquaintancemedia.com,acquaintancemedia.com,+18889876257,Concord,Ontario,L4K 4M3,Canada,2019,1,,,,false,2026-09-13 17:23:42.3314824
2306950,"GreenZoned, LLC",GreenZoned,https://www.greenzonedrealty.com,greenzonedrealty.com,+12484536202,Troy,Michigan,48084,United States,2025,1,,,,false,2026-06-26 08:03:08.5475008
2310555,TuLi Schools,TuLi Schools,http://tulischools.com,tulischools.com,,Manhattan,New York,10065,United States,2015,1,,,,false,2025-04-04 19:49:04.6207018
2311751,UPentreprise,UPentreprise,https://upentreprise.com,upentreprise.com,+18444728787,Lavaltrie,Quebec,J5T 1M1,Canada,2019,1,,,,false,2026-02-16 10:43:25.3039114
2311940,"PowerPlayer, Inc.",PowerPlayer,https://www.thepowerplayer.com,thepowerplayer.com,716-572-7787,Buffalo,New York,14207,United States,2014,1,,,,false,2025-09-09 16:43:07.0242360
2319978,Corfix Inc.,Corfix,https://www.corfix.com,corfix.com,+18332673491,Ottawa,Ontario,K1K 2A9,Canada,2018,2,,,,false,2026-09-11 15:43:32.8360927
2321873,"Humic Products Trade Association, Inc. (HPTA)",HPTA,https://humictrade.org,humictrade.org,480-624-2505,Williston,North Dakota,58802,United States,2010,5,,,,false,2026-07-02 12:51:40.4341426
2333930,"Wayne Women's Clinic, PA",Wayne Women's Clinic,https://www.waynewomensclinic.com,waynewomensclinic.com,+19197343344,Goldsboro,North Carolina,27534,United States,1957,1,,,,false,2025-12-19 10:54:04.5207087
2335276,"Golden East Investors, LLC",Golden East Investors,https://geinvestors.com,geinvestors.com,212-466-6490,New York City,New York,10019,United States,1980,1,,,,false,2026-03-21 09:38:02.2061065
2336951,"Jackson's Food Co., LLC",Jackson's Food,https://snackjacksons.com,snackjacksons.com,+12627577900,Muskego,Wisconsin,53150,United States,2012,2,,,,false,2026-09-12 02:15:21.3277152
2341141,"Cerberus Solutions, LLC",Cerberus Solutions,http://www.cerberussolutions.net,cerberussolutions.net,+17732807001,Chicago,Illinois,60618,United States,2014,1,,,,false,2026-08-27 08:54:43.9095513
2344038,"Uniforce Connections, Inc. dba TalkEnglish.com",TalkEnglish.com,https://www.talkenglish.com,talkenglish.com,+12067995951,Seattle,Washington,98102,United States,2004,1,,,,false,2026-09-24 22:56:03.4460516
2358609,"Green Landing Nursery, LLC",Green Landing Nursery,https://www.greenlandingnursery.com,greenlandingnursery.com,+13019520593,Upper Marlboro,Maryland,20772,United States,1992,1,,,,false,2026-07-03 16:55:20.2807724
2366731,Make a Scene Cards,Make a Scene Cards,https://www.makeascenecards.com,makeascenecards.com,,Austin,Texas,78751,United States,2018,1,,,,false,2026-07-05 05:30:49.7680000
2371040,Big Bear Real Estate,Big Bear Real Estate,https://www.bigbearrevt.com,bigbearrevt.com,802-744-6844,Newport,Vermont,05855,United States,1979,1,,,,false,2025-08-01 15:04:12.0862852
2379271,"All Day Comfort HVAC, Inc.",All Day Comfort HVAC,https://www.alldaycomfort1.com,alldaycomfort1.com,708-439-4447,Crestwood,Illinois,60418,United States,2018,1,,,,false,2025-04-28 20:04:13.4996309
2379818,"Greentech Fin, Inc.",Greentech Fin,https://greentechfin.com,greentechfin.com,+16785387015,Middletown,Delaware,19709,United States,2020,1,,,,false,2025-04-04 19:52:36.9556946
2385525,"Carnegie Financial, Inc.",Carnegie Financial,http://www.carnegiefinancial.com,carnegiefinancial.com,+13128280708,Chicago,Illinois,60681,United States,1990,1,,,,false,2026-09-15 09:36:45.5698596
2386716,"Article One Partners, LLC",Article One Partners,https://www.articleonepartners.com/,articleonepartners.com,+18887370772,New York City,New York,10022,United States,2008,4,1916620,RWS Holdings plc,15000000,false,2025-05-16 21:14:44.2757211
2390108,The Sweet Shoppe,The Sweet Shoppe,http://www.sweetshopppehodgenville.com/,sweetshopppehodgenville.com,270-358-0424,Hodgenville,Kentucky,42748,United States,2004,1,,,,false,2025-04-04 21:09:47.5160806
2391769,"Omega Behavior Analysis, LLC",Omega Behavior Analysis,https://omegabehavior.com,omegabehavior.com,+13526291940,Ocala,Florida,34471,United States,2016,1,,,,false,2026-08-19 02:34:24.9107978
2391986,"Bloom Behavior Services, LLC",Bloom Behavior Services,https://www.bloombehaviorhealth.com,bloombehaviorhealth.com,+14079005532,Orlando,Florida,32810,United States,2017,1,,,,false,2025-08-03 19:40:00.1931836
2394368,"JourneyTrack, Corp",JourneyTrack,https://www.journeytrack.io,journeytrack.io,+13059023436,Wilmington,Delaware,19808,United States,2021,2,,,1500000,false,2026-08-15 07:03:11.0413580
2397222,Harper Electric CIMS,Harper Electric CIMS,https://www.harperelectriccims.com,harperelectriccims.com,+19406004118,Denton,Texas,76205,United States,2015,1,,,,false,2026-08-13 21:17:55.2802779
2401759,"Boyce Equipment & Parts Co., Inc.",Boyce Equipment & Parts,https://www.boyceequipment.com,boyceequipment.com,+18007484269,Ogden,Utah,84401,United States,1963,1,,,,false,2026-07-04 10:24:06.7147967
2408326,BPF Solutions Group,BPF,https://bpfsolutions.com,bpfsolutions.com,+14162222909,Mississauga,Ontario,L4W 4Y1,Canada,1992,1,,,,false,2026-09-14 08:35:20.7351377
2420500,Over the Mountain Speech (OTM),OTM,https://otmspeech.com,otmspeech.com,205-531-8998,Birmingham,Alabama,35243,United States,2004,1,,,,false,2025-06-12 23:00:19.0965586
2423881,"Boston Harbor Pilots Association, LLC",Boston Pilots,http://www.bostonpilots.com,bostonpilots.com,617-569-4500,Boston,Massachusetts,02128,United States,1783,1,,,,false,2025-09-07 06:33:16.5767431
2425209,Jefferson School District,Jefferson School District,https://www.jeffersonschools.org,jeffersonschools.org,+17342895550,Newport,Michigan,48166,United States,1945,10,,,,false,2026-08-19 06:29:33.8001934
2428505,Sensiband,Sensiband,https://sensiband.com,sensiband.com,,Chicago,Illinois,60601,United States,2022,1,,,,false,2026-06-11 03:12:25.5679023
2429243,"TomCloud, Inc.",TomCloud,https://tom.cloud,tom.cloud,+18008084391,Santa Clara,California,95054,United States,2015,2,,,,false,2025-08-21 05:12:48.0642519
2430561,"Cahaba Water Solutions, Inc.",Cahaba Water Solutions,https://cahabawatersolutions.com,cahabawatersolutions.com,+12055002168,Birmingham,Alabama,35242,United States,2012,1,,,,false,2025-04-04 20:36:31.2417944
2431238,24Our Care,24Our Care,https://www.24ourcare.com,24ourcare.com,918-770-9416,Tulsa,Oklahoma,74119,United States,2016,1,,,,false,2026-06-28 04:48:12.9672925
2435694,"TJC and Associates, Inc.",TJC and Associates,https://tjcaa.com,tjcaa.com,+15102518980,Oakland,California,94607,United States,1998,1,,,,false,2025-11-06 02:33:56.6997211
2436285,"Liberty Automation, LLC",Liberty Automation,https://liberty-automation.com,liberty-automation.com,+15745240436,Albion,Indiana,46701,United States,2014,1,,,,false,2026-08-22 06:41:09.1824699
2446840,"Health Claims Resolutions, LLC",Health Claims Resolutions,http://www.healthclaimsresolutions.com,healthclaimsresolutions.com,760-479-0420,Encinitas,California,92023,United States,2004,1,,,,false,2026-08-25 08:51:07.5456347
2447986,"Joe Media Group, Inc.",Joe Media Group,https://www.joemediagroup.com,joemediagroup.com,+14032645400,Calgary,Alberta,T2N 0B8,Canada,2001,1,,,,false,2025-05-17 00:54:43.9782019
2456081,"Adventure Homes, LLC",Adventure Homes,https://adventurehomes.net,adventurehomes.net,+18775101948,Garrett,Indiana,46738,United States,2009,1,,,,false,2025-09-07 04:34:28.6216068
2460223,"Lenze Lawyers, PLC",Lenze Lawyers,https://www.lenzelawyers.com,lenzelawyers.com,310-322-8800,Manhattan Beach,California,90266,United States,2015,1,,,,false,2025-05-17 01:36:02.5102407
2461120,The Boondocks Down South,The Boondocks Down South,https://www.boondocksmercantile.com,boondocksmercantile.com,870-581-2695,Palestine,Arkansas,72372,United States,2017,1,,,,false,2025-04-04 21:16:30.3960493
2462132,STEM Impressionists Program (SIP),SIP,https://stemimpressionists.org,stemimpressionists.org,,Ashburn,Virginia,20146,United States,2014,5,,,,false,2025-09-10 04:18:18.7245797
2495175,Bongard Landscaping and Nursery,Bongard Landscaping and Nursery,https://bongardlandscaping.com,bongardlandscaping.com,+15617464240,Jupiter,Florida,33478,United States,2004,1,,,,false,2025-11-20 15:38:51.2428311
2497701,Greco International Corp.,Greco International,http://www.grecousa.com,grecousa.com,800-664-7404,Miami,Florida,33186,United States,1996,1,,,,false,2025-05-17 03:41:12.9166541
2498380,"Home Scape Services, LLC",Home Scape Services,https://homescape.org/,homescape.org,610-562-8700,Hamburg,Pennsylvania,19526,United States,1995,1,,,,false,2025-05-17 03:44:32.4264209
2499894,"20C, LLC",20C,https://20c.com,20c.com,312-423-2232,Chicago,Illinois,60654,United States,2012,1,,,,false,2026-09-10 09:25:17.1216810
2501067,"True Lawn Care & Landscaping, LLC",True Lawn Care & Landscaping,http://truelawncarellc.com,truelawncarellc.com,+18503643431,Tallahassee,Florida,32301,United States,2013,1,,,,false,2025-07-09 22:16:17.0172721
2502997,"Spectrum Associates, Incorporated",Spectrum Associates,http://www.spectrumassociates.org,spectrumassociates.org,202-302-7323,Pennsylvania Furnace,Pennsylvania,16865,United States,2002,1,,,,false,2026-08-24 09:14:04.6176905
2512231,High Opportunity Neighborhood Partners (HON Partners),HON Partners,https://honpartners.com,honpartners.com,+18884688084,Dallas,Texas,75201,United States,2019,1,,,,false,2026-09-26 08:53:10.6706031
2524099,Middlesex London OHT,Middlesex London OHT,https://mloht.ca,mloht.ca,,London,Ontario,N6E,Canada,2021,1,,,,false,2026-08-12 09:08:05.1445467
2526105,"Unity Engineering, Inc.",Unity Engineering,http://www.unityeng.com,unityeng.com,+13105307000,Torrance,California,90505,United States,2009,1,,,,false,2026-08-24 09:12:20.3718059
2541488,"North Carolina SweetPotato Commission, Inc.",North Carolina SweetPotato Commission,https://ncsweetpotatoes.com,ncsweetpotatoes.com,+19198941067,Benson,North Carolina,27504,United States,1961,5,,,,false,2026-08-14 08:18:41.0354836
2547627,American Sociological Association (ASA),ASA,https://www.asanet.org,asanet.org,+12023839005,Washington,District of Columbia,20005,United States,1905,5,,,,false,2025-05-17 06:29:54.8498991
2549221,"Talon, LLC",Talon,https://talon-llc.com,talon-llc.com,+16052710709,Sioux Falls,South Dakota,57105,United States,1998,1,,,,false,2026-06-18 21:40:47.1715888
2558876,Apostolic Christian Counseling and Family Services (ACCFS),ACCFS,https://accounseling.org,accounseling.org,+18773709988,Morton,Illinois,61550,United States,2006,5,,,,false,2026-08-14 03:33:19.1881777
2567122,"Meridian Radiology, Inc.",Meridian Radiology,https://www.meridian-radiology.com,meridian-radiology.com,317-925-0811,Indianapolis,Indiana,46262,United States,2000,1,,,,false,2026-05-27 09:30:11.9725232
2568901,Medical Learning Institute Inc (MLI),MLI,https://www.mlieducation.org,mlieducation.org,+16093331693,Tarpon Springs,Florida,34689,United States,2006,5,,,,false,2026-07-15 01:58:28.2114467
2575285,Capfluent Consulting,Capfluent,https://www.capfluent.com,capfluent.com,303-578-2754,Denver,Colorado,80233,United States,2010,1,,,,false,2026-07-14 13:27:15.1600551
2582770,"Nu-Wave Cleaning, LLC",Nu-Wave Cleaning,https://www.nuwavecleaning.com,nuwavecleaning.com,856-229-5965,Blackwood,New Jersey,08012,United States,2010,1,,,,false,2025-08-23 16:19:56.0814421
2607727,"Coalition to Cure CHD2, Inc. (CCC)",CCC,https://www.curechd2.org,curechd2.org,,Boise,Idaho,83716,United States,2020,5,,,,false,2026-08-05 12:12:49.5300892
2610570,"Richards/Lerma, Inc.",Richards/Lerma,http://richardslerma.com/,richardslerma.com,214-891-4100,Dallas,Texas,75231,United States,2009,1,,,,false,2025-04-04 19:55:36.2921537
2613468,WorldVenture,WorldVenture,https://worldventure.com,worldventure.com,+17202832000,Englewood,Colorado,80112,United States,1947,5,,,,false,2026-08-16 15:43:33.0167051
2616487,"American Tax Lien Association, LLC",American Tax Lien,http://www.americantaxlien.com,americantaxlien.com,+18327260050,Spring,Texas,77380,United States,2014,1,,,,false,2025-05-17 10:25:07.8488339
2622156,Bill Gray and Son Real Estate/Auction Co.,Bill Gray and Son Real Estate/Auction,http://www.billgrayrealestate.com,billgrayrealestate.com,731-335-3800,South Fulton,Tennessee,38257,United States,1950,1,,,,false,2026-05-13 07:12:28.8955501
2622573,"Brad Strebeck, Auctioneer","Brad Strebeck, Auctioneer",https://www.strebeckauctions.com,strebeckauctions.com,217-781-4131,Paxton,Illinois,60957,United States,2013,1,,,,false,2026-09-22 04:35:48.3146568
2623666,"E Squared Solutions, LLC",E Squared Solutions,https://www.esquaredsolutions.biz,esquaredsolutions.biz,+15712788111,Southern Pines,North Carolina,28387,United States,2013,1,,,,false,2025-08-11 13:24:00.7493801
2624308,"Property Face, Inc.",Property Face,https://propertyface.com,propertyface.com,,Los Angeles,California,90005,United States,2018,1,,,,false,2026-08-15 16:03:56.7148069
2626714,Proby's Tax & Accounting Service,Probys Tax Service,https://www.probystax.com,probystax.com,323-290-9034,Los Angeles,California,90008,United States,1984,1,,,,false,2026-04-08 02:47:47.5377091
2632977,bidtarter.com,bidtarter,https://bidtarter.com/,bidtarter.com,,Winchester,Indiana,47394,United States,2016,1,,,,false,2025-05-17 11:25:19.2100818
2633849,Kos Technologies Artificial Intelligence Corp.,Kos Technologies Artificial Intelligence,https://kostechnologies.ca/,kostechnologies.ca,905-709-2080,New York City,New York,10002,United States,2018,1,,,,false,2025-05-17 11:25:19.1739476
2638800,"Obstetrics & Gynecology of West Alabama, P.C.",Obstetrics & Gynecology of West Alabama,http://www.obgynwestal.com,obgynwestal.com,205-339-3039,Northport,Alabama,35476,United States,1999,1,,,,false,2025-08-26 01:18:57.4987962
2640040,Unilux VFC Corp. dba Unilux Suite Solutions,Unilux Suite Solutions,https://uniluxsuitesolutions.com,uniluxsuitesolutions.com,800-337-3967,Chicago,Illinois,60630,United States,1972,1,,,,false,2026-06-05 22:32:26.3905285
2645689,"Felixa, Inc. dba EMCEE",EMCEE,https://www.emcee.com,emcee.com,,New York City,New York,10002,United States,2021,1,,,,false,2026-09-26 07:09:15.9836075
2658176,Women's Real Estate Network (WREN),WREN,https://joinwren.com,joinwren.com,,Los Angeles,California,90034,United States,2016,1,,,,false,2026-08-21 05:54:35.9491971
2660634,WellFirst Health,WellFirst Health,https://wellfirsthealth.com,wellfirsthealth.com,866-514-4194,St. Louis,Missouri,63105,United States,2019,1,,,,false,2025-04-04 20:27:58.1820409
2663458,Paul Lewallen,Paul Lewallen,https://paullewallen.com,paullewallen.com,858-255-1192,San Diego,California,92137,United States,2005,1,,,,false,2025-05-15 18:17:32.2707757
2687389,"Integrated Logistic Services, LLC (ILSMD)",ILSMD,https://ilsmd.com,ilsmd.com,+12403916096,Greenbelt,Maryland,20770,United States,1999,1,,,,false,2026-06-06 09:25:04.5425579
2693254,"JB Lawn Care, LLC",JB Lawn Care,https://littleelmlawncare.com,littleelmlawncare.com,214-618-0090,Little Elm,Texas,75068,United States,2016,1,,,,false,2026-08-11 16:11:22.9136946
2694619,Aerial Evolution Association of Canada,Aerial Evolution Association of Canada,https://www.aerialevolution.ca,aerialevolution.ca,+16135265487,Ottawa,Ontario,K1R 5T9,Canada,2003,5,,,,false,2026-08-13 04:00:17.5646103
2696893,West Gray Creative,West Gray Creative,https://www.westgraycreative.com,westgraycreative.com,207-749-0298,Gray,Maine,04039,United States,2019,1,,,,false,2025-11-21 01:44:57.1048096
2699209,"Sarithm, Ltd.",Sarithm,https://sarithm.com/,sarithm.com,+12198017274,Broomfield,Colorado,80021,United States,2014,1,,,,false,2026-09-24 09:02:23.1682538
2699330,"S3 Management Group, LLC",S3 Management Group,https://s3managementgroup.com,s3managementgroup.com,+19729845275,McKinney,Texas,75070,United States,2017,1,,,,false,2025-08-20 03:43:34.4951715
2701560,Local T KC,Local T KC,https://localtkc.com,localtkc.com,+19135680855,Leawood,Kansas,66211,United States,2016,1,,,,false,2025-05-17 15:26:29.7963226
2707649,"SeedPod Cyber, LLC",SeedPod Cyber,https://seedpodcyber.com,seedpodcyber.com,+12676036043,Philadelphia,Pennsylvania,19103,United States,2021,3,,,,false,2026-07-22 13:33:04.4442786
2708250,Sibling Agency,SIBLING,http://www.siblingagency.com,siblingagency.com,,Austin,Texas,73344,United States,2019,1,,,,false,2025-05-17 15:51:39.5375056
2712990,"Landry Designs, LLC",Landry Designs,https://landrydesigns.com,landrydesigns.com,+18178353100,Arlington,Texas,76001,United States,1998,1,,,,false,2026-09-15 12:09:19.5858768
2720651,"Coaching Energy, Inc.",Coaching Energy,https://www.coachingenergy.net,coachingenergy.net,,Atlanta,Nebraska,68923,United States,2015,1,,,,false,2025-09-04 21:22:43.3602237
2727276,Appleton Barber Supply,Appleton Barber Supply,https://appletonbarbersupply.com,appletonbarbersupply.com,920-733-0456,Williamsport,Pennsylvania,17701,United States,1926,4,270807,The Stephan Co.,,false,2026-06-21 17:28:19.3799445
2728333,"AlcheMÉ Wellness, LLC",AlcheMÉ Wellness,https://www.alchemewellness.com,alchemewellness.com,,Tempe,Arizona,85284,United States,2022,1,,,,false,2025-05-17 16:59:55.6822538
2730008,Red7 Advertising,Red7 Advertising,http://red7.agency,red7.agency,844-733-7337,Andrews,South Carolina,29510,United States,2015,1,,,,false,2026-06-09 19:33:35.6112493
2740262,"Mode Realty, LLC",Mode Realty,http://www.moderealty.com,moderealty.com,+13124910100,Champaign,Illinois,61821,United States,2001,1,,,,false,2026-06-18 04:51:19.6146291
2743610,"Gronen, Inc.",Gronen,https://www.gronen.com,gronen.com,+15635577010,Dubuque,Iowa,52001,United States,1999,1,,,,false,2026-06-04 01:13:42.4638277
2746256,JW Media Store,JW Media Store,https://jwmediastore.com,jwmediastore.com,702-405-7777,Las Vegas,Nevada,89146,United States,2004,1,,,,false,2025-04-04 22:30:44.0761038
2761479,"Superior Ammunition, Inc.",Superior Ammunition,https://www.superiorammo.com,superiorammo.com,+18438303139,Summerville,South Carolina,29483,United States,1984,1,,,,false,2026-05-08 15:28:49.2606498
2766574,"2Shea Creative, LLC",2Shea Creative,https://2shea.com,2shea.com,614-481-0063,Columbus,Ohio,43216,United States,1987,1,,,,false,2025-09-08 05:04:10.1060024
2780465,"Paragon Management Group, Inc. (PMG)",PMG,http://www.paragon-mgt.com,paragon-mgt.com,+19147726310,Hollywood,Florida,33020,United States,2005,1,,,,false,2025-08-28 02:41:31.7382807
2784076,"Legacy Environmental, Ltd. (Legacy)",Legacy,https://www.legacyenvironmental.ca,legacyenvironmental.ca,+16048668768,North Vancouver,British Columbia,V7M 1E8,Canada,2021,1,,,,false,2025-09-10 06:13:59.3323161
2785212,A Bountiful Kitchen LLC,A Bountiful Kitchen,https://abountifulkitchen.com,abountifulkitchen.com,,North Salt Lake,Utah,84054,United States,1981,8,753707,"Feast & Fettle, Inc.",,false,2026-06-25 23:15:27.2910047
2785345,"AM Enterprise Solutions, LLC dba Pretty Pipe Shop",Pretty Pipe Shop,https://prettypipeshop.com,prettypipeshop.com,480-624-2505,Tempe,Arizona,85284,United States,2018,1,,,,false,2025-05-17 20:35:58.7672525
2796978,"Pittsburgh Entertainment Co., LLC",Pittsburgh Entertainment,https://www.pittsburghentertainmentcompany.com,pittsburghentertainmentcompany.com,+14126074155,Pittsburgh,Pennsylvania,15201,United States,2021,1,,,,false,2025-09-03 11:57:34.5640116
2801117,"Navi's Catering Kitchen, LLC",Navis Catering Kitchen,https://naviscateringkitchen.com,naviscateringkitchen.com,+14257120312,Lynnwood,Washington,98036,United States,2016,1,,,,false,2026-07-26 15:01:34.0048138
2801166,"Great Escapes With RC, LLC",Great Escapes With RC,https://www.greatescapeswithrc.com,greatescapeswithrc.com,253-300-5318,Federal Way,Washington,98093,United States,2018,1,,,,false,2025-05-17 21:29:51.9386036
2802233,"Michaelangelo's Sustainable Landscape and Design Group, Inc.",Michaelangelo's Sustainable Landscape and Design Group,https://www.landscapesandmore.com,landscapesandmore.com,+17709404336,Alpharetta,Georgia,30004,United States,2001,1,,,,false,2026-07-23 06:34:57.0772302
2802351,"The RM Group, LLC",The RM Group,http://thermgroupllc.com,thermgroupllc.com,+18003856145,Sugar Land,Texas,77478,United States,2019,1,,,,false,2025-04-10 12:40:10.2641918
2803571,"Electric Machine Control Systems, Inc. (EMCS)",EMCS,http://www.emcspdx.com,emcspdx.com,503-542-2821,Portland,Oregon,97283,United States,1979,1,,,,false,2026-09-18 18:59:32.0563365
2804653,Chicago Skin Clinic,Chicago Skin Clinic,https://www.chicagoskinclinic.com,chicagoskinclinic.com,773-286-8111,Chicago,Illinois,60641,United States,1981,1,,,,false,2026-08-09 06:33:51.0699591
2807273,"Lavoda Home Furniture, LLC",Lavoda Home Furniture,https://www.lavodafurniture.com,lavodafurniture.com,+13153160051,Utica,New York,13501,United States,2013,1,,,,false,2026-06-23 22:26:21.5720321
2807871,"EconoMe, LLC",EconoMe,https://economeconference.com,economeconference.com,+18017456609,Cincinnati,Ohio,45227,United States,2018,1,,,,false,2026-06-04 16:18:07.8531536
2809508,"JM Pazakis, Inc.",JM Pazakis,https://www.jmpazakis.com,jmpazakis.com,508-385-3677,South Dennis,Massachusetts,02660,United States,2019,1,,,,false,2026-09-18 02:28:05.5491119
2887380,Launch Coworking Space,Launch Coworking Space,https://launchcoworking.ca,launchcoworking.ca,+12042859511,Winnipeg,Manitoba,R3B 0V3,Canada,2016,1,,,,false,2026-09-21 23:04:16.1153666
3026164,"Irvine Access Floors, Inc.",Irvine Access Floors,https://irvineaccessfloors.com,irvineaccessfloors.com,+13016179333,Laurel,Maryland,20723,United States,1961,1,,,,false,2025-09-09 12:17:34.7537602
3126309,Professional Communicators LLC,Professional Communicators,https://www.procommunicators.com,procommunicators.com,+18667858255,Littleton,Colorado,80130,United States,2016,1,,,,false,2026-06-27 05:38:10.1478842
3270942,Creative Learning Exchange,Creative Learning Exchange,http://www.clexchange.org,clexchange.org,(978) 635-9797,Acton,Massachusetts,01720,United States,1991,5,,,,false,2025-04-05 05:30:28.3715243
3303002,AT- HOMECARE OF CT,AT- HOMECARE OF CT,https://www.athomecareofct.com,athomecareofct.com,+12037480103,Danbury,Connecticut,06810,United States,2019,1,,,,false,2025-10-11 11:37:45.7173196
3305953,Leisnoi Incorporated,Leisnoi,https://www.leisnoi.com,leisnoi.com,+19072226900,Anchorage,Alaska,99503,United States,1971,1,,,,false,2026-02-22 22:18:02.6030182
3372500,"AiResource Technologies, LLC",AiResource Technologies,https://www.airesource.com,airesource.com,+17606375056,Vista,California,92081,United States,1998,2,,,1227000,false,2026-09-08 08:57:45.0301636
3408192,"Bioenno Tech, LLC",Bioenno Tech,https://www.bioennotech.com,bioennotech.com,+17142347363,Santa Ana,California,92706,United States,2010,1,,,,false,2026-04-30 02:48:47.7296148
3464838,"Temenos, Inc. dba BehavioralOS",BehavioralOS,https://www.behavioralos.com,behavioralos.com,917-451-3350,New York City,New York,10001,United States,1985,1,,,,false,2025-09-07 07:42:24.2813001
3573549,"GO Consulting Services, Inc. (Go CS)",GO CONSULTING SERVICES,https://goconsultingservices.com,goconsultingservices.com,+14052146090,Shawnee,Oklahoma,74801,United States,,1,,,,false,2026-09-23 01:27:48.4977213
3577049,"Lawrence & Scott, Inc.",Lawrence & Scott,https://lawrenceandscott.com,lawrenceandscott.com,206-767-7899,Seattle,Washington,98108,United States,1961,1,,,,false,2026-06-23 06:32:57.2225554
3691358,"Salus Scientific, Inc.",Salus Scientific,https://salus-scientific.com,salus-scientific.com,+14032699424,Calgary,Alberta,T2R 1J6,Canada,2003,1,,,,false,2025-12-07 10:50:25.2003768
3784220,"GP Consulting, LLC","GP Consulting, LLC",https://www.consult-gp.com,consult-gp.com,318-516-3878,Monroe,Louisiana,71201,United States,2015,1,,,,false,2026-08-15 20:25:05.3091375
3870831,"IBC Insurance, LLC",IBC Insurance,https://ibcins.biz,ibcins.biz,712-777-2424,Sioux City,Iowa,51103,United States,2006,1,,,,false,2026-09-14 08:44:19.0389071
3871892,O'Brien Medicine,O'Brien Medicine,http://obrienmedicine.com,obrienmedicine.com,+16143447601,Dublin,Ohio,43017,United States,2016,1,,,,false,2025-11-26 01:12:36.8210358
3918178,BC Plumbing,BC Plumbing,https://bcplumbing.net,bcplumbing.net,502-634-9725,Louisville,Kentucky,40203,United States,1973,1,,,,false,2025-05-18 12:54:44.4099531
3941179,EASTIENOW!,EASTIENOW!,https://eastienow.com,eastienow.com,+18572460134,Boston,Massachusetts,02128,United States,2012,1,,,,false,2025-12-13 04:43:25.5257761
3942072,Global Ad Distribution,Global Ad Distribution,http://globalhd.com,globalhd.com,702-830-7937,Las Vegas,Nevada,89123,United States,2019,1,,,,false,2025-09-09 11:53:12.9566751
4012686,"Metis Health, LLC",Metis Health,https://www.metishealth.org,metishealth.org,+12024555011,Gaithersburg,Maryland,20878,United States,2017,1,,,,false,2025-12-11 01:10:44.7516718
4042823,"North End Properties, Inc.",North End Properties,https://www.northendprops.com,northendprops.com,+16035823838,Manchester,New Hampshire,03101,United States,1991,1,,,,false,2026-02-16 10:22:29.8045555
4110666,"Electrical Service and Systems Installation, Inc.",ESSI,https://essibuf.com,essibuf.com,+17168268707,Buffalo,New York,14210,United States,1989,1,,,,false,2026-09-14 09:59:08.8980538
4171240,"K&M Search Partners, LLC dba KM Partners",KM Partners,https://www.kmcompanies.com,kmcompanies.com,,Denver,Colorado,80217,United States,2016,1,,,,false,2026-07-15 14:15:15.9507604
4220078,Commonwealth Funds,Commonwealth Funds,https://www.commonwealthfunds.com,commonwealthfunds.com,888-345-1898,Houston,Texas,77024-3925,United States,2000,1,,,,false,2026-06-04 04:20:49.9219128
4238075,"Bitmotive, LLC",Bitmotive,https://bitmotive.com,bitmotive.com,+18136753153,Tampa,Florida,33602,United States,2013,1,,,,false,2026-05-24 22:50:38.5826223
4324784,Stonewater Partners,Stonewater Partners,https://www.stonewaterpartners.com,stonewaterpartners.com,+12122204094,New York City,New York,10022,United States,2018,1,,,,false,2026-09-16 09:47:45.9946813
4390904,"Verité Healthcare Consulting, LLC",Verité Healthcare Consulting,http://veriteconsulting.com,veriteconsulting.com,+12023527159,Alexandria,Virginia,22314,United States,2006,1,,,,false,2026-07-31 17:33:35.6313437
4438896,"Physiorx, LLC",Physiorx,http://physiorx.com,physiorx.com,+14077185549,Ocoee,Florida,34761,United States,2001,1,,,,false,2026-06-01 10:50:05.4309959
4490390,"Grillo's Pickles, Inc.",Grillo's Pickles,https://www.grillos.com,grillos.com,+18575752285,Westwood,Massachusetts,02090,United States,2008,8,294172,"King's Hawaiian Holding Co., Inc.",,false,2025-05-18 21:45:01.0218485
4492936,Tanque Verde Unified School District (TVUSD),TVUSD,https://www.tanqueverdeschools.org,tanqueverdeschools.org,+15207495751,Tucson,Arizona,85749,United States,1885,12,,,,false,2026-08-07 18:43:47.3736527
4574065,PAISLEY PROFESSIONAL SERVICES INC,PAISLEY PROFESSIONAL SERVICES,https://servproencinoshermanoaks.com,servproencinoshermanoaks.com,+18189956444,Encino,Texas,91316,United States,2022,1,,,,false,2025-08-14 22:15:42.0419753
4623838,Cancer Support Community Los Angeles (CSCLA),CSCLA,https://cancersupportla.org,cancersupportla.org,+13103142555,Los Angeles,California,90025,United States,1982,5,,,,false,2026-01-04 09:29:07.8926108
4642731,Providence Volunteer Fire Department,Providence Volunteer Fire Department,http://providencevfd.com,providencevfd.com,+17048461111,Weddington,North Carolina,28104,United States,1954,5,,,,false,2025-08-17 00:38:49.9213087
4663212,Enfinite Corp.,Enfinite,https://www.enfinite.com,enfinite.com,+15877474050,Calgary,Alberta,T2P 3H9,Canada,2018,1,,,,false,2026-06-09 14:25:44.4167635
4723451,M247,M247,https://m247.net,m247.net,+18442846247,St. Petersburg,Florida,33701,United States,2018,1,,,,false,2026-03-21 05:42:49.2618899
4805828,WUCF,WUCF,https://www.wucf.org,wucf.org,+14078230899,Orlando,Florida,32826,United States,2012,5,,,,false,2026-06-21 19:57:36.8210549
4837943,Fike's Roofing & Construction,Fike's Roofing & Construction,https://fikesroofing.com,fikesroofing.com,+13604900013,Shelton,Washington,98584,United States,2023,1,,,,false,2025-11-21 02:09:16.1162425
4938766,Bergamot Asset Management LP,Bergamot Asset Management LP,https://bergamotam.com,bergamotam.com,+1 609 917 7900,Princeton,New Jersey,08540,United States,2019,1,,,,false,2026-07-15 16:08:28.9268474
4969730,"Apex Tool Company, Inc","Apex Tool Company, Inc",https://www.apexinds.com,apexinds.com,812-579-5478,Columbus,Indiana,47203,United States,1975,1,,,,false,2026-09-11 18:40:43.6393324
5204053,ALIGNMT LLC,ALIGNMT,https://alignmt.com,alignmt.com,+19492730390,Irvine,California,92614,United States,2012,1,,,,false,2026-08-02 10:50:23.8456554
5207744,KIEL ENTERPRISES LLC,KIEL ENTERPRISES LLC,https://kielenterprisesllc.com,kielenterprisesllc.com,(602) 571-7743,Glendale,Arizona,85310,United States,2010,1,,,,false,2026-02-25 22:53:51.2817199
5510172,Wolcott College Prep,Wolcott College Prep,https://wolcottcollegeprep.org,wolcottcollegeprep.org,+13126104927,Chicago,Illinois,60622,United States,1966,12,,,,false,2026-03-02 05:01:02.8512307
5631175,Aileron Group LLC,Aileron Group,https://aileron.ai,aileron.ai,,San Diego,California,92101,United States,2019,2,,,,false,2026-09-09 08:51:57.7258330
5860331,StoneHarbor Capital Corp,StoneHarbor Capital,https://www.stoneharborcapital.com,stoneharborcapital.com,+13235059222,Villanova,Pennsylvania,19085,United States,2014,1,,,,false,2026-08-31 21:28:09.0903753
5870074,"Civil Solutions Group, Inc.",Civil Solutions Group,https://civilsolutionsgroup.net,civilsolutionsgroup.net,+14352133762,Providence,Utah,84332,United States,2009,1,,,,false,2026-05-15 00:03:26.5515313
5890056,Japanese American National Museum (JANM),JANM,https://www.janm.org,janm.org,+12136250414,Los Angeles,California,90012,United States,1992,5,,,,false,2026-08-06 07:09:03.9428771
5976788,Sylvan Dale Guest Ranch,Sylvan Dale Guest Ranch,https://www.sylvandale.com,sylvandale.com,+19706673915,Loveland,Colorado,80538-9763,United States,1946,1,,,,false,2026-09-21 10:53:13.0202573
6012207,Charlotte City Tennis,Charlotte City Tennis,https://www.charlottecitytennis.com,charlottecitytennis.com,+17042849844,Charlotte,North Carolina,28217,United States,2012,1,,,,false,2026-02-17 11:29:02.5654691
6111272,St. Bonaventure Indian Mission & School,St. Bonaventure Indian Mission & School,https://www.stbonaventuremission.org,stbonaventuremission.org,+15058627847,Thoreau,New Mexico,87323,United States,1974,5,,,,false,2026-06-11 07:58:28.2537979
6115510,Morris Nilsen Funeral Chapel,Morris Nilsen Funeral Chapel,https://www.morrisnilsen.com,morrisnilsen.com,+16128693226,Richfield,Minnesota,55423,United States,1958,1,,,,false,2026-05-03 18:28:07.4754548
6191995,ELS Risk Corporation,ELS Risk,https://www.elsriskcorp.com,elsriskcorp.com,+19059755295,Mississauga,Ontario,L5H 1A1,Canada,2020,1,,,,false,2026-09-20 13:56:02.3860263
6371722,"R Collision Auto Body, Inc.",R Collision Auto Body,http://www.rcollision.com,rcollision.com,+16313920788,Deer Park,New York,11729,United States,2017,1,,,,false,2025-05-11 22:40:33.8293308
6614705,"Roselius Insurance Agency, Inc",Roselius Insurance Agency,https://www.roseliusinsurance.com,roseliusinsurance.com,+19378394661,West Alexandria,Ohio,45381,United States,1911,1,,,,false,2026-05-14 14:23:16.4705848
6628303,"J Martin Indoor Air Quality, LLC",J Martin Indoor Air Quality,https://www.jmartiniaq.com,jmartiniaq.com,+17144060894,Yorba Linda,California,92887,United States,2014,1,,,,false,2026-07-04 21:16:44.5177336
6643433,Better Living Through Coffee,Better Living Through Coffee,https://bltcoffee.com,bltcoffee.com,+13603853388,Port Townsend,Washington,98368,United States,2009,1,,,,false,2026-08-18 09:36:28.3737143
6714398,"Platinum Event Planning & Management, LLC",Platinum Event Planning & Management,https://www.platinumeventplanning.com,platinumeventplanning.com,+13104982853,Beverly Hills,Tennessee,90209,United States,2019,1,,,,false,2026-02-17 04:08:03.1751572
6734986,"Somasoft Solutions, Inc.",Somasoft Solutions,https://somasoftsol.com,somasoftsol.com,+14082433300,San Jose,California,95131,United States,2008,1,,,,false,2026-05-03 22:39:04.3911477
6802116,Concord Optical Co.,Concord Optical,https://www.concord-optical.com,concord-optical.com,+19783696707,Concord,Massachusetts,01742,United States,1968,1,,,,false,2025-05-21 11:35:15.9549737
6913343,Robertson Cosmetic Center,Robertson Cosmetic Center,https://robertsoncosmeticcenter.com,robertsoncosmeticcenter.com,+16088364044,Middleton,Wisconsin,53562-1765,United States,2003,6,,,,false,2026-07-05 01:08:53.4501222
6964388,Oakhaven Pottery,Oakhaven Pottery,https://oakhavenpottery.com,oakhavenpottery.com,+19202904690,Wautoma,Wisconsin,54982,United States,2008,1,,,,false,2026-01-06 00:40:43.5343075
7091241,"Elmwood Eye Center, P.C.",Elmwood Eye Center,https://elmwoodeye.com,elmwoodeye.com,+17178482520,York,Pennsylvania,17403,United States,1985,1,,,,false,2025-04-05 14:12:49.2156571
7435667,CWB Resource Group,CWB Resource Group,https://www.cwbresourcegroup.com,cwbresourcegroup.com,+12032170200,Cheshire,Connecticut,06410,United States,1995,1,,,,false,2025-07-17 06:02:02.2945612
7617368,Cheraw Chamber,Cheraw Chamber,http://www.cherawchamber.com,cherawchamber.com,+18435377681,Cheraw,South Carolina,29520,United States,2012,5,,,,false,2026-06-25 15:47:51.7831969
7631898,"CAP Services, Inc.",CAP Services,https://capservices.org,capservices.org,+17153437500,Stevens Point,Wisconsin,54481,United States,1966,5,,,,false,2026-09-24 06:49:42.0776874
7641246,Easy Dental Solutions,Easy Dental Solutions,http://easydentalsolutionsok.com,easydentalsolutionsok.com,+18556461390,Oklahoma City,Oklahoma,73159,United States,,1,,,,false,2025-12-17 21:39:50.9162223
7646341,Arboretum Dental.,Arboretum Dental,http://arboretumdental.com,arboretumdental.com,+19103500441,Wilmington,North Carolina,28403,United States,2023,1,,,,false,2026-09-22 00:02:21.9103714
7691938,"Progressive Psychiatric Services, PLLC",Progressive Psychiatric Services,https://www.progressivepsychiatric.com,progressivepsychiatric.com,+16038365584,Bedford,New Hampshire,03110,United States,2020,1,,,,false,2026-08-03 15:56:16.1790980
7790115,The Common Foundation,The Common Foundation,https://thecommononline.org,thecommononline.org,+14135425453,Amherst,Massachusetts,01002,United States,2011,5,,,,false,2026-08-15 15:10:58.6648124
7826553,KinshipCareCA.org,KinshipCareCA.org,https://kinshipcareca.org,kinshipcareca.org,+18778546744,South Pasadena,California,91030,United States,2020,1,,,,false,2025-08-22 22:37:50.1345260
7906788,Noah Agency,Noah Agency,https://www.noah.la,noah.la,,Austin,Texas,78757,United States,2015,1,,,,false,2026-05-20 11:50:47.1559916
7930387,"PAG Consulting, Inc.",PAG Consulting,https://pagconsulting.us,pagconsulting.us,+17139720861,Sugar Land,Texas,77479,United States,2007,1,,,,false,2025-11-20 12:14:57.9349013
7933318,Western Carolina Center for Oral Surgery & Dental Implants,Western Carolina Center for Oral Surgery & Dental Implants,https://www.wc-oms.com,wc-oms.com,+18642295733,Greenwood,South Carolina,29646,United States,2001,1,,,,false,2026-02-03 10:10:11.3674205
8015992,Empire Coach Lines Inc,Empire Coach Lines,https://empirecoachline.com,empirecoachline.com,+14078882624,Orlando,Florida,32824,United States,2006,1,,,,false,2026-09-13 20:08:05.2681497
8081928,Sweet Value,Sweet Value,https://sweetvalue.com,sweetvalue.com,718-233-3969,Brooklyn,New York,11205,United States,2021,1,,,,false,2026-01-10 00:15:50.9749168
8141553,Killington Pico Realty,Killington Pico Realty,https://killingtonpicorealty.com,killingtonpicorealty.com,+18024223600,Killington Village,Vermont,05751,United States,2013,1,,,,false,2026-06-22 16:42:58.5338681
8186319,CHRISTMAS AIR CONDITIONING & HEATING LLC,CHRISTMAS AIR CONDITIONING & HEATING LLC,https://christmasair.com,christmasair.com,+19724356131,Flower Mound,Texas,75022,United States,2013,1,,,,false,2026-08-16 07:16:12.3932700
8188826,Aspire Software,Aspire Software,https://www.aspiresoftware.com,aspiresoftware.com,+15143167647,Saint-Laurent-d'Orleans,Quebec,H4T 1A5,Canada,2016,13,,,,false,2025-06-04 01:34:08.7924729
8261622,Comeonln Antiques,Comeonln Antiques,http://comeoninantiques.com,comeoninantiques.com,417-935-9112,Seymour,Missouri,65746,United States,2000,1,,,,false,2025-04-05 02:00:05.9477054
8385202,Slovacek's,Slovacek's,https://www.slovacekwesttexas.com,slovacekwesttexas.com,+1 254-826-4525,West,Texas,76691,United States,1957,1,,,,false,2026-01-16 07:50:41.3215132
8389006,"Dandi Guaranty Pest Solutions & Termite Protection, LLC",Dandi Guaranty Pest Solutions & Termite Protection,https://dandiguaranty.com,dandiguaranty.com,+19186227378,Tulsa,Oklahoma,74146,United States,1959,1,,,,false,2026-08-11 22:20:42.3279530
8577456,"Coated Film Consultants, LLC",Coated Film Consultants,https://coatedfilmconsultants.com,coatedfilmconsultants.com,980-328-8162,Martinsville,Virginia,24112,United States,2021,1,,,,false,2025-04-05 02:19:52.6805430
8729238,The Kruger Law Firm,The Kruger Law Firm,https://krugerlawfirm.com,krugerlawfirm.com,+13105501234,Beverly Hills,Georgia,90211,United States,2000,1,,,,false,2025-12-16 06:28:40.5302014
8823643,"Romero Trucking Services, LLC",Romero Trucking Services,https://romerotruckingservices.com,romerotruckingservices.com,+13104318508,Los Angeles,California,90044,United States,1993,1,,,,false,2025-04-05 02:38:22.7067516
8833815,Log Cabin Fence Co. Inc.,Log Cabin Fence,https://logcabinfence.com,logcabinfence.com,+17242228755,Amity,Pennsylvania,15311,United States,1981,1,,,,false,2026-02-12 21:27:42.8073017
8977852,HUMAN DEVELOPMENT ASSOCIATION,HUMAN DEVELOPMENT ASSOCIATION,http://www.hdacare.com,hdacare.com,+17184224700,Brooklyn,New York,11249,United States,2014,1,,,,false,2025-04-05 06:55:44.4022354
8978246,Julie Rajotte Nutritionniste,Julie Rajotte Nutritionniste,https://nutritionem.com,nutritionem.com,+14504301690,Blainville,Quebec,J7C 4Y2,Canada,2013,1,,,,false,2026-02-19 19:22:29.7151557
9096063,"ShiftRx Partners, LLC",ShiftRx Partners,https://www.shiftrx.com,shiftrx.com,971-254-1922,Newberg,Oregon,97132,United States,2016,2,,,,false,2025-04-05 04:44:07.3232161
9113827,"TigerLily Media, Inc.",TigerLily,https://www.wearetigerlily.com,wearetigerlily.com,904-858-9889,Jacksonville,Florida,32204,United States,2002,1,,,,false,2026-06-24 22:19:41.7666370
9272787,Calgary BINZ Inc.,Calgary BINZ,https://calgarybinz.com,calgarybinz.com,+14033892928,Calgary,Alberta,T3H 3C8,Canada,2012,1,,,,false,2025-08-29 01:53:14.0289669
9293157,Metalmark,Metalmark,https://www.myintdesign.com,myintdesign.com,,San Francisco,California,94107,United States,2006,1,,,,false,2026-07-14 09:40:47.4129358
9337014,BeauxSimone Consulting,BeauxSimone Consulting,http://www.beauxsimone.com,beauxsimone.com,+12184914018,Denver,Colorado,80233,United States,2014,1,,,,false,2026-09-23 15:52:46.1736714
9417495,Karens Cleaning Solutions,Karens Cleaning Solutions,http://karenscleaningsolutions.net/,karenscleaningsolutions.net,,Coppell,Texas,75019,United States,2016,1,,,,false,2025-04-05 03:00:18.9063168
9472327,"Worthington Historical Society, Inc. (WHS)",WHS,https://worthingtonhistory.org,worthingtonhistory.org,+16148851247,Worthington,Ohio,43085,United States,1955,5,,,,false,2026-06-13 01:00:55.0563477
9544123,Southwest Pediatric Associates,Southwest Pediatric Associates,https://swpedi.com,swpedi.com,+15122889669,Austin,Texas,78737,United States,2001,8,1830154,"Austin Health Partners, PLLC",,false,2026-07-16 20:38:16.3039774
9619605,MAD Technical Solutions,MAD Technical Solutions,https://madtechnicalsolutions.com,madtechnicalsolutions.com,702-944-9635,Las Vegas,Nevada,89120,United States,1997,1,,,,false,2026-09-04 15:13:51.7477824
9648792,"Back Office Solutions, LLC",Back Office Solutions,http://backofficemi.com,backofficemi.com,,Royal Oak,Michigan,48067,United States,2013,1,,,,false,2026-03-23 19:31:34.1340450
9734176,"International Formula One Pylon Air Racing, Inc.",International Formula One Pylon Air Racing,https://if1airracing.com,if1airracing.com,+12074594053,Sparks,Nevada,89434,United States,1947,5,,,,false,2026-01-05 17:12:56.2445082
9753289,"R & D Equipment Co., Inc.",R & D Equipment,https://www.rdequipmentco.com,rdequipmentco.com,+18175632571,Fort Worth,Texas,76140,United States,1981,1,,,,false,2025-09-23 02:28:31.0780348
9984512,RDP Fulfillment Corp.,RDP Fulfillment,http://rdp1.com,rdp1.com,+19058379394,Pickering,Ontario,L1W 3H9,Canada,1994,1,,,,false,2025-10-02 09:00:50.0801940
9985211,Stanford Distinguished Careers Institute (DCI),DCI,https://dci.stanford.edu,dci.stanford.edu,650-497-5403,Stanford,California,94305,United States,2013,12,,,,false,2026-09-21 05:32:48.5055637
10041576,"Flexytie, Inc.",Flexytie,https://flexytie.com,flexytie.com,+15165959792,North New Hyde Park,New York,11042,United States,2012,1,,,,false,2026-09-22 02:38:16.6825582
10074328,Guided Leadership Solutions,Guided Leadership Solutions,http://guidedlead.com,guidedlead.com,+18582697256,San Diego,California,92131,United States,2020,1,,,,false,2026-06-13 20:23:20.3146598
10108219,Pinecoast Creative,Pinecoast Creative,https://pinecoastcreative.com,pinecoastcreative.com,,Roanoke,Virginia,24015,United States,2015,1,,,,false,2026-09-25 12:27:12.7758152
10205401,Denver Marketing Mavens,Denver Marketing Mavens,https://denvermavens.com,denvermavens.com,354-421-2434,Denver,Colorado,80233,United States,2016,1,,,,false,2026-09-09 08:44:35.6431248
10214081,Evans Engineering,Evans Engineering,https://www.evansopticalengineering.com,evansopticalengineering.com,301-262-2230,Bowie,Maryland,20715,United States,1982,1,,,,false,2026-03-18 19:43:54.1009028
10215408,"Georgian Bay Trailers, Inc.",Georgian Bay Trailers,https://www.georgianbaytrailers.com,georgianbaytrailers.com,+14168481902,Parry Sound,Ontario,P2A,Canada,2003,1,,,,false,2026-06-01 19:53:39.6564825
10389192,Pacwell,Pacwell,http://www.pacwell.net,pacwell.net,,Escondido,California,92046,United States,2009,1,,,,false,2026-08-31 08:45:31.8749904
10478312,ERS Construction Products,ERS Construction Products,https://ersstore.com,ersstore.com,+12056615800,Trussville,Alabama,35173,United States,1998,1,,,,false,2026-09-14 00:39:02.6245576
10756497,Siskiyou Dental Associates,Siskiyou Dental Associates,http://kiphamptondds.com,kiphamptondds.com,+15412825523,Medford,Oregon,97504,United States,2001,1,,,,false,2026-08-31 09:12:39.0093828
10856840,"Kucharski Financial Services, LLC",Kucharski Financial Services,https://www.kucharskifinancial.com,kucharskifinancial.com,+19087827200,Flemington,New Jersey,08822,United States,2000,1,,,,false,2026-09-17 20:24:27.1022309
10930154,"Expert Protection Services, LLC dba Greg Fay Insurance Agency",Greg Fay Insurance Agency,https://gregfayinsurance.com,gregfayinsurance.com,+19376199705,Centerville,Ohio,45459,United States,2000,1,,,,false,2026-06-19 09:28:38.7954843
10968652,International Intrigue,International Intrigue,https://www.internationalintrigue.io,internationalintrigue.io,+16176851903,Chicago,Illinois,60602,United States,2020,2,,,1750000,false,2026-09-17 16:23:43.1596147
10985816,"Middle Path Psychotherapy, LLC",Middle Path Psychotherapy,https://middlepathpsychotherapy.com,middlepathpsychotherapy.com,+17086130344,Oak Park,Illinois,60301,United States,2017,1,,,,false,2025-05-13 12:09:33.3827050
11043509,Amy's Animals,Amy's Animals,https://amyspetnutritioncenter.com,amyspetnutritioncenter.com,973-875-2600,Wantage,New Jersey,07461,United States,2002,1,,,,false,2026-08-03 02:49:49.7546990
11085526,Wailea People & Paws Pharmacy,Wailea People & Paws Pharmacy,https://www.peopleandpawsrx.com,peopleandpawsrx.com,808-879-0123,Kihei,Hawaii,96753,United States,2021,1,,,,false,2026-09-19 14:43:43.5794228
11102560,"E|S Construction, LLC",E | S Construction,https://www.esconstructionllc.com,esconstructionllc.com,+12143172016,DeSoto,Texas,75115,United States,2020,1,,,,false,2026-01-03 09:20:31.3624514
11103757,"iConcepts Marketing, LLC",iConcepts Marketing,https://iconceptsmarketing.com,iconceptsmarketing.com,+14058968656,Oklahoma City,Oklahoma,73162,United States,2014,1,,,,false,2026-09-22 19:42:53.7176711
11227508,Volt Enterprises,VOLT ENTERPRISES,http://volt-enterprises.com,volt-enterprises.com,,Lenexa,Kansas,66227,United States,2022,1,,,,false,2025-04-05 05:31:34.7885231
11389514,"Branded Bull, Inc.",Branded Bull,https://www.brandedbull.com,brandedbull.com,+13133075408,Commerce,Michigan,48390,United States,2021,1,,,,false,2026-09-11 23:51:09.8848536
11471287,ELC INC,ELC INC,https://elcbuilders.com,elcbuilders.com,+18772255420,Patterson,Georgia,31557-4905,United States,2007,1,,,,false,2025-09-24 15:33:37.8962514
11486259,FemmeBright Health,FemmeBright Health,https://www.femmebright.com,femmebright.com,,Toronto,Ontario,M3C 1T3,Canada,2023,1,,,,false,2026-09-01 08:42:10.5899402
11599234,"Murray's Health and Wellness, LLC",Murray's Health and Wellness,https://murrayshealthandwellness.com,murrayshealthandwellness.com,+12392130080,Naples,Florida,34109,United States,2017,1,,,,false,2026-08-12 01:22:50.2132935
11692279,Oregon Powder Coating,Oregon Powder Coating,https://oregonpowdercoating.com,oregonpowdercoating.com,+15417911066,Tangent,Oregon,97389,United States,1994,1,,,,false,2026-09-24 16:40:56.3860167
11755307,Copper Cannon Camp.,Copper Cannon Camp.,https://coppercannoncamp.org,coppercannoncamp.org,+16038238107,Franconia,New Hampshire,03580,United States,1963,5,,,,false,2026-08-21 00:51:52.4877111
11859025,PeerGaming HQ,PeerGaming,https://www.peergaming.com,peergaming.com,775 546 0196,Randallstown,Maryland,21133,United States,2021,1,,,,false,2026-09-18 15:40:04.7188395
11889491,"The Patient Wait, LLC",The Patient Wait,https://thepatientwait.com,thepatientwait.com,+15402450666,Rapidan,Virginia,22733,United States,2016,1,,,,false,2026-09-21 10:38:21.9542330
12123368,eDot.,eDot,https://edotsolutions.com,edotsolutions.com,+18478474500,Schaumburg,Illinois,60173,United States,1999,8,348654,"Cyber Advisors, LLC",,false,2026-05-14 00:25:52.3818063
12188544,HighKey Agency,HighKey Agency,https://highkeyagency.com,highkeyagency.com,+17869779987,San Juan,Texas,00918,United States,2017,1,,,,false,2026-04-03 17:18:36.1582362
12267637,WholeHearted.,WholeHearted,https://givewholehearted.com,givewholehearted.com,647-228-9739,Waterloo,Ontario,N2J 0A7,Canada,2020,1,,,,false,2025-11-26 17:18:36.3800684
12282753,Iliff School of Theology,Iliff School of Theology,https://www.iliff.edu,iliff.edu,800-678-3360,Denver,Colorado,80210,United States,1892,12,,,,false,2026-06-23 04:20:22.6977599
12287605,"Long Reach High Reach, LLC (LRHR)",LRHR,https://longreachhighreach.com,longreachhighreach.com,609-257-3706,Lumberton,New Jersey,08048,United States,2008,1,,,,false,2026-08-26 09:20:20.7656927
12418745,Give Beck,Give Beck,https://www.givebeck.com,givebeck.com,,Redondo Beach,California,90277,United States,2020,1,,,,false,2026-04-18 13:06:19.0795698
12428921,"Sigil, Inc.",Sigil,https://www.sigilpricing.com,sigilpricing.com,+17207726727,Lakewood,Colorado,80228,United States,2021,2,,,1100000,false,2026-04-02 17:16:08.9303531
12480130,"Webb Builders Hardware, Inc. (WBH)",WBH,https://wbhdoors.com,wbhdoors.com,+18176495700,Dallas,Texas,75220,United States,2021,1,,,,false,2026-03-27 21:41:10.3447626
12527972,"Nourish Adolescent Wellness, PLLC",Nourish Adolescent Wellness,https://www.nourishadolescentwellness.com,nourishadolescentwellness.com,+19193676639,Apex,North Carolina,27502,United States,2020,1,,,,false,2025-04-05 07:11:36.0323364
12584956,"Lal Bikes, Inc.",Lal Bikes,https://lalbikes.com,lalbikes.com,+12894426120,Sechelt,British Columbia,V7Z0G8,Canada,2019,1,,,,false,2026-03-21 21:41:01.7992539
12585570,"N.S. Giles Foundations, Inc.",N.S. Giles Foundations,https://nsgiles.co,nsgiles.co,+12079429445,Bangor,Maine,04401,United States,1998,1,,,,false,2025-04-05 07:20:24.1798251
12726606,"Almadev, Inc.",Almadev,https://almadev.ca,almadev.ca,+14162234403,North York,Ontario,M2J 5A9,Canada,1997,1,,,,false,2026-09-14 08:44:44.8741875
12730027,"Main Street Professionals, LLC (MST)",MST,https://mainstreetpros.com,mainstreetpros.com,+15208000986,Phoenix,Arizona,30033,United States,2024,1,,,,false,2026-07-24 18:38:19.5786891
12837033,"Concrete Patios Unlimited, Inc.",Concrete Patios Unlimited,https://www.concretepatiosunlimited.com,concretepatiosunlimited.com,+17138996600,Houston,Texas,77092,United States,2006,1,,,,false,2026-09-02 04:46:01.8245646
13007034,Godfrey Funeral Home LLC,Godfrey Funeral Home LLC,https://www.godfreyfuneralhome.net,godfreyfuneralhome.net,+12292429500,Valdosta,Georgia,31601,United States,2010,1,,,,false,2025-10-27 23:57:56.5993008
13105524,"Winters & King, Inc.",Winters & King,https://wintersking.com,wintersking.com,918-494-6868,Tulsa,Oklahoma,74137,United States,1983,1,,,,false,2026-06-13 13:13:10.9203340
13106894,The Council on International Policy,The Council on International Policy,https://theciponline.org,theciponline.org,,Ottawa,Ontario,K0A 0A4,Canada,2015,5,,,,false,2026-09-04 15:04:17.1543397
13188267,"Pacifier Online Data Service dba Infinity Internet, Inc.",Infinity Internet,https://www.infinityinternet.com,infinityinternet.com,360-735-3700,Vancouver,Washington,98687,United States,1987,1,,,,false,2025-04-05 08:06:23.9171297
13227068,"Cayo Custom Boats, LLC",Cayo Custom Boats,https://www.cayoboatworks.com,cayoboatworks.com,727-426-0522,St. Petersburg,Florida,33714,United States,2017,1,,,,false,2025-09-09 10:21:58.0452448
13234526,"J & J Services, LLC",J & J Services,https://www.portabletoiletskansas.com,portabletoiletskansas.com,+16206244637,Liberal,Kansas,67901,United States,1983,1,,,,false,2026-04-19 12:13:12.2296770
13242348,"Double D Outdoor Travel, LLC",Double D Outdoor Travel,https://www.doubledoutdoortravel.com,doubledoutdoortravel.com,+16189671580,Bloomington,Illinois,61705,United States,2018,1,,,,false,2026-07-02 04:21:01.5219774
13245341,"Everest Consulting Group, LLC",Everest Consulting Group,https://everestconsultus.com,everestconsultus.com,,Bethesda,Maryland,20817,United States,2011,1,,,,false,2025-08-21 09:40:40.7294569
13255817,"Grace Imports, Inc.",Grace Imports,https://graceimports.com,graceimports.com,+17702701010,Tucker,Georgia,30084,United States,2012,1,,,,false,2026-02-03 06:48:07.4810748
13309415,Bayou Red,Bayou Red,https://www.bayouredhotsauce.com,bayouredhotsauce.com,(337) 235-8278,Lafayette,Louisiana,70501,United States,1976,1,,,,false,2025-09-08 23:28:30.1872605
13357943,"Canyon State Enterprises, LLC",Canyon State Enterprises,https://canyonstateaz.com,canyonstateaz.com,+19287579003,Kingman,Arizona,86409,United States,1972,1,,,,false,2026-09-13 05:18:39.0558783
13379544,Pier International C.B.,Pier International,https://www.pierintl.com,pierintl.com,+12124253909,New York City,New York,10005,United States,1986,1,,,,false,2026-09-10 08:34:04.5397791
13445908,CCI Productions.,CCI Productions,https://cciproductions.io,cciproductions.io,+15048182241,New Orleans,Louisiana,70123,United States,1999,1,,,,false,2025-10-02 02:22:34.2483075
13609495,Panhandle Cancer Ctr,Panhandle Cancer Ctr,https://www.panhandlecancercare.com,panhandlecancercare.com,806-354-0950,Panama City,Florida,32405-4539,United States,1992,1,,,,false,2026-08-12 12:45:51.7630912
13692754,Do Takes Media,Do Takes Media,https://www.dotakesmedia.ca,dotakesmedia.ca,+17055005035,Terrace,British Columbia,V8G,Canada,2022,1,,,,false,2025-11-27 10:03:16.5195567
13776855,"Commonwealth Industrial, LLC",Commonwealth Industrial,https://commonwealthindustrial.net,commonwealthindustrial.net,540-750-6920,Christiansburg,Virginia,24073,United States,2015,1,,,,false,2025-04-05 08:51:35.1766120
13843560,Innovya Technologies,Innovya Technologies,https://www.innovyatech.com,innovyatech.com,+12489832671,Troy,Michigan,48083,United States,2021,1,,,,false,2026-09-25 19:50:42.6853622
13893059,Cornerstone Wellness,Cornerstone Wellness,https://cornerstonecollective.com,cornerstonecollective.com,+13232598933,Los Angeles,California,90041,United States,2008,1,,,,false,2026-04-20 11:55:19.4958825
13913158,"Fru-Veg Marketing, Inc.",Fru-Veg Marketing,https://fruveg.com,fruveg.com,+13055917766,Miami,Florida,33172,United States,1988,1,,,,false,2026-09-15 08:44:16.5592125
13933785,Hey Frankie,Hey Frankie,https://www.heyfrankie.com,heyfrankie.com,,Charlotte,North Carolina,28203,United States,2019,1,,,,false,2025-09-07 02:52:54.3689032
13990467,"F3 Venture, Inc.",F3 Ventures,https://www.f3vc.com,f3vc.com,,Vancouver,British Columbia,V5K,Canada,2022,1,,,,false,2026-07-16 11:39:28.8867721
14045906,Simonton Christian Academy,Simonton Christian Academy,https://www.simontonchristian.org,simontonchristian.org,+12813462303,Simonton,Texas,77476,United States,1992,5,,,,false,2026-08-15 23:59:42.3745096
14070547,"Fire Sprinkler Service of N.E.Fl., Inc.",Fire Sprinkler Service of N.E.Fl.,https://jaxfiresprinkler.com,jaxfiresprinkler.com,+19042621002,Jacksonville,Florida,32217,United States,1990,1,,,,false,2025-05-16 14:53:40.9581844
14079328,Scaife Protection Services,Scaife Protection Services,https://www.scaifeprotection.com,scaifeprotection.com,+13237868140,Lawndale,California,90260,United States,1997,1,,,,false,2026-08-15 07:15:18.8046303
14080385,"Sandra Stokes, CPA",Sandra Stokes,https://sandrastokescpa.com/,sandrastokescpa.com,+15308091176,Chico,California,95926,United States,2012,1,,,,false,2025-04-05 09:15:29.9971831
14084572,"Y-Not Pest Control & Service, Inc.",Y-Not Pest Control & Service,http://ynotpc.com,ynotpc.com,+16024682847,Gilbert,Arizona,85299,United States,2004,1,,,,false,2026-08-13 11:51:21.8963873
14084833,"Spiritual Highness, LLC",Spiritual Highness,https://spiritual-highness.com,spiritual-highness.com,480-624-2599,Stuart,Florida,34994,United States,2021,1,,,,false,2025-04-05 09:15:54.8420676
14087930,"Cornerstone Appraisals,  Inc.",Cornerstone Appraisals,http://www.csacalgary.com,csacalgary.com,,Calgary,Alberta,T3H 5L2,Canada,2008,1,,,,false,2025-04-05 16:06:56.7030657
14108199,"Turner, O'Mara, Donnelly & Petrycki, P.C.","Turner, O'Mara, Donnelly & Petrycki",https://www.turneromara.com,turneromara.com,+18566672600,Cherry Hill Estates,New Jersey,08002,United States,1991,1,,,,false,2026-03-09 05:28:44.4438876
14155276,"Trisha Zemp Productions, LLC",Trisha Zemp Productions,https://www.trishazemp.com,trishazemp.com,,Provo,Utah,84604,United States,2013,1,,,,false,2026-06-17 16:28:08.3803262
14156358,"From Dreams To Reality, LLC",From Dreams To Reality,https://fdtr.net,fdtr.net,+12394447878,Bonita Springs,Florida,34135,United States,2009,1,,,,false,2025-09-07 07:34:42.0714395
14160588,Macadee Electrical Construction,Macadee Electrical Construction,http://www.macadee.com,macadee.com,+19096271336,Chino,California,91710,United States,1985,1,,,,false,2025-04-05 09:21:44.7394442
14169699,Padron DLP Corp.,Padron DLP,https://www.padronpool.com,padronpool.com,+18883340401,Kissimmee,Florida,34741,United States,2021,1,,,,false,2026-06-21 03:17:47.5180234
14259737,Norbco,Norbco,https://www.norbco.com,norbco.com,+13207645000,Watkins,Minnesota,55389,United States,1981,4,13225221,GEA Group AG,,false,2025-04-05 09:29:46.2621590
14383636,Neighborly Assetco LLC dba Neighborly Co.,Neighborly,https://www.neighborly.com,neighborly.com,+18552178437,Waco,Texas,76707,United States,2012,3,,,30500000,false,2026-08-12 01:17:24.2887646
14523832,"Trig Moving and Storage, Inc.",Trig Moving and Storage,https://trigmoving.com,trigmoving.com,+18334566683,North Hollywood,California,91601,United States,2019,1,,,,false,2026-07-28 03:32:50.2189671
14722746,"Inopro, Inc.",Inopro,https://inopro.ca,inopro.ca,+15147925440,Repentigny,Quebec,J6A 7E9,Canada,2016,1,,,,false,2026-09-10 08:48:50.1559895
14986704,"Mission Organic, Inc.",Mission Organic,https://missionorganiccenter.com,missionorganiccenter.com,+14155856337,San Francisco,California,94112,United States,2012,2,,,,false,2026-04-13 22:29:47.3251505
14997122,My Attendy,My Attendy,http://www.myattendy.com/,myattendy.com,,Calumet,Pennsylvania,15689,United States,2016,1,,,,false,2025-04-05 10:30:18.1167655
15003291,Bella's Kitchen LLC,Bella's Kitchen,https://bellaskitchenandwellness.com,bellaskitchenandwellness.com,+15019510864,Little Rock,Arkansas,72227,United States,2020,1,,,,false,2026-06-24 15:53:22.6543048
15048922,BAINS DEVELOPMENTS LIMITED,BAINS DEVELOPMENTS LIMITED,http://bainsdevelopmentsltd.co.uk,bainsdevelopmentsltd.co.uk,+448009876543,Brooklyn,New York,11203,United States,2015,1,,,,false,2025-04-05 10:34:27.8978808
15101318,"Pocketbowls, Ltd.",Pocketbowls,https://pocketbowls.com,pocketbowls.com,+12162100221,Cleveland,Ohio,44114,United States,2016,1,,,,false,2026-05-27 10:55:32.4012091
15173053,"Elite Mergers & Acquisitions, Inc.",Elite Mergers & Acquisitions,http://elitemanda.com,elitemanda.com,800-335-3068,Folsom,California,95630,United States,2007,1,,,,false,2026-09-23 05:32:35.1548392
15192645,"Tactura Solutions, LLC",Tactura Solutions,https://www.tacturasolutions.com,tacturasolutions.com,+12145337937,Addison,Texas,75001,United States,2012,1,,,,false,2025-04-05 10:45:58.5225092
15214782,Children First Dumfries Pediatrics,Children First Dumfries Pediatrics,https://www.childrenfirstdumfries.com,childrenfirstdumfries.com,703-441-8998,Dumfries,Virginia,22026,United States,2012,1,,,,false,2025-04-05 10:47:38.0128643
15260061,3D Potter,3D Potter,https://3dpotter.com,3dpotter.com,+17726008630,Stuart,Florida,34994,United States,2015,1,,,,false,2026-07-06 17:42:58.0692731
15264187,Archocell Inc.,Archocell,http://archocell.ca,archocell.ca,+18257334269,Ohsweken,Ontario,N0A 1M0,Canada,2020,1,,,,false,2025-04-05 10:51:48.7525458
15282464,Steel Hands Brewing,Steel Hands Brewing,https://steelhandsbrewing.com,steelhandsbrewing.com,803-708-9864,Cayce,South Carolina,29033,United States,2016,1,,,,false,2026-04-10 01:11:37.5816828
15481176,"Beach City Creative, LLC",Beach City Creative,https://bybeachcity.com,bybeachcity.com,,Murrieta,California,92563,United States,2023,1,,,,false,2026-05-05 18:47:54.4228268
15487054,Shower Candy (SC),SC,https://showercandy.com,showercandy.com,818-850-7723,Vista,California,92084,United States,2020,1,,,,false,2026-07-03 12:49:23.0770938
15496686,Tutela Eye Care,Tutela Eye Care,https://eyedoctor-westorange.com,eyedoctor-westorange.com,973-669-1240,West Orange,New Jersey,07052,United States,2013,1,,,,false,2026-08-05 04:06:30.1622857
15500191,"Lifeline Healthcare Solutions, LLC",Lifeline Healthcare Solutions,https://lifelnhcs.com,lifelnhcs.com,918-262-1608,Tulsa,Oklahoma,74133,United States,2020,1,,,,false,2025-04-05 11:10:50.1537831
15500570,"Alliance Wireless Communications, Inc. dba Alliance Answer",Alliance Answer,https://allianceanswer.com,allianceanswer.com,+18007909020,Kingston,Ontario,K7K 2B9,Canada,1948,1,,,,false,2026-06-24 14:12:57.7404353
15515710,Root Cellar Technologies,Root Cellar Technologies,http://www.rootcellar.ca/,rootcellar.ca,+14162866610,Kitchener,Ontario,N2B 3E2,Canada,2002,1,,,,false,2026-01-01 22:34:31.1544524
15536211,"Custom Plus Collision Center, LLC",Custom Plus Collision,https://custompluscollision.com,custompluscollision.com,+16059961959,Mitchell,South Dakota,57301,United States,1969,1,,,,false,2025-08-20 15:38:48.2936356
15558490,"Water Ways Marina, LLC",Water Ways Marina,http://waterwaysmarinaoc.com,waterwaysmarinaoc.com,410-723-4228,Berlin,Maryland,21811,United States,1984,1,,,,false,2026-09-09 09:01:38.6339038
15564023,Lily in June Florals & Events,Lily in June,https://www.lilyinjune.com,lilyinjune.com,+12817190345,Spring,Texas,77388,United States,2019,1,,,,false,2026-06-29 02:08:11.6214781
15567138,Little Caesars Pizza Kit Fundraising Program (PKC),PKC,https://www.pizzakit.ca,pizzakit.ca,+18884525487,Detroit,Michigan,48201,United States,1997,1,,,,false,2025-09-07 16:27:20.7381175
15570703,"AgNet Media, Inc.",AgNet Media,https://agnetmedia.com,agnetmedia.com,+13526711909,Newberry,Florida,32669,United States,1984,1,,,,false,2026-08-18 09:20:14.8081747
15589333,Bateman Labs,Bateman Labs,https://batemanlabs.com,batemanlabs.com,+17803409393,North Vancouver,British Columbia,V7P 1J8,Canada,2020,1,,,,false,2026-05-26 16:15:27.2945361
15595628,Inherit Clothing Company,Inherit Clothing,https://www.inheritco.com,inheritco.com,+13205857578,Morris,Minnesota,56267,United States,2018,1,,,,false,2026-07-22 08:02:55.6631802
15597800,"Fox Innovation & Technologies, Inc.",Fox Innovation & Technologies,https://www.foxinnovation.com,foxinnovation.com,+17164894999,Olean,New York,14760,United States,2022,3,,,,false,2026-07-09 07:31:54.6421845
15606459,Art Camp.,Art Camp,https://www.madeatartcamp.com,madeatartcamp.com,416-538-5457,Brooklyn,New York,11201,United States,2016,1,,,,false,2026-05-17 04:19:02.3990101
15609132,Mindful Living Group,Mindful Living Group,https://mindfullivinggroup.org,mindfullivinggroup.org,+18082069371,Kihei,Hawaii,96753,United States,2016,1,,,,false,2026-05-02 04:42:49.0101064
15643476,Harrington Moving and Storage,Harrington Moving and Storage,https://www.harringtonmovstg.com,harringtonmovstg.com,+19784757071,Andover,Massachusetts,01810,United States,1993,1,,,,false,2026-06-18 06:55:43.9724111
15647824,Kilroy's,Kilroy's,https://www.kilroys.com,kilroys.com,+17033217733,Springfield,Virginia,22151,United States,1981,1,,,,false,2025-12-17 01:32:40.3333761
15665402,"Harbor Financial Group, LLC",Harbor Financial Group,https://www.harborfinancialgroupllc.com,harborfinancialgroupllc.com,+16164065625,Rockford,Michigan,49341,United States,2019,1,,,,false,2025-04-05 11:23:50.6932171
15668620,"Débusqueuses Awassos, Inc.",Débusqueuses Awassos,https://awassos.com,awassos.com,+14509150058,Lawrenceville,Quebec,J0E 1W0,Canada,2005,1,,,,false,2026-09-04 14:48:08.8682285
15676476,OSPREY ENGINEERS LLC,OSPREY ENGINEERS,https://www.ospreyengineers.com,ospreyengineers.com,,Edgewater,Maryland,21037,United States,2020,1,,,,false,2025-09-05 09:07:04.8547364
15689604,"PrecisionChem, LLC",PrecisionChem,http://www.precisionchemllc.com,precisionchemllc.com,+19203242007,Waupun,Wisconsin,53963,United States,2017,1,,,,false,2025-04-05 11:26:03.6007638
15691792,"Global Health Research Center, Inc.",Global Health Research Center,https://www.globalhealthrcenter.com,globalhealthrcenter.com,+13058240026,Hialeah,Florida,33016,United States,2012,1,,,,false,2025-09-06 04:53:08.6336277
15692108,"NM Construction, LLC",NM Construction,https://www.nmconstructionsd.com,nmconstructionsd.com,605-290-6399,Aberdeen,South Dakota,57401,United States,2017,1,,,,false,2025-04-05 11:25:54.7289716
15735817,"Miller & Lux, Inc.",Miller & Lux,https://millerandluxrestaurant.com,millerandluxrestaurant.com,+14158726699,San Francisco,California,94158,United States,2021,1,,,,false,2026-06-19 07:32:08.7293900
15746791,Bitcoin Talent Co.,Bitcoin Talent,https://www.bitcointalent.co,bitcointalent.co,,Austin,Texas,78701,United States,2023,1,,,,false,2026-09-13 00:41:04.3892776
15756926,Plant-Based Mavens (PBM),PBM,https://plantbasedmavens.com,plantbasedmavens.com,,Salida,Colorado,81201,United States,2021,1,,,,false,2026-05-12 03:03:00.9311789
15761257,Granby Consulting LLC,Granby Consulting,granbyconsulting.com,granbyconsulting.com,+17173095635,York,Pennsylvania,17406,United States,2017,1,,,,false,2026-05-28 14:53:36.7890812
15767284,"Green Heron Partners, LLC",Green Heron Partners,https://www.greenheronpartners.com,greenheronpartners.com,,Houston,Texas,77005,United States,2023,13,,,,false,2025-09-09 12:18:41.4823361
15772519,3TG Tech,3TG Tech,https://3tg-tech.com,3tg-tech.com,+19492320585,Irvine,California,92606,United States,2022,1,,,,false,2026-07-08 07:58:20.7053445
15784751,"Roofing Formula, LLC",Roofing Formula,https://www.roofingformula.com,roofingformula.com,+14252076016,Kirkland,Washington,98034,United States,2020,1,,,,false,2026-08-16 23:28:24.0754669
15789530,"Eno River Academy Holdings, Inc. (ERA)",ERA,https://www.enoriveracademy.org,enoriveracademy.org,+19196446272,Hillsborough,North Carolina,27278,United States,1997,12,,,,false,2025-10-31 07:08:55.4823710
15800795,"IRV Beauty, LLC dba SIV",SIV,https://sivcare.com,sivcare.com,,Clinton Township,Michigan,48035,United States,2023,1,,,,false,2026-07-04 09:43:15.0179913
15810468,"River Region Academy, Inc.",River Region Academy,https://riverregionacademy.com,riverregionacademy.com,+13342620191,Montgomery,Alabama,36106,United States,2022,12,,,,false,2025-08-17 18:37:53.7960915
15818021,Dyskami Publishing Co.,Dyskami Publishing,http://dyskami.ca,dyskami.ca,,Guelph North,Ontario,N1E,Canada,2013,1,,,,false,2026-09-22 13:01:27.4775875
15818049,"Midwest Restoration Pros, LLC",Midwest Restoration Pros,https://midwestrestorationpros.com,midwestrestorationpros.com,+13142219640,De Soto,Missouri,63020,United States,2021,1,,,,false,2026-09-11 06:42:49.8194513
15825303,One Man Handyman,One Man Handyman,https://onemanhandyman.org,onemanhandyman.org,+18179058043,Fort Worth,Texas,76179,United States,2021,1,,,,false,2025-09-12 20:28:28.3470739
15833777,AW US,AW US,https://www.awglobal.tech,awglobal.tech,,New York City,New York,10001,United States,2023,1,,,,false,2025-09-02 11:32:45.8416492
15870087,Smoke Bud,Smoke Bud,https://www.smokebudapp.com,smokebudapp.com,,Waterloo,Iowa,50702,United States,2023,1,,,,false,2026-08-27 09:07:35.9731310
15870735,"Healthy Futures of Texas, Inc.",Healthy Futures of Texas,https://hftx.org,hftx.org,+12102234589,San Antonio,Texas,78207,United States,2006,5,,,,false,2026-06-28 10:18:12.9278650
15870998,"SBR Technologies, Inc. (SBRT)",SBRT,http://www.sbrtechnologies.com/,sbrtechnologies.com,+12192331105,New York City,New York,10022,United States,1998,1,,,,false,2025-05-30 12:52:48.9660978
15875566,"Azure Blue Vacations, LLC",Azure Blue Vacations,https://www.azurebluevacations.com,azurebluevacations.com,,Friendswood,Texas,77546,United States,2016,1,,,,false,2025-08-15 15:45:10.3718815
15882633,"Automation Specialists, Inc.",Automation Specialists,https://www.automationspecialistsinc.com,automationspecialistsinc.com,+16167388288,Holland,Michigan,49424,United States,1995,2,,,,false,2025-06-25 05:24:35.3505113
15889618,Vantage Innovation Lab,Vantage Innovation Lab,https://www.vantageinnovationlab.com,vantageinnovationlab.com,,Irving,Texas,75063,United States,2023,1,,,,false,2025-07-11 13:30:09.3993930
15893352,"Tmryk, Inc.",Tmryk,https://tumeryk.com,tumeryk.com,,Redwood City,California,94065,United States,2023,1,,,,false,2026-05-22 02:53:22.9774381
15900975,"Scandinavian Aviation Academy, Inc. (SAA)",SAA,https://www.saaintl.com,saaintl.com,+16196310323,El Cajon,California,92020,United States,1994,12,,,,false,2025-10-28 10:53:02.8698404
15922196,Shah Business Consultants Ltd.,Shah Business Consultants,https://atsbc.com,atsbc.com,+17807108787,Edmonton,Alberta,T6B 3T7,Canada,2022,1,,,,false,2026-05-26 00:38:29.2276950
15929906,"Agidel Insurance Agency, LLC",Agidel Insurance Agency,https://agidel-insurance.com,agidel-insurance.com,+15134444047,Cincinnati,Ohio,45249,United States,2019,1,,,,false,2026-03-07 13:27:48.3870129
15963777,Full Circle Digital Marketing LLC,Full Circle Digital Marketing,https://fullcircledigital.marketing,fullcircledigital.marketing,+16069391638,Catlettsburg,Kentucky,41129,United States,2023,1,,,,false,2025-07-12 04:29:08.6523572
15968113,"Highland Development Services, Inc. (HDS)",HDS,https://highland-ds.com,highland-ds.com,+19706747550,Windsor,Colorado,80550,United States,2018,1,,,,false,2025-10-22 08:11:50.2493986
15987541,"Michael D. Robinson, MD, PA","Michael D. Robinson, MD",http://www.mdrpsy.com,mdrpsy.com,+19735398186,Morristown,New Jersey,07960,United States,1993,1,,,,false,2025-07-16 01:58:29.1457151
15990030,"Noah's Ark Roofing & Sheet Metal, LLC",Noah's Ark Roofing & Sheet Metal,https://noahsarkroofingaz.com,noahsarkroofingaz.com,+19285569191,Cottonwood,Arizona,86326,United States,1995,1,,,,false,2026-08-03 21:22:45.1022303
15992611,Sound Innovations,Sound Innovations,http://www.soundinnovations.com,soundinnovations.com,510-471-9062,Union City,California,94587,United States,1989,1,,,,false,2026-09-15 09:02:05.5680840
15999170,"Wayne Perry and Associates, Inc.",Wayne Perry and Associates,https://wayneperry.net,wayneperry.net,972-934-9700,Grand Prairie,Texas,75050,United States,1999,1,,,,false,2025-08-08 06:44:36.4983908
16028569,Material Methods Limited,Material Methods,https://www.material-methods.com,material-methods.com,,Chicago,Illinois,60647,United States,2022,1,,,,false,2026-02-03 11:07:33.9000728
16029139,WaterEquity LLC,WaterEquity,https://waterequity.com,waterequity.com,,Kansas City,Missouri,64108,United States,2016,2,,,100000000,false,2026-08-09 04:48:15.8279940
16063712,Indigenous Culinary of Associated Nations (ICAN),ICAN,https://indigenousculinary.ca,indigenousculinary.ca,,Vancouver,British Columbia,V6C 3H1,Canada,2019,5,,,,false,2025-11-01 15:02:46.5001728
16080118,Yivster LLC,Yivster,https://yivster.com,yivster.com,,Grand Blanc,Michigan,48480-8540,United States,2017,1,,,,false,2025-09-26 15:22:05.3474314
16080220,"Vanasse & Associates, Inc. (VAI)",VAI,https://rdva.com,rdva.com,+19784748800,Andover,Massachusetts,01810,United States,1998,1,,,,false,2025-10-18 04:03:09.3658433
16127258,Whoopy Wipes,Whoopy Wipes,https://whoopywipes.com,whoopywipes.com,+17147461055,Huntington Beach,California,92649,United States,2013,1,,,,false,2026-05-16 04:55:53.4093049
16128955,Fourteensixteen,Fourteensixteen,https://www.1416lagrange.com,1416lagrange.com,+17084697896,La Grange,Illinois,60525,United States,2015,1,,,,false,2026-08-04 17:13:21.0754002
16130227,"QuintEvents, LLC",Quint,https://quint.co,quint.co,+18668348663,Charlotte,North Carolina,28269,United States,2002,4,502890,Liberty Media Corp.,,false,2026-08-17 03:18:43.2412272
16131288,PrimeVault,PrimeVault,https://www.primevault.com,primevault.com,+14806242599,San Francisco,California,94103,United States,2022,2,,,,false,2026-09-14 04:49:04.5841077
16135949,The Problem Solvers.,The Problem Solvers,https://txproblemsolvers.com,txproblemsolvers.com,+12107960926,San Antonio,Texas,78249,United States,2023,1,,,,false,2026-05-27 03:00:40.9450008
16138711,Stargate Foundation,Stargate Foundation,https://stargate.finance,stargate.finance,,Vancouver,British Columbia,V6J,Canada,2022,2,,,,false,2026-09-17 05:17:57.6349325
16153461,Accessibility 101,Accessibility 101,https://accessibility101.org,accessibility101.org,+16126702928,Minneapolis,Minnesota,55425,United States,2020,1,,,,false,2026-07-18 06:16:37.8848580
16175070,George's Auto Body,George's Auto Body,https://www.gautobody.com,gautobody.com,+19149230531,Briarcliff Manor,New York,10510,United States,2001,1,,,,false,2025-10-03 08:53:51.4008500
16177975,PoochPack Adventures,Pooch Pack Adventures,https://www.poochpack.ca,poochpack.ca,+12506198241,Nanaimo,British Columbia,V9T 1E6,Canada,2011,1,,,,false,2026-02-20 10:29:45.4595574
16197608,J Abbey Bell (AJB),AJB,https://jabbeybell.com,jabbeybell.com,,Oxford,Mississippi,38655,United States,2022,1,,,,false,2026-05-27 12:43:38.5103126
16213172,"AI Control Solutions, LLC",AI Control Solutions,https://www.aicontrolsolutions.com,aicontrolsolutions.com,+18137635053,Brandon,Florida,33510,United States,2022,1,,,,false,2026-09-01 09:29:25.9354968
16217420,Operator Academy.,Operator Academy,https://www.operatoracademy.org,operatoracademy.org,,Boston,Massachusetts,02118,United States,2020,1,,,,false,2025-04-05 18:08:13.1602459
16217422,Operator Academy,Operator Academy,https://www.operatoracademy.org,operatoracademy.org,,Boston,Massachusetts,02118,United States,2020,1,,,,false,2025-11-20 20:40:18.5188279
16218779,Milford Management Corp.,Milford Management,https://milfordrentals.com,milfordrentals.com,+12128427300,New York City,New York,10017,United States,1995,1,,,,false,2026-09-17 17:26:44.2771685
16226169,"Koala Community, Inc.",Koala,https://joinkoala.co,joinkoala.co,408-531-7237,San Francisco,California,94109,United States,2023,1,,,,false,2026-04-02 09:15:20.5142266
16228884,Hey Rhody Media Co.,Hey Rhody Media,https://heyrhody.com,heyrhody.com,401-305-3391,Warwick,Rhode Island,02889,United States,2014,1,,,,false,2026-08-01 10:33:09.9190225
16234093,"Full Canopy Tree Care, LLC",Full Canopy Tree Care,https://www.fullcanopy.com,fullcanopy.com,(512) 336-8733,Austin,Texas,78717,United States,2003,1,,,,false,2025-11-03 05:44:59.5780572
16234726,Nixon Peabody Trust Co.,Nixon Peabody Trust,https://www.nixonpeabodytrustcompany.com,nixonpeabodytrustcompany.com,+16173451309,Boston,Massachusetts,02109,United States,2019,8,26227,Nixon Peabody LLP,,false,2026-06-23 02:34:30.8183366
16250675,Rejuvenation Specialists,Rejuvenation Specialists,https://rejuvenation-specialists.com,rejuvenation-specialists.com,352-817-1452,Ponte Vedra,Florida,32081,United States,2022,1,,,,false,2025-04-05 12:08:28.4375544
16279016,Essex Golf & Country Club,Essex Golf & Country Club,https://essexgolf.com,essexgolf.com,+15197341251,LaSalle,Ontario,N9J 2S4,Canada,1902,5,,,,false,2026-04-14 00:43:33.4826113
16292129,"Allied Employer Services, Inc.",Allied Employer Services,http://alliedemployerservices.com,alliedemployerservices.com,+19196227001,Raleigh,North Carolina,27609,United States,2001,1,,,,false,2026-09-08 08:38:02.4261521
16297252,WorldBossHQ - Digital Marketing Agency,WorldBossHQ,https://worldbosshq.com,worldbosshq.com,857-299-3688,Brookline Village,Massachusetts,02446,United States,2020,1,,,,false,2026-02-22 04:57:30.4931468
16297972,myCobraPlan,myCobraPlan,https://www.mycobraplan.com,mycobraplan.com,(937) 865-8640,Dayton,Ohio,45439,United States,1989,8,225333,"Navia Benefit Solutions, Inc.",,false,2025-08-14 05:07:22.0647466
16319450,Amplify Security,Amplify Security,https://amplify.security,amplify.security,,San Jose,California,95101,United States,2022,1,,,,false,2026-08-16 05:30:55.5558241
16356291,Vantage Creative Group,Vantage Creative Group,https://www.vantageinnovationlab.com,vantageinnovationlab.com,,Irving,Texas,75014,United States,2023,1,,,,false,2025-04-05 13:27:19.0376449
16369314,"Plangraphics, Inc.",Plangraphics,https://plangraphics.com,plangraphics.com,+15022231501,Frankfort,Kentucky,40601,United States,1981,1,,,,false,2025-08-11 09:59:15.4473462
16377190,"Barrier Enterprises, Inc. dba Reel Deal OBX",Reel Deal OBX,https://reeldealobx.com,reeldealobx.com,+12522166913,Manteo,North Carolina,27954,United States,2012,1,,,,false,2025-11-21 02:15:09.6809395
16377797,Virtual Worlds Museum (VWM),VWM,https://www.virtualworlds.museum,virtualworlds.museum,+14159930018,San Francisco,California,94921,United States,2023,1,,,,false,2026-08-11 00:58:25.5773746
16395121,"Branded Bull, LLC",Branded Bull,https://www.brandedbull.com,brandedbull.com,+13133075408,Temecula,California,92590,United States,2008,1,,,,false,2025-05-02 19:11:10.4613939
16451989,"Motek Jewelry, LLC",Motek Jewelry,https://motekjewelry.com,motekjewelry.com,+13144945722,Chesterfield,Missouri,63017,United States,2015,1,,,,false,2026-07-02 20:37:14.9907389
16454296,Pulmonary Performance Institute (PPI),PPI,https://pulmonary-performance.com,pulmonary-performance.com,+15593816124,San Rafael,California,94901,United States,2018,1,,,,false,2025-09-13 20:28:36.2510985
16502240,"Property Stewards, LLC",Property Stewards,https://www.propertystewards.com,propertystewards.com,+17069495937,Tiger,Georgia,30576,United States,2007,1,,,,false,2026-09-22 04:22:52.5828760
16533095,Tumeryk,Tumeryk.com,https://tumeryk.com,tumeryk.com,,Redwood City,California,94065,United States,2024,1,,,,false,2025-04-05 12:30:30.2792213
16543984,"Holt Meadow Group, Ltd.",Holt Meadow Group,https://holtmeadow.com,holtmeadow.com,+14167369990,Toronto,Ontario,M3J 3G8,Canada,2023,1,,,,false,2026-08-17 07:51:55.3847564
16546892,"Gray Strategic Partners, LLC (GSP)",GSP,https://graystrategicpartners.com,graystrategicpartners.com,+17814938089,Canton,Massachusetts,02021,United States,2023,13,,,,false,2026-08-13 17:55:18.8050348
16563147,Porum Landing Fire Protection Association (PLFPA),PLFPA,https://plfpa.org,plfpa.org,+19188617530,Porum,Oklahoma,74455,United States,1986,5,,,,false,2025-09-28 20:01:27.1913526
16596258,"Burke Estate & Tax Law, LLC",Burke Estate & Tax Law,http://burketaxlaw.com,burketaxlaw.com,+16152171414,Murfreesboro,Tennessee,37129,United States,2020,1,,,,false,2025-04-05 18:08:13.1889314
16596538,"Jordahl & Sliter, PLLC",Jordahl & Sliter,https://jscpa.com,jscpa.com,+14067521040,Kalispell,Montana,59901,United States,1952,1,,,,false,2025-04-05 12:35:22.6288616
16600538,Rezek Solutions (RS),RS,https://rezeksolutions.com,rezeksolutions.com,+18477081868,Grayslake,Illinois,60030,United States,2024,1,,,,false,2025-04-05 18:40:03.2850429
16610598,"EZ Capital Group, Inc.",EZ Capital Group,https://ezcapital.com,ezcapital.com,+16468879089,New York City,New York,10016,United States,2004,1,,,,false,2026-09-19 11:04:23.2380134
16657133,Las Vegas Paiute Golf Resort,Las Vegas Paiute Golf Resort,https://lvpaiutegolf.com,lvpaiutegolf.com,,Las Vegas,Nevada,89124,United States,1970,1,,,,false,2026-06-18 16:47:20.1646555
16684396,"Ohio Adrenaline Elite, LLC (OAE)",OAE,https://www.oaecheer.com,oaecheer.com,+14198847733,Lexington,Ohio,44904,United States,2012,1,,,,false,2026-05-10 06:58:35.8921448
16815306,"Magnolia Roofing & Remodeling, LLC",Magnolia Roofing & Remodeling,https://magnoliaroofssc.com,magnoliaroofssc.com,+18039087131,Columbia,South Carolina,29212,United States,2020,1,,,,false,2025-12-20 02:13:47.3323024
16884669,Rancho Cucamonga clinical research,RC Clinical Research,https://www.rcclinicalresearch.com,rcclinicalresearch.com,,Woodbridge,Virginia,22193,United States,2013,1,,,,false,2025-04-05 12:58:29.7582650
16971031,"S & M Trucking, Ltd.",CAPE NORTH TRUCKING,http://smtrucking.ns.ca,smtrucking.ns.ca,+18883435555,Dingwall,Nova Scotia,B0C 1G0,Canada,1989,1,,,,false,2025-09-08 19:40:14.9905077
16993387,Netegrity consultants,Netegrity Consultants,http://netegrityconsultants.com,netegrityconsultants.com,+18666311748,Phoenix,New York,13135,United States,1986,2,,,,false,2025-10-02 02:39:29.2710445
17026262,Finbox (YC S23),Finbox (YC S23),https://www.usefinbox.com,usefinbox.com,+12522277014,San Francisco,California,94102,United States,2023,2,,,,false,2025-07-01 01:34:47.3002174
17034068,Barrel & Flow,Barrel & Flow,https://www.barrelandflow.com,barrelandflow.com,,Pittsburgh,Pennsylvania,15222,United States,2021,1,,,,false,2026-08-17 14:22:52.9856294
17101077,"TerraSource Wholesale, LLC",TerraSource Wholesale,https://terrasourcewholesale.com,terrasourcewholesale.com,+13526984352,Dade City,Florida,33525,United States,2024,1,,,,false,2026-09-23 11:39:15.5769359
17110196,"SJ Williams, Inc.",SJ Williams,https://www.sjwilliams.net,sjwilliams.net,+14439060075,Crownsville,Maryland,21032,United States,2008,1,,,,false,2026-08-24 08:48:07.5956335
17121545,"Belmar Roofing, Inc.",Interlock Metal Roofing - Ontario,https://belmarroofing.com,belmarroofing.com,+15192676707,Mississauga,Ontario,L5N 8G6,Canada,1998,1,,,,false,2026-09-22 18:14:33.1515603
17198335,Fox Innovation & Technologies,FOX Innovation & Technologies,https://www.foxinnovation.com,foxinnovation.com,+18702637043,La Porte,Texas,77571,United States,1981,3,,,,false,2025-05-09 01:42:26.9942989
17248042,Encore Labs,ENCORE LABS,https://encorelabs.com,encorelabs.com,+16266963086,Pasadena,California,91105,United States,2017,1,,,,false,2026-09-16 01:31:05.2950472
17299650,"Aliment 4FC Food, Inc.",Aliment 4FC Food,https://www.4fcfood.com,4fcfood.com,+15143428092,Montreal,Quebec,H4P 1L4,Canada,2012,1,,,,false,2026-09-08 09:45:32.1742167
17336893,"Quality Produce and Groceries, Inc.",Quality Produce and Groceries,https://qualityproduceinc.com,qualityproduceinc.com,+17867034698,Miami,Florida,33172,United States,2014,1,,,,false,2025-04-05 13:34:30.2558227
17337166,"Absolute Mobile Drug Testing, LLC",Absolute Mobile Drug Testing,https://adtlab.com,adtlab.com,+15097478855,Coeur d'Alene,Idaho,83814,United States,2012,1,,,,false,2026-09-07 09:34:30.4096546
17341865,"J FERRELL CUSTOM TRUCKS, LLC",J FERRELL CUSTOM TRUCKS,https://jferrellcustomtrucks.com,jferrellcustomtrucks.com,+17173815312,Gap,Pennsylvania,17527,United States,1981,1,,,,false,2025-09-10 15:32:20.9622401
17369431,"Altitude Technical Solutions, Inc.",Altitude Technical Solutions,https://www.altitudets.com,altitudets.com,+19254140030,San Ramon,California,94582,United States,2020,1,,,,false,2025-04-05 19:07:46.1744566
17382874,SOS TRUCK SERVICE,SOS TRUCK SERVICE,http://www.sostruckservice.com,sostruckservice.com,+18889999767,Ontario,California,91761,United States,1967,1,,,,false,2026-02-27 16:39:12.0946884
17522583,Lime 42,Lime 42,https://lime42.com,lime42.com,+17608503385,Vista,California,92081,United States,2007,1,,,,false,2026-08-18 18:58:56.2904330
17898777,Y&A Cleaning,Y&A Cleaning,https://yacleaning.com,yacleaning.com,+12818702013,Houston,Texas,77092,United States,2020,1,,,,false,2026-08-02 09:58:33.6589267
17906822,"Lambda Retail, Inc. dba SaySo",SaySo,https://www.justsayso.co,justsayso.co,,New York City,New York,10012,United States,2024,2,,,4000000,false,2025-09-12 02:43:26.6344037
17911076,MD COOLING SERVICES LTD,MD COOLING SERVICES,https://www.mdcoolingservices.com,mdcoolingservices.com,,Bristol,South Dakota,BS153FU,United States,2021,1,,,,false,2025-09-09 16:08:05.4340349
17952585,GreenPower Land Solutions,GreenPower,https://www.greenpowerls.com,greenpowerls.com,+18582541138,San Diego,Texas,91911,United States,2024,1,,,,false,2026-05-22 10:23:45.1419027
17962431,"Erosion & Construction Solutions, Inc. (ECS)",ECS,https://erosionconstructionsolutions.com,erosionconstructionsolutions.com,,Merrillville,Indiana,46410,United States,2017,1,,,,false,2026-07-13 02:36:19.5979496
17968989,Neighborly Company,Neighborly,https://www.neighborly.com,neighborly.com,+18552178437,Waco,Texas,76707,United States,1981,1,,,,false,2025-04-20 03:46:18.7655005
17973612,"Aromha, Inc.",Aromha,https://www.aromha.com,aromha.com,,Washington,District of Columbia,20001,United States,2021,1,,,,false,2026-06-21 17:57:47.5263468
17974687,"Haggenmiller Lumber, Inc.",Haggenmiller Lumber,https://www.haggenmillerlumber.com,haggenmillerlumber.com,+15079642263,Arlington,Minnesota,55307,United States,1994,1,,,,false,2025-12-04 11:12:46.7858573
17977663,Halation Inc.,Halation,https://halationstudio.co,halationstudio.co,,Dover,Delaware,19901,United States,2024,1,,,,false,2026-08-31 09:53:13.2546585
18054742,Michael Wenrich Architects,Michael Wenrich Architects,http://michaelwenrich.com,michaelwenrich.com,+14077020506,Orlando,Florida,32804,United States,2010,1,,,,false,2026-04-07 13:17:56.4434703
18103004,"Aero Collision & Fabrication, Inc.",Aero Collision & Fabrication,https://www.aerocollision.com,aerocollision.com,+17166852376,Lancaster,New York,14086,United States,1983,1,,,,false,2026-09-10 08:35:10.6492918
18104196,S & L Collision Center Inc.,S & L Collision Center,https://slcollisionhawthorne.com,slcollisionhawthorne.com,+19147415230,Hawthorne,New York,10532,United States,1994,1,,,,false,2025-05-12 13:19:55.2806981
18111290,Fox Auto Services,Fox Auto Services,https://foxautoservices.com,foxautoservices.com,+14102105939,Glen Burnie,Maryland,21060,United States,2019,1,,,,false,2026-06-23 15:02:58.8551257
18125494,Chart Tank LLC,Chart Tank,https://www.chart-tank.com,chart-tank.com,,Boulder,Colorado,80302,United States,2022,1,,,,false,2025-09-03 18:42:34.5932426
18127519,Conservatory of Dance,Conservatory of Dance,https://cofdance.com,cofdance.com,+16029967530,Phoenix,Arizona,85032,United States,1999,1,,,,false,2026-06-12 19:03:14.0428330
18137108,Celerity Risk,Celerity Risk,https://celerityrisk.com,celerityrisk.com,,Atlanta,Georgia,30326,United States,2025,1,,,,false,2025-06-17 23:17:43.6913389
18138968,"Baudville, Inc.",Baudville,https://www.baudville.com,baudville.com,+18007280888,Grand Rapids,Michigan,49512,United States,1983,1,,,,false,2026-05-09 19:22:28.8422816
18140410,"Shepherd Veterinary Software, LLC dba Shepherd Veterinary Solutions",Shepherd Veterinary Solutions,https://www.shepherd.vet,shepherd.vet,+18886558772,Prescott,Arizona,86303,United States,2016,8,13216535,"Synergy Pet Group, Inc.",,false,2026-09-23 22:38:10.2885276
18179581,GoMo Health,GoMo Health,https://gomohealth.com,gomohealth.com,+18552284330,Asbury Park,New Jersey,07712,United States,2011,1,,,2000000,false,2026-06-23 23:51:58.1148309
18183674,Four Score Solutions LLC,Four Score Solutions,https://www.fourscoresolutions.com,fourscoresolutions.com,+18472768927,Henderson,Nevada,89052,United States,2019,1,,,,false,2026-04-27 07:58:35.0845616
18189331,"Kenilworth Media, Inc.",Kenilworth Media,https://kenilworth.com,kenilworth.com,,Richmond Hill,Ontario,L4B 4N4,Canada,1997,8,359884,FORUM MEDIA GROUP GMBH,,false,2026-08-13 21:07:40.0997778
18199271,"VS Sports, LLC",VS. Sports,https://www.vssports.us,vssports.us,+13854429004,Park City,Utah,84060,United States,2017,1,,,,false,2025-11-28 13:55:57.5748692
18205825,Martin's Nursery & Landscaping Co.,Martin's Nursery & Landscaping,https://www.martinslandscaping.com,martinslandscaping.com,+15048887700,Metairie,Louisiana,70006,United States,1975,1,,,,false,2026-05-02 07:43:07.8555815
18210854,Aspire Software (Canada),Aspire Software,https://www.aspiresoftware.com,aspiresoftware.com,+18132884900,Montreal,Quebec,H4T 1A5,Canada,2016,1,,,,false,2026-06-19 18:23:34.2210832
18218540,Celerity Risk,Celerity Risk,https://celerityrisk.com,celerityrisk.com,,Atlanta,Georgia,30326,United States,2025,1,,,,false,2025-10-06 05:16:39.1283911
18221044,"The Shyft Group, Inc.",The Shyft Group,https://theshyftgroup.com,theshyftgroup.com,+15175436400,Novi,Michigan,48375,United States,1975,8,393730,Aebi Schmidt Holding AG,,false,2026-01-17 23:32:46.9726176
18257239,"Hackett Miller Co., Inc.",Hackett Miller,https://hackettmiller.com,hackettmiller.com,+18187047444,Tarzana,California,91356,United States,2005,1,,,,false,2026-01-08 20:03:24.3629353
18267764,Dream Vision Basketball,Dream Vision Basketball,https://www.dreamvisionbasketball.com,dreamvisionbasketball.com,,San Juan Capistrano,California,92675,United States,2006,5,,,,false,2025-09-05 11:25:08.6210517
18270455,"Happy Global, Inc.",Happy Global,https://happyglobalinc.com,happyglobalinc.com,,Richardson,Texas,75008,United States,2021,1,,,,false,2026-06-08 11:42:47.5673655
18270540,Hoard's Dairyman Farm Creamery,Hoard's Dairyman Farm Creamery,https://www.hoardscreamery.com,hoardscreamery.com,+19205635551,Fort Atkinson,Wisconsin,53538,United States,1899,1,,,,false,2026-05-09 14:42:53.4846897
18277169,Paul Lewallen Media,Paul Lewallen Media,https://paullewallen.com,paullewallen.com,+18582551192,San Diego,California,92137,United States,2005,1,,,,false,2026-06-30 22:25:27.9601438
18282048,The Standard Hotels,The Standard Hotels,https://www.standardhotels.com,standardhotels.com,+12126454646,New York City,New York,10003,United States,1999,8,668461,"Standard International, LLC",,false,2026-01-09 18:48:46.9643603
18285805,Anthony Lloyd Ltd.,Anthony Lloyd,http://alloydelectrical.co.uk,alloydelectrical.co.uk,,Malvern,Pennsylvania,WR135BA,United States,1964,1,,,,false,2025-09-23 12:36:01.9595493
18287926,"Lawhive Legal US, LLC",Lawhive,https://lawhive.com,lawhive.com,+17377778831,Austin,Texas,78717,United States,2014,2,,,113900000,false,2026-08-07 12:14:35.5371493
18288919,"EntreThrive, LLC dba Breakaway365",Breakaway365,https://www.breakaway365.com,breakaway365.com,,La Jolla Amago,California,92037,United States,2023,1,,,,false,2026-02-20 23:58:17.5011696
18297829,"Inspirage, LLC",Inspirage,http://www.inspirage.com,inspirage.com,,Bellevue,Washington,98004-4289,United States,2007,1,,,,false,2026-04-03 10:38:45.0014220
18534448,Vazir Group,Vazir Group,https://vazirgroup.com,vazirgroup.com,+18776510288,Vancouver,British Columbia,V6Z1S4,Canada,2005,1,,,,false,2026-05-01 19:40:18.6785118
18731612,Cake..,Cake,https://cakemembers.com,cakemembers.com,,New York City,New York,10022,United States,2023,2,,,5200000,false,2026-08-03 01:24:39.5069334
19502984,Healthyme AI Company Co.,Healthyme AI,https://healthyme.io,healthyme.io,,Brooklyn,New York,11249,United States,2021,1,,,,false,2026-05-05 14:57:46.4740359
19504018,"Marathon Waste Transfer, Inc. (MWT)",MWT,http://www.marathonwastetransfer.com,marathonwastetransfer.com,+13057435362,Marathon,Florida,33050,United States,2014,1,,,,false,2025-10-14 18:45:25.5564591
21591525,Leverage,Leverage,https://www.leverage.build,leverage.build,,Seattle,Washington,98101,United States,2018,1,,,,false,2026-04-26 12:32:30.8430503
21596673,Algonquin College Professional Training,Algonquin College Professional Training,http://training.algonquincollege.com,training.algonquincollege.com,+18332826852,Ottawa,Ontario,K2G 1V8,Canada,1967,1,,,,false,2026-09-23 05:08:14.7244286
21597978,"Everly Plumbing, LLC",Everly Plumbing,https://www.everlyplumbing.com,everlyplumbing.com,+12109059520,San Antonio,Texas,78217,United States,2021,1,,,,false,2025-11-11 16:57:03.1583169
21601593,Extellis,Extellis,https://www.extellis.com,extellis.com,,Durham,North Carolina,27713,United States,2024,2,,,6800000,false,2026-08-14 13:14:18.2485155
21602130,"Scott Savage Consulting, LLC",Scott Savage Consulting,https://www.savagegroup.biz,savagegroup.biz,+16082154254,Madison,Wisconsin,53711,United States,2007,1,,,,false,2025-11-20 23:52:49.4717544
21610442,Hummingbird Events,Hummingbird Events,http://www.hbeventrentals.com,hbeventrentals.com,+17127225166,Sioux Center,Iowa,51250,United States,2015,1,,,,false,2025-12-01 20:40:29.2193292
21620494,Dunrovin Ranch.,Dunrovin Ranch,https://dunrovinranchmontana.com,dunrovinranchmontana.com,+14062737745,Lolo,Montana,59847,United States,2005,1,,,,false,2026-08-15 15:21:26.2094903
21627976,Sewell Heating & Cooling,Sewell Heating & Cooling,https://sewellheating.com,sewellheating.com,+13144272900,St. Louis,Missouri,63114,United States,1945,1,,,,false,2026-01-06 22:45:49.9380749
21654670,North Dallas Honey Company dba Nature Nate's,Nature Nate's,https://nateshoney.com,nateshoney.com,+14694524429,McKinney,Texas,75071,United States,1972,8,786038,"Natural American Foods, Inc. dba Sweet Harvest Foods, Inc.",,false,2026-06-03 12:26:08.9955805
21662789,North Path Property Management,North Path Property Management,https://www.northpathpm.com,northpathpm.com,+16122701183,Minneapolis,Minnesota,55401,United States,2023,1,,,,false,2026-08-08 03:18:26.4317145
21666146,Gary Hunter Law,Gary Hunter Law,https://garyhunterlaw.com,garyhunterlaw.com,+15194422287,Paris,Ontario,N3L 1K9,Canada,1885,1,,,,false,2026-02-26 12:14:43.0475571
21675732,Netafim USA,Netafim USA,https://www.netafimusa.com,netafimusa.com,+15594536800,Fresno,California,93727,United States,1981,4,495414,"Netafim, Ltd.",,false,2026-07-09 21:23:36.7300923
21700759,Anton Everest,Anton Everest,https://antoneverest.com,antoneverest.com,+19703900773,Edwards,Colorado,81632,United States,2025,1,,,,false,2026-06-05 02:02:52.6052992
21711142,"Palmer Law Firm, LLC",Palmer Law Firm,https://tcpalmerlaw.com,tcpalmerlaw.com,+12562469600,Cullman,Alabama,35055,United States,2020,1,,,,false,2026-04-01 15:40:24.2886187
21726663,"Virchow Medical, Inc.",Virchow Medical,https://virchowmed.com,virchowmed.com,+18334246779,La Jolla Amago,California,92122,United States,2023,2,,,4000000,false,2026-08-08 21:01:20.5086076
21731058,Centrum-AI Inc.,Centrum-AI,https://www.centrum-ai.com,centrum-ai.com,,San Francisco,California,94104-5401,United States,2023,1,,,,false,2026-08-08 05:20:59.7187236
21733211,Circuit EV Solutions,Circuit EV Solutions,https://circuitevsolutions.com,circuitevsolutions.com,,Southlake,Texas,76092,United States,2024,1,,,,false,2026-04-24 14:50:28.4170131
21735743,"Composer Appliance, Inc. dba Composer LLC",Composer,https://www.composer.me,composer.me,,Newark,Delaware,19713,United States,2025,1,,,,false,2026-08-17 03:27:14.4247161
21741443,State University of New York at Plattsburgh,State University of New York at Plattsburgh,https://www.plattsburgh.edu,plattsburgh.edu,+15185643094,Plattsburgh,New York,12901,United States,1889,12,,,,false,2026-07-04 15:10:59.2482241
21760697,"Everforth, Inc.",Everforth,https://everforth.com,everforth.com,+18188713330,Glen Allen,Virginia,23060,United States,1985,6,,,,false,2026-09-23 06:28:16.0367826
21761438,Eggvantage AI Solutions LLC dba MarginOS,MarginOS,https://marginos.com,marginos.com,+16507720011,Longmont,Colorado,80501,United States,2025,1,,,,false,2026-07-07 09:37:43.1674841
21766110,ABC Sand & Rock,ABC Sand & Rock,https://www.abcsandrock.com,abcsandrock.com,+16022721792,Phoenix,Arizona,85009,United States,1974,1,,,,false,2026-06-23 02:54:32.7216776
21775494,Capital Process Service,Capital Process Service,https://capitalprocessservice.com,capitalprocessservice.com,+19162477990,Sacramento,California,95816,United States,2015,1,,,,false,2026-07-06 20:32:14.4980543
21859623,Kenton Grant Consulting,Kenton Grant Consulting,https://www.kentongrantconsulting.com,kentongrantconsulting.com,+19188123774,Tulsa,Oklahoma,74101,United States,2014,1,,,,false,2026-08-11 05:47:02.5938424
22984284,"Waypoint Compliance Advisory, LLC",Waypoint Compliance Advisory,https://waypointca.com,waypointca.com,,DeLand,Florida,32724,United States,2025,1,,,,false,2026-08-20 17:06:39.0380672
24948325,"Plastic Components, Inc.,",Plastic Components,https://plasticcomponents.com,plasticcomponents.com,+12625325899,Germantown,Wisconsin,53022,United States,1989,8,28025,"Trim-Tex, Inc.",,false,2026-09-03 01:42:39.1097438
