id,personid,companyid,startdate,enddate,email,emailconfirmed,phone,title,role,deleted,modifieddate,loaddate
500001,100001,9700,2017-08-10,,,false,,Chief Executive Officer,1,false,2024-02-24,2026-09-01
500002,100002,9700,2024-01-29,,alexander.cooper@medi-code.com,true,(425) 659-5557,Chief Technology Officer,2,false,2024-11-22,2026-09-01
500003,100003,20074,2024-07-03,,,false,,Chief Executive Officer,1,false,2025-06-25,2026-09-01
500004,100004,28462,2018-02-12,,jonathan.thomas@vcnetwork.org,true,(438) 303-7227,Chief Executive Officer,1,false,2024-11-29,2026-09-01
500005,100005,28462,2021-10-31,,stephen.nguyen@vcnetwork.org,true,(899) 863-2169,Chief Financial Officer,2,false,2025-05-16,2026-09-01
500006,100006,28462,2022-09-05,,pamela.harris@vcnetwork.org,true,(904) 770-4598,Director of Sales,3,false,2024-04-24,2026-09-01
500007,100007,45311,2017-12-20,2025-05-10,andrew.rodriguez@flexi.com,true,(858) 669-3340,Chief Executive Officer,1,false,2025-06-22,2026-09-01
500008,100008,48678,2019-04-26,,justin.phillips@blackhawkst.com,true,(632) 810-2040,Chief Executive Officer,1,false,2026-12-19,2026-09-01
500009,100009,48678,2023-01-31,2026-01-04,amy.lopez@blackhawkst.com,true,,Managing Partner,1,false,2025-11-27,2026-09-01
500010,100010,67565,2023-07-21,2025-12-22,ryan.smith@demandfarm.com,true,(403) 356-7126,Chief Executive Officer,1,false,2025-10-25,2026-09-01
500011,100011,67565,2017-09-13,,maria.thompson@demandfarm.com,true,(514) 445-1949,President,1,false,2024-06-24,2026-09-01
500012,100012,68230,2022-07-14,,maria.morgan@inspirage.com,true,,Chief Executive Officer,1,false,2026-11-25,2026-09-01
500013,100013,18297829,2018-10-16,2024-03-18,stephen.perez@inspirage.com,false,,Marketing Manager,3,false,2025-03-27,2026-09-01
500014,100014,68230,2024-08-22,,,false,(434) 269-1514,Chief Executive Officer,1,false,2026-11-18,2026-09-01
500015,100015,71013,2016-02-02,,christine.morales@sutoer.com,true,(616) 394-2545,Chief Executive Officer,1,false,2026-04-21,2026-09-01
500016,100016,83110,2024-01-23,,alexander.gonzalez@implantech.com,true,,Chief Executive Officer,1,false,2024-04-13,2026-09-01
500017,100017,83110,2019-07-23,,susan.young@implantech.com,false,(971) 442-3724,Managing Partner,1,false,2026-04-01,2026-09-01
500018,100018,83110,2019-09-29,,sarah.diaz@implantech.com,true,(471) 665-5673,Chief Operating Officer,2,false,2026-09-23,2026-09-01
500019,100019,84414,2015-08-21,,,false,(714) 743-3579,Chief Executive Officer,1,false,2024-06-13,2026-09-01
500020,100020,94197,2016-06-20,,stephanie.thomas@ebsportgroup.com,false,(444) 471-7484,Chief Executive Officer,1,false,2025-10-09,2026-09-01
500021,100021,94197,2021-01-11,2023-12-23,,false,(776) 302-2200,Co-Founder,1,false,2024-09-28,2026-09-01
500022,100022,94197,2016-10-08,,rebecca.howard@ebsportgroup.com,true,,Co-Founder,1,false,2025-09-11,2026-09-01
500023,100023,103855,2024-06-27,2026-05-17,katherine.ortiz@arrow-precision.com,true,(717) 700-5114,Chief Executive Officer,1,false,2024-03-31,2026-09-01
500024,100023,103855,2024-09-24,,katherine.ortiz@arrow-precision.com,false,(717) 700-5114,Chief Executive Officer,1,false,2025-06-20,2026-09-01
500025,100024,103855,2016-04-03,2025-11-26,gregory.wilson@arrow-precision.com,true,(637) 774-1158,Chief Operating Officer,2,false,2024-11-01,2026-09-01
500026,100025,103855,2016-06-06,2020-02-02,joseph.wilson@arrow-precision.com,true,,Director of Engineering,3,false,2024-03-22,2026-09-01
500027,100026,103855,2021-12-17,,paul.cox@arrow-precision.com,true,(562) 998-7658,Chief Financial Officer,2,false,2025-04-29,2026-09-01
500028,100027,105516,2018-09-06,2018-10-12,,false,,Chief Executive Officer,1,false,2025-07-25,2026-09-01
500029,100028,105516,2016-04-17,,timothy.young@leisurelink.com,false,(749) 539-1452,General Manager,3,false,2025-06-27,2026-09-01
500030,100028,105516,2018-06-08,,timothy.young@leisurelink.com,false,(749) 539-1452,General Manager,3,false,2025-12-08,2026-09-01
500031,100029,105516,2021-06-19,2021-07-01,edward.jones@leisurelink.com,true,(723) 318-7311,Head of Finance,3,false,2024-01-04,2026-09-01
500032,100030,105516,2019-01-31,,ryan.hall@leisurelink.com,true,(959) 954-4228,Store Manager,3,false,2025-11-07,2026-09-01
500033,100031,110698,2021-11-26,,jessica.hill@genicsinc.com,true,(588) 893-3851,Chief Executive Officer,1,false,2024-01-01,2026-09-01
500034,100032,110698,2019-12-15,,dorothy.phillips@genicsinc.com,false,(870) 529-8618,Chief Financial Officer,2,false,2026-08-27,2026-09-01
500035,100033,115298,2020-07-17,,jack.perez@store.looneylabs.com,false,(399) 935-7291,Chief Executive Officer,1,false,2024-01-12,2026-09-01
500036,100034,115298,2020-03-17,2022-10-17,gregory.richardson@store.looneylabs.com,true,(424) 380-9486,Regional Manager,3,false,2024-09-05,2026-09-01
500037,100035,115298,2023-06-21,,mark.sanchez@store.looneylabs.com,true,(772) 809-6198,Store Manager,3,false,2026-10-30,2026-09-01
500038,100036,115298,2024-08-29,,ashley.stewart@store.looneylabs.com,false,,Managing Partner,1,false,2025-05-21,2026-09-01
500039,100037,133573,2018-08-02,,heather.gutierrez@mrca.org,false,(440) 478-6502,Chief Executive Officer,1,false,2024-11-04,2026-09-01
500040,100038,137916,2023-08-20,,patrick.ramirez@rpmmachininginc.com,true,,Chief Executive Officer,1,false,2026-02-18,2026-09-01
500041,100039,137916,2024-12-31,,kevin.cooper@rpmmachininginc.com,true,,Director of Engineering,3,false,2025-03-27,2026-09-01
500042,100040,140788,2015-04-21,,gary.brown@dentalpower.com,true,(330) 837-9751,Chief Executive Officer,1,false,2024-02-25,2026-09-01
500043,100041,144487,2020-04-10,2026-01-18,cynthia.white@skyhomesusa.com,false,(631) 458-2341,Chief Executive Officer,1,false,2025-12-17,2026-09-01
500044,100042,144487,2017-03-27,,dorothy.ramirez@skyhomesusa.com,true,(972) 231-5051,Co-Founder,1,false,2025-05-03,2026-09-01
500045,100043,149472,2015-04-16,,larry.ramirez@ackalerts.com,true,,Chief Executive Officer,1,false,2026-02-07,2026-09-01
500046,100044,149472,2022-10-26,,nancy.cox@ackalerts.com,true,(842) 448-2669,Chief Technology Officer,2,false,2024-09-04,2026-09-01
500047,100045,151094,2019-01-23,,jennifer.hall@internationalaircraft.com,true,,Chief Executive Officer,1,false,2024-11-09,2026-09-01
500048,100046,151094,2020-03-19,,david.cook@internationalaircraft.com,true,(830) 751-8921,Head of Finance,3,false,2025-07-03,2026-09-01
500049,100047,160725,2024-07-17,,barbara.scott@switchbackgroup.com,true,(544) 229-9098,Chief Executive Officer,1,false,2025-12-27,2026-09-01
500050,100048,169163,2022-09-29,,,false,(700) 768-4937,Chief Executive Officer,1,false,2026-10-02,2026-09-01
500051,100049,177295,2018-12-12,,stephanie.young@blackshare-env.com,false,(635) 963-6419,Chief Executive Officer,1,false,2025-05-29,2026-09-01
500052,100050,178694,2015-02-27,,kenneth.thomas@universalutilities.com,false,,Chief Executive Officer,1,false,2024-04-03,2026-09-01
500053,100051,178694,2016-02-25,,matthew.ramirez@universalutilities.com,true,(853) 970-9042,Managing Partner,1,false,2026-08-19,2026-09-01
500054,100052,178694,2024-08-30,,scott.torres@universalutilities.com,true,,Head of Product,3,false,2026-03-31,2026-09-01
500055,100053,181726,2019-04-08,,debra.miller@westcoastuniversity.edu,true,(431) 994-9561,Chief Executive Officer,1,false,2026-05-28,2026-09-01
500056,100054,181726,2022-01-06,2025-09-14,,false,(301) 981-4404,Controller,3,false,2024-06-15,2026-09-01
500057,100055,182494,2022-12-05,2026-10-27,elizabeth.lee@create.org,true,(233) 437-5720,Chief Executive Officer,1,false,2025-04-23,2026-09-01
500058,100056,184694,2020-04-03,,benjamin.ramos@healthspanpolicy.org,true,(495) 649-3037,Chief Executive Officer,1,false,2025-07-11,2026-09-01
500059,100057,184694,2021-10-08,2022-01-10,joseph.cooper@healthspanpolicy.org,false,(642) 952-6280,Office Manager,3,false,2024-02-12,2026-09-01
500060,100058,184694,2020-04-11,,christopher.martinez@healthspanpolicy.org,true,(981) 974-3870,Business Development Manager,3,false,2025-07-23,2026-09-01
500061,100059,187919,2024-02-15,,samantha.morales@crailtap.com,false,(495) 878-7561,Chief Executive Officer,1,false,2024-06-29,2026-09-01
500062,100060,187919,2020-03-07,,,false,(726) 201-9889,Head of Product,3,false,2025-01-19,2026-09-01
500063,100061,192915,2018-06-26,,amy.cruz@iddjewelry.com,true,(823) 445-3594,Chief Executive Officer,1,false,2024-07-09,2026-09-01
500064,100062,192915,2024-05-01,2025-08-20,stephen.taylor@iddjewelry.com,true,,President,1,false,2025-07-13,2026-09-01
500065,100063,194734,2017-12-30,,jacob.young@cherisdesertharvest.com,false,(624) 548-9318,Chief Executive Officer,1,false,2025-09-03,2026-09-01
500066,100064,194734,2020-06-06,,matthew.kim@cherisdesertharvest.com,true,(352) 657-9824,Principal,2,false,2026-02-11,2026-09-01
500067,100065,194813,2022-06-11,,,false,(922) 590-7325,Chief Executive Officer,1,false,2024-11-07,2026-09-01
500068,100066,198764,2023-10-07,,emma.nelson@kalostherapeutics.com,true,(358) 276-8692,Chief Executive Officer,1,false,2026-03-25,2026-09-01
500069,100067,198764,2024-10-13,,shirley.collins@kalostherapeutics.com,true,(589) 524-8994,Head of Product,3,false,2025-04-25,2026-09-01
500070,100068,201053,2024-10-06,,sandra.lopez@micromaterials-inc.com,true,,Chief Executive Officer,1,false,2026-10-16,2026-09-01
500071,100069,201053,2024-01-09,,jeffrey.perez@micromaterials-inc.com,false,(670) 461-1153,Owner,1,false,2024-11-19,2026-09-01
500072,100070,201053,2019-10-04,,dorothy.davis@micromaterials-inc.com,true,,Director of Engineering,3,false,2025-09-10,2026-09-01
500073,100071,201053,2019-04-12,,christopher.young@micromaterials-inc.com,true,,Director of Sales,3,false,2025-08-27,2026-09-01
500074,100071,201053,2021-03-21,,christopher.young@micromaterials-inc.com,false,,Director of Sales,3,false,2025-07-16,2026-09-01
500075,100072,207929,2023-11-05,,heather.miller@upfrontfoods.com,true,(861) 240-6061,Chief Executive Officer,1,false,2024-09-26,2026-09-01
500076,100073,207929,2024-10-29,,heather.robinson@upfrontfoods.com,true,(405) 335-9837,VP of Operations,3,false,2025-07-12,2026-09-01
500077,100074,207929,2024-01-08,2024-06-03,samantha.harris@upfrontfoods.com,false,(502) 964-6549,VP of Marketing,3,false,2025-04-07,2026-09-01
500078,100075,216941,2015-04-13,,,false,,Chief Executive Officer,1,false,2025-11-02,2026-09-01
500079,100076,216941,2022-04-13,,kimberly.morgan@bostonmedflight.org,false,(675) 917-5951,VP of Sales,3,false,2024-03-17,2026-09-01
500080,100077,216941,2021-01-10,2026-02-02,,false,,Office Manager,3,false,2026-01-29,2026-09-01
500081,100078,216979,2019-01-25,2026-09-09,anna.turner@mobiledataforce.com,true,,Chief Executive Officer,1,false,2026-01-04,2026-09-01
500082,100079,216979,2024-07-05,,katherine.gonzalez@mobiledataforce.com,false,,VP of Marketing,3,false,2025-03-10,2026-09-01
500083,100080,216979,2018-09-28,2019-05-31,emily.jones@mobiledataforce.com,true,,Controller,3,false,2025-02-24,2026-09-01
500084,100081,221799,2024-09-18,2024-01-31,anthony.ramos@capitalinsurance.com,true,,Chief Executive Officer,1,false,2025-05-02,2026-09-01
500085,100082,221799,2023-04-27,,heather.jackson@capitalinsurance.com,false,,Chief Executive Officer,1,false,2024-05-10,2026-09-01
500086,100083,221799,2021-11-24,2026-11-06,emily.jackson@capitalinsurance.com,true,(662) 715-4629,Regional Manager,3,false,2024-03-04,2026-09-01
500087,100084,225475,2019-04-10,,stephanie.diaz@availtec.com,true,(799) 761-6327,Chief Executive Officer,1,false,2026-07-18,2026-09-01
500088,100085,225475,2019-10-28,,,false,(870) 866-4522,Sales Manager,3,false,2025-04-12,2026-09-01
500089,100086,225687,2021-07-30,,,false,(333) 769-1982,Chief Executive Officer,1,false,2025-11-06,2026-09-01
500090,100087,225687,2018-03-24,,kenneth.allen@theshineproject.com,true,(968) 633-1842,Sales Manager,3,false,2026-11-05,2026-09-01
500091,100088,225687,2016-04-15,,david.lopez@theshineproject.com,true,(558) 769-7022,Business Development Manager,3,false,2026-05-28,2026-09-01
500092,100089,228336,2017-05-31,,helen.ward@coachingaction.com,true,(231) 293-9691,Chief Executive Officer,1,false,2024-11-18,2026-09-01
500093,100090,228336,2016-09-29,2022-12-05,nicole.wright@coachingaction.com,false,(810) 286-1861,Head of Finance,3,false,2024-06-16,2026-09-01
500094,100091,228336,2023-06-20,,rachel.flores@coachingaction.com,true,(624) 479-4531,Business Development Manager,3,false,2024-08-15,2026-09-01
500095,100092,228336,2019-06-07,,lisa.jackson@coachingaction.com,false,(515) 246-4612,Business Development Manager,3,false,2025-02-22,2026-09-01
500096,100093,230292,2022-11-22,2025-02-18,sarah.allen@sdmsoftware.com,true,(332) 589-9725,Chief Executive Officer,1,false,2025-12-26,2026-09-01
500097,100094,233785,2019-11-24,,jennifer.parker@themosaiccompany.com,false,(906) 570-2443,Chief Executive Officer,1,false,2026-03-31,2026-09-01
500098,100095,233785,2015-11-09,,kenneth.kelly@themosaiccompany.com,false,(426) 541-3754,Director of Sales,3,false,2026-11-10,2026-09-01
500099,100096,233785,2016-02-26,2018-03-19,donna.anderson@themosaiccompany.com,false,(860) 351-4871,Regional Manager,3,false,2024-11-09,2026-09-01
500100,100097,240956,2020-04-04,,daniel.murphy@astinfarms.com,true,(354) 650-2118,Chief Executive Officer,1,false,2025-07-16,2026-09-01
500101,100098,240956,2020-01-26,2024-02-19,debra.reed@astinfarms.com,true,,Director of Engineering,3,false,2024-06-06,2026-09-01
500102,100099,241361,2017-10-11,,barbara.ward@brandnex.com,true,,Chief Executive Officer,1,false,2026-12-09,2026-09-01
500103,100100,241361,2022-08-12,,justin.peterson@brandnex.com,true,(596) 618-6543,Chief Operating Officer,2,false,2025-11-16,2026-09-01
500104,100101,241361,2017-10-29,,pamela.harris@brandnex.com,true,,President,1,false,2024-11-03,2026-09-01
500105,100102,241361,2016-06-12,,karen.davis@brandnex.com,true,(517) 871-7421,Principal,2,false,2025-09-26,2026-09-01
500106,100103,241916,2017-02-25,2018-07-18,kevin.taylor@holsteinplaza.com,false,(549) 984-8967,Chief Executive Officer,1,false,2025-08-28,2026-09-01
500107,100104,241916,2022-06-04,,barbara.diaz@holsteinplaza.com,true,(956) 739-1618,President,1,false,2024-09-25,2026-09-01
500108,100105,250407,2023-01-26,2025-06-28,,false,,Chief Executive Officer,1,false,2025-08-06,2026-09-01
500109,100106,256079,2022-03-11,,sandra.morgan@standardhotels.com,true,(341) 456-1854,Chief Executive Officer,1,false,2024-07-29,2026-09-01
500110,100107,18282048,2018-01-22,,melissa.kelly@standardhotels.com,true,(491) 285-3626,Chief Technology Officer,2,false,2026-06-14,2026-09-01
500111,100108,256079,2020-01-22,,heather.carter@standardhotels.com,true,,Co-Founder,1,false,2026-04-29,2026-09-01
500112,100109,256663,2018-03-21,,donald.roberts@meridianmed.net,true,,Chief Executive Officer,1,false,2024-10-11,2026-09-01
500113,100110,256663,2015-11-21,2019-11-02,patricia.green@meridianmed.net,true,,Office Manager,3,false,2026-12-16,2026-09-01
500114,100111,261097,2021-11-23,,donald.hill@heidts.com,true,(498) 639-1025,Chief Executive Officer,1,false,2025-01-18,2026-09-01
500115,100112,261097,2020-11-24,,rebecca.richardson@heidts.com,true,,Co-Founder,1,false,2026-11-05,2026-09-01
500116,100113,261097,2019-05-04,,scott.morgan@heidts.com,false,,Director of Sales,3,false,2024-02-03,2026-09-01
500117,100114,263651,2022-10-19,,,false,(858) 379-8612,Chief Executive Officer,1,false,2025-01-08,2026-09-01
500118,100115,273953,2018-01-24,2022-02-16,ryan.jones@datalabel.com,true,(248) 871-6438,Chief Executive Officer,1,false,2026-03-30,2026-09-01
500119,100116,273953,2022-10-05,,jennifer.green@datalabel.com,true,,Director of Sales,3,false,2026-11-29,2026-09-01
500120,100117,273953,2021-10-03,,anna.stewart@datalabel.com,false,,Co-Founder,1,false,2025-08-24,2026-09-01
500121,100118,288986,2022-07-12,,michelle.edwards@barrelmover5000.com,true,(854) 258-2229,Chief Executive Officer,1,false,2024-11-23,2026-09-01
500122,100119,288986,2015-10-03,2023-03-20,frank.cruz@barrelmover5000.com,true,(648) 235-3068,Owner,1,false,2024-03-07,2026-09-01
500123,100120,291336,2023-04-02,2025-11-26,melissa.mitchell@judge.com,true,,Chief Executive Officer,1,false,2024-08-29,2026-09-01
500124,100121,291336,2021-11-11,2026-07-05,shirley.campbell@judge.com,false,,VP of Marketing,3,false,2024-10-04,2026-09-01
500125,100122,292302,2023-11-25,,carolyn.cruz@bts-intl.com,false,(928) 926-3852,Chief Executive Officer,1,false,2025-02-15,2026-09-01
500126,100123,292302,2021-03-19,,christine.hall@bts-intl.com,true,,VP of Sales,3,false,2024-09-22,2026-09-01
500127,100124,304055,2015-10-31,,carolyn.morris@syntelli.com,true,,Chief Executive Officer,1,false,2025-12-06,2026-09-01
500128,100125,305050,2017-03-15,,stephen.ramos@reputationrights.com,true,(490) 280-5105,Chief Executive Officer,1,false,2024-09-13,2026-09-01
500129,100126,305050,2016-12-02,,nicholas.davis@reputationrights.com,true,(372) 806-3526,Controller,3,false,2025-11-22,2026-09-01
500130,100127,305050,2022-04-21,2025-03-17,,false,(283) 246-5336,Principal,2,false,2026-05-03,2026-09-01
500131,100128,306909,2024-08-29,,anna.nguyen@rsgweb.com,true,,Chief Executive Officer,1,false,2025-12-08,2026-09-01
500132,100129,306909,2020-03-25,2025-01-15,ashley.phillips@rsgweb.com,false,(308) 526-4960,Owner,1,false,2024-07-17,2026-09-01
500133,100129,306909,2022-02-25,,ashley.phillips@rsgweb.com,false,(308) 526-4960,Owner,1,false,2026-05-06,2026-09-01
500134,100130,306909,2017-02-16,,charles.cruz@rsgweb.com,true,(535) 791-6123,VP of Sales,3,false,2026-11-20,2026-09-01
500135,100131,308910,2016-03-16,,amy.williams@droplit.io,true,,Chief Executive Officer,1,false,2026-01-19,2026-09-01
500136,100132,308910,2021-04-20,2024-03-28,,false,,Director of Engineering,3,false,2024-05-30,2026-09-01
500137,100133,308910,2021-12-27,,michael.miller@droplit.io,false,,Marketing Manager,3,false,2024-07-17,2026-09-01
500138,100134,322699,2021-11-16,,carol.bailey@tenbythree.org,true,(727) 343-6373,Chief Executive Officer,1,false,2025-09-04,2026-09-01
500139,100135,322699,2020-04-29,,nicole.rogers@tenbythree.org,true,(925) 776-5911,General Manager,3,false,2024-08-12,2026-09-01
500140,100136,322699,2021-09-10,,john.moore@tenbythree.org,true,(904) 844-1436,Principal,2,false,2025-04-11,2026-09-01
500141,100137,326929,2022-09-29,2024-10-24,nancy.ortiz@premier-ks.com,true,(628) 355-7765,Chief Executive Officer,1,false,2026-08-23,2026-09-01
500142,100138,326929,2022-06-05,,christopher.young@premier-ks.com,true,(731) 412-6325,Head of Finance,3,false,2024-12-20,2026-09-01
500143,100139,334552,2018-05-04,,anna.rivera@barosolutions.com,true,,Chief Executive Officer,1,false,2026-09-28,2026-09-01
500144,100140,334552,2016-05-14,,brandon.morris@barosolutions.com,true,(938) 480-5715,Director of Engineering,3,false,2026-03-19,2026-09-01
500145,100141,346129,2015-08-04,2022-05-29,christopher.nguyen@csvmarketing.com,true,(743) 431-4814,Chief Executive Officer,1,false,2024-07-24,2026-09-01
500146,100142,346129,2020-05-09,,,false,(361) 616-8793,Owner,1,false,2025-08-11,2026-09-01
500147,100143,346129,2020-12-31,,,false,(867) 787-4804,HR Manager,3,false,2024-03-17,2026-09-01
500148,100144,346129,2017-02-02,,sarah.wilson@csvmarketing.com,true,(237) 606-9116,Chief Operating Officer,2,false,2025-08-15,2026-09-01
500149,100145,347922,2016-10-27,,susan.nelson@bonehamusa.com,true,,Chief Executive Officer,1,false,2025-01-16,2026-09-01
500150,100145,347922,2017-11-21,,susan.nelson@bonehamusa.com,false,,Chief Executive Officer,1,false,2025-08-27,2026-09-01
500151,100146,347922,2021-11-07,,amy.moore@bonehamusa.com,true,,Principal,2,false,2026-05-25,2026-09-01
500152,100147,351256,2022-10-08,2025-09-29,lisa.moore@dahlquistheatingandcooling.com,false,(211) 467-6890,Chief Executive Officer,1,false,2025-09-20,2026-09-01
500153,100148,351256,2022-09-28,2023-08-28,kimberly.roberts@dahlquistheatingandcooling.com,true,(920) 988-6095,Business Development Manager,3,false,2025-03-28,2026-09-01
500154,100149,353083,2023-12-29,,karen.collins@sharerocket.com,false,(682) 975-9806,Chief Executive Officer,1,false,2025-05-21,2026-09-01
500155,100150,354622,2019-12-15,2021-04-21,william.ortiz@liquidiceenergy.com,true,(368) 535-9525,Chief Executive Officer,1,false,2026-09-28,2026-09-01
500156,100151,354622,2016-06-24,,larry.anderson@liquidiceenergy.com,true,,General Manager,3,false,2024-04-28,2026-09-01
500157,100152,356607,2015-05-10,2019-01-14,michelle.williams@concretesoftware.com,true,(261) 270-8734,Chief Executive Officer,1,false,2026-05-10,2026-09-01
500158,100153,356607,2022-08-28,,justin.martinez@concretesoftware.com,true,(586) 584-2314,Director of Sales,3,false,2024-09-29,2026-09-01
500159,100154,356960,2019-10-04,,daniel.morgan@dictionary.cambridge.org,true,(505) 674-9920,Chief Executive Officer,1,false,2025-05-21,2026-09-01
500160,100155,360834,2015-10-03,2015-10-03,matthew.anderson@wyvernltd.com,true,(216) 446-4376,Chief Executive Officer,1,false,2024-04-09,2026-09-01
500161,100156,370140,2024-10-29,2026-12-03,anna.ramirez@mondayre.com,false,(528) 442-5944,Chief Executive Officer,1,false,2025-09-07,2026-09-01
500162,100157,370140,2021-03-26,,nicholas.nguyen@mondayre.com,true,(379) 841-7999,Managing Partner,1,false,2026-02-19,2026-09-01
500163,100158,379997,2024-08-13,,rebecca.evans@linersource.com,true,(446) 430-5927,Chief Executive Officer,1,false,2024-04-28,2026-09-01
500164,100159,380108,2023-07-17,,brenda.ortiz@airtronics.com,true,,Chief Executive Officer,1,false,2025-03-20,2026-09-01
500165,100160,380108,2023-05-18,,steven.clark@airtronics.com,true,(416) 394-2922,Head of Product,3,false,2025-05-11,2026-09-01
500166,100161,380108,2019-04-09,,melissa.lopez@airtronics.com,true,(765) 529-5637,Chief Technology Officer,2,false,2025-09-23,2026-09-01
500167,100162,380108,2017-04-12,,andrew.carter@airtronics.com,true,(939) 680-6246,General Manager,3,false,2025-03-29,2026-09-01
500168,100163,386334,2023-07-24,,justin.howard@vymac.com,true,(901) 545-5216,Chief Executive Officer,1,false,2026-10-01,2026-09-01
500169,100164,386334,2023-01-29,,betty.nelson@vymac.com,false,,Head of Finance,3,false,2024-04-30,2026-09-01
500170,100165,401357,2015-03-06,2024-03-23,elizabeth.miller@firstascenntures.com,false,(831) 694-8993,Chief Executive Officer,1,false,2026-12-20,2026-09-01
500171,100166,401357,2024-02-13,,benjamin.robinson@firstascenntures.com,true,,Managing Partner,1,false,2025-01-02,2026-09-01
500172,100167,401357,2021-12-13,,mary.ramirez@firstascenntures.com,true,,President,1,false,2025-07-01,2026-09-01
500173,100168,403574,2020-12-03,,ryan.reed@acesepticcontracting.com,false,(539) 779-2562,Chief Executive Officer,1,false,2026-08-31,2026-09-01
500174,100169,403574,2021-02-02,,joshua.hernandez@acesepticcontracting.com,false,,Co-Founder,1,false,2025-10-06,2026-09-01
500175,100169,403574,2022-03-01,,joshua.hernandez@acesepticcontracting.com,false,,Co-Founder,1,false,2024-10-22,2026-09-01
500176,100170,403574,2021-04-28,2025-05-13,barbara.phillips@acesepticcontracting.com,true,(278) 506-3661,Regional Manager,3,false,2025-11-10,2026-09-01
500177,100171,403574,2023-05-12,,linda.johnson@acesepticcontracting.com,false,(941) 280-9204,Head of Finance,3,false,2026-06-14,2026-09-01
500178,100172,406112,2022-08-16,,brandon.kim@snapdx.co,true,(584) 642-4043,Chief Executive Officer,1,false,2025-08-27,2026-09-01
500179,100173,406112,2019-04-06,,,false,,Chief Technology Officer,2,false,2024-11-11,2026-09-01
500180,100174,406234,2017-02-06,,susan.lopez@cyclelogicalgear.com,true,(304) 335-2430,Chief Executive Officer,1,false,2026-11-15,2026-09-01
500181,100175,415075,2021-05-31,,,false,(997) 286-4977,Chief Executive Officer,1,false,2026-02-18,2026-09-01
500182,100176,418098,2017-10-27,,andrew.murphy@cohesionforce.com,true,(695) 278-6916,Chief Executive Officer,1,false,2026-10-12,2026-09-01
500183,100177,421585,2024-09-01,,susan.moore@oakridgeenvironmentalengineering.com,true,,Chief Executive Officer,1,false,2024-10-05,2026-09-01
500184,100178,425327,2024-02-27,,frank.sanchez@threatmark.com,true,(533) 585-5592,Chief Executive Officer,1,false,2025-02-13,2026-09-01
500185,100179,425327,2022-12-11,2026-06-22,kenneth.nguyen@threatmark.com,false,(227) 944-8563,Managing Partner,1,false,2024-05-21,2026-09-01
500186,100180,425610,2015-05-31,,timothy.murphy@bluefoxgroup.com,true,(908) 628-9907,Chief Executive Officer,1,false,2024-06-23,2026-09-01
500187,100181,425610,2022-04-04,,donald.allen@bluefoxgroup.com,true,,VP of Sales,3,false,2026-03-29,2026-09-01
500188,100182,425610,2017-06-28,,elizabeth.edwards@bluefoxgroup.com,true,(210) 300-5239,Head of Product,3,false,2025-03-28,2026-09-01
500189,100183,427883,2016-04-20,,jerry.ramos@wmb-llc.com,true,(502) 625-2406,Chief Executive Officer,1,false,2025-12-14,2026-09-01
500190,100184,428739,2024-07-10,,anthony.gutierrez@cannabisandhemp.org,false,,Chief Executive Officer,1,false,2024-12-02,2026-09-01
500191,100185,428739,2016-10-17,,jeffrey.edwards@cannabisandhemp.org,true,,Head of Finance,3,false,2026-08-04,2026-09-01
500192,100186,440490,2021-06-22,2023-02-05,lisa.white@doorguys.com,true,(410) 485-2025,Chief Executive Officer,1,false,2025-02-07,2026-09-01
500193,100187,440490,2021-11-08,,patricia.ward@doorguys.com,false,(854) 520-7367,VP of Marketing,3,false,2025-12-21,2026-09-01
500194,100188,440496,2016-08-02,,,false,,Chief Executive Officer,1,false,2026-05-06,2026-09-01
500195,100189,440496,2022-02-16,,alexander.moore@northernplainstrack.com,true,,Principal,2,false,2024-12-20,2026-09-01
500196,100190,442541,2019-08-30,,sarah.white@dartlessseals.com,true,(706) 618-9056,Chief Executive Officer,1,false,2024-12-08,2026-09-01
500197,100191,442541,2015-05-14,2021-06-22,amanda.johnson@dartlessseals.com,false,,Chief Executive Officer,1,false,2026-07-25,2026-09-01
500198,100192,443223,2020-01-17,2020-12-22,amy.peterson@homewetbar.com,true,(453) 504-1528,Chief Executive Officer,1,false,2024-08-28,2026-09-01
500199,100193,443223,2016-11-10,,andrew.cooper@homewetbar.com,true,(905) 559-8015,VP of Sales,3,false,2025-02-27,2026-09-01
500200,100194,443223,2021-01-15,2024-04-13,maria.cruz@homewetbar.com,false,,Principal,2,false,2025-07-01,2026-09-01
500201,100195,443586,2020-06-27,2023-01-05,alexander.gonzalez@leedsourcegroup.com,true,(453) 979-7434,Chief Executive Officer,1,false,2026-02-07,2026-09-01
500202,100196,443586,2022-10-16,,linda.scott@leedsourcegroup.com,true,(612) 727-5558,HR Manager,3,false,2026-09-26,2026-09-01
500203,100197,459018,2024-07-23,,janet.lopez@newyorkcares.org,true,,Chief Executive Officer,1,false,2024-04-09,2026-09-01
500204,100197,459018,2026-07-30,,janet.lopez@newyorkcares.org,false,,Chief Executive Officer,1,false,2024-02-03,2026-09-01
500205,100198,459018,2020-02-13,2024-10-18,david.morgan@newyorkcares.org,false,,President,1,false,2024-09-27,2026-09-01
500206,100199,459018,2017-10-22,2024-06-14,amy.wright@newyorkcares.org,true,(480) 295-6905,VP of Operations,3,false,2024-12-04,2026-09-01
500207,100199,459018,2018-09-18,,amy.wright@newyorkcares.org,false,(480) 295-6905,VP of Operations,3,false,2025-04-24,2026-09-01
500208,100200,462640,2020-05-10,2024-04-18,,false,(323) 632-3165,Chief Executive Officer,1,false,2024-07-01,2026-09-01
500209,100201,462640,2018-05-10,2026-09-04,,false,,President,1,false,2024-09-29,2026-09-01
500210,100202,473922,2016-02-16,2017-05-19,david.ortiz@diggom.com,true,(653) 422-2420,Chief Executive Officer,1,false,2026-02-25,2026-09-01
500211,100203,473922,2018-02-08,,jeffrey.hall@diggom.com,false,,Sales Manager,3,false,2025-08-06,2026-09-01
500212,100204,473925,2020-08-08,,gregory.hill@turnkey-technology.com,false,,Chief Executive Officer,1,false,2024-01-25,2026-09-01
500213,100205,473925,2021-02-15,,matthew.gomez@turnkey-technology.com,true,(782) 630-6986,Head of Product,3,false,2024-05-29,2026-09-01
500214,100205,473925,2021-05-19,,matthew.gomez@turnkey-technology.com,false,(782) 630-6986,Head of Product,3,false,2024-01-29,2026-09-01
500215,100206,476122,2022-11-14,,jennifer.davis@nays.org,true,(985) 625-7939,Chief Executive Officer,1,false,2024-11-08,2026-09-01
500216,100207,478655,2018-06-24,,angela.clark@locusview.com,true,(865) 897-2083,Chief Executive Officer,1,false,2025-05-03,2026-09-01
500217,100207,478655,2018-06-26,,angela.clark@locusview.com,false,(865) 897-2083,Chief Executive Officer,1,false,2026-06-08,2026-09-01
500218,100208,485723,2020-07-26,,,false,(918) 211-3684,Chief Executive Officer,1,false,2026-12-07,2026-09-01
500219,100209,487112,2019-02-15,2020-02-26,kimberly.perez@auro.ai,true,(256) 711-3734,Chief Executive Officer,1,false,2024-08-24,2026-09-01
500220,100210,487112,2020-04-16,,,false,(212) 450-1753,General Manager,3,false,2024-11-03,2026-09-01
500221,100211,487112,2017-07-08,,shirley.rodriguez@auro.ai,true,(958) 871-7870,Founder,1,false,2025-10-17,2026-09-01
500222,100212,504088,2020-03-20,,nicholas.miller@tpslab.com,true,,Chief Executive Officer,1,false,2025-09-28,2026-09-01
500223,100213,509183,2016-09-08,2020-08-06,mary.mitchell@primedrx.com,false,(950) 759-5016,Chief Executive Officer,1,false,2025-12-10,2026-09-01
500224,100214,509183,2024-07-09,,jack.richardson@primedrx.com,true,(201) 977-7164,Chief Technology Officer,2,false,2025-02-24,2026-09-01
500225,100215,509633,2020-02-21,,,false,(732) 622-7102,Chief Executive Officer,1,false,2024-06-22,2026-09-01
500226,100216,511188,2024-04-30,,samantha.gomez@atg-direct.com,true,,Chief Executive Officer,1,false,2025-07-10,2026-09-01
500227,100217,511188,2016-11-04,,sharon.taylor@atg-direct.com,true,(311) 359-2731,Chief Financial Officer,2,false,2024-09-04,2026-09-01
500228,100218,511626,2021-03-27,,anthony.edwards@mednetinc.com,false,(231) 614-8408,Chief Executive Officer,1,false,2026-08-04,2026-09-01
500229,100219,511626,2024-04-24,,barbara.lee@mednetinc.com,false,,Store Manager,3,false,2025-02-09,2026-09-01
500230,100220,511626,2024-02-12,2024-05-12,margaret.adams@mednetinc.com,false,(286) 796-5240,Director of Engineering,3,false,2026-06-27,2026-09-01
500231,100221,511626,2020-03-03,2026-06-08,amanda.gomez@mednetinc.com,true,(539) 325-1699,Co-Founder,1,false,2026-03-19,2026-09-01
500232,100222,514794,2022-04-05,2024-04-23,jason.thompson@dayafterdaymarketing.com,true,(235) 828-5026,Chief Executive Officer,1,false,2026-09-08,2026-09-01
500233,100223,516153,2020-05-18,,sarah.turner@indrastra.com,true,(219) 591-6883,Chief Executive Officer,1,false,2026-10-25,2026-09-01
500234,100224,519100,2016-10-15,2023-05-14,,false,(742) 566-4813,Chief Executive Officer,1,false,2025-05-08,2026-09-01
500235,100225,520188,2021-01-29,,jack.davis@atlrg.com,true,(776) 392-9064,Chief Executive Officer,1,false,2024-07-03,2026-09-01
500236,100225,520188,2022-03-25,,jack.davis@atlrg.com,false,(776) 392-9064,Chief Executive Officer,1,false,2024-02-10,2026-09-01
500237,100226,520188,2021-11-20,2022-06-19,amanda.thompson@atlrg.com,true,,General Manager,3,false,2024-12-29,2026-09-01
500238,100227,520188,2022-11-26,,,false,,Head of Product,3,false,2024-08-15,2026-09-01
500239,100228,522538,2017-07-03,,elizabeth.mitchell@theshyftgroup.com,true,(910) 828-6846,Chief Executive Officer,1,false,2026-02-13,2026-09-01
500240,100229,18221044,2016-12-28,,emma.gonzalez@theshyftgroup.com,true,,VP of Operations,3,false,2026-03-12,2026-09-01
500241,100230,522538,2021-10-03,,charles.parker@theshyftgroup.com,true,,Regional Manager,3,false,2025-03-28,2026-09-01
500242,100231,522714,2015-02-16,2020-08-06,susan.murphy@shepherd.vet,true,(946) 543-8317,Chief Executive Officer,1,false,2025-12-18,2026-09-01
500243,100232,18140410,2023-03-20,,donald.hall@shepherd.vet,false,(249) 595-8179,VP of Marketing,3,false,2026-04-27,2026-09-01
500244,100233,523476,2016-03-04,2017-11-27,edward.hall@scscommodities.com,true,,Chief Executive Officer,1,false,2024-11-25,2026-09-01
500245,100234,523476,2022-11-25,2025-08-31,pamela.lewis@scscommodities.com,false,(546) 808-8909,Managing Partner,1,false,2026-06-08,2026-09-01
500246,100235,524429,2016-01-28,2022-05-30,anthony.harris@plasticcomponents.com,true,,Chief Executive Officer,1,false,2026-10-02,2026-09-01
500247,100236,529813,2016-11-30,,george.smith@netafimusa.com,true,,Chief Executive Officer,1,false,2026-08-27,2026-09-01
500248,100237,530676,2018-01-05,,michelle.gomez@jetsetesl.com,false,,Chief Executive Officer,1,false,2024-07-17,2026-09-01
500249,100238,530676,2021-03-17,2025-05-05,barbara.cooper@jetsetesl.com,true,(974) 803-4727,Director of Engineering,3,false,2026-05-07,2026-09-01
500250,100239,530676,2015-11-20,,melissa.white@jetsetesl.com,true,(441) 687-5896,Business Development Manager,3,false,2024-03-12,2026-09-01
500251,100240,533773,2021-03-28,,pamela.richardson@poweredbyempire.com,true,(268) 289-7358,Chief Executive Officer,1,false,2025-07-19,2026-09-01
500252,100241,533773,2019-08-25,2025-05-09,daniel.perez@poweredbyempire.com,true,(735) 629-2843,Chief Executive Officer,1,false,2024-07-24,2026-09-01
500253,100242,533773,2017-12-17,,jennifer.diaz@poweredbyempire.com,true,(748) 552-7732,Principal,2,false,2026-08-26,2026-09-01
500254,100242,533773,2018-07-19,,jennifer.diaz@poweredbyempire.com,false,(748) 552-7732,Principal,2,false,2026-04-05,2026-09-01
500255,100243,533773,2024-12-22,,betty.jackson@poweredbyempire.com,true,(611) 239-7484,Owner,1,false,2024-04-10,2026-09-01
500256,100244,536077,2023-07-08,,melissa.williams@grillos.com,true,(616) 958-8937,Chief Executive Officer,1,false,2024-04-25,2026-09-01
500257,100245,4490390,2022-12-16,,emily.morales@grillos.com,false,,General Manager,3,false,2026-12-09,2026-09-01
500258,100246,536077,2024-05-04,2024-04-28,,false,,Principal,2,false,2025-05-25,2026-09-01
500259,100247,4490390,2019-02-17,,andrew.turner@grillos.com,true,(921) 403-5488,Founder,1,false,2024-09-10,2026-09-01
500260,100248,536634,2024-04-26,,donald.mitchell@arnhemgroup.com,false,,Chief Executive Officer,1,false,2026-03-02,2026-09-01
500261,100248,536634,2025-03-14,,donald.mitchell@arnhemgroup.com,false,,Chief Executive Officer,1,false,2025-03-29,2026-09-01
500262,100249,536634,2022-04-22,,jacob.ramos@arnhemgroup.com,false,,HR Manager,3,false,2024-01-19,2026-09-01
500263,100250,536638,2019-10-02,,daniel.kim@us-extruders.com,true,(929) 926-5511,Chief Executive Officer,1,false,2026-07-29,2026-09-01
500264,100251,544524,2015-09-19,,alexander.gutierrez@dietryingtx.com,false,,Chief Executive Officer,1,false,2025-10-27,2026-09-01
500265,100252,544524,2016-09-06,,james.rogers@dietryingtx.com,false,(867) 505-4086,VP of Marketing,3,false,2024-04-26,2026-09-01
500266,100253,546148,2022-07-14,,scott.phillips@eveandnico.com,true,(902) 747-8794,Chief Executive Officer,1,false,2024-12-14,2026-09-01
500267,100254,546148,2016-06-08,,raymond.brown@eveandnico.com,true,,Managing Partner,1,false,2025-01-09,2026-09-01
500268,100255,546148,2017-07-03,,rebecca.phillips@eveandnico.com,true,,Head of Product,3,false,2025-11-09,2026-09-01
500269,100256,555707,2018-11-04,,cynthia.thomas@fipsar.com,true,(354) 340-4281,Chief Executive Officer,1,false,2026-07-26,2026-09-01
500270,100257,555707,2018-09-24,,jacob.harris@fipsar.com,false,,Chief Technology Officer,2,false,2024-04-28,2026-09-01
500271,100257,555707,2019-07-15,,jacob.harris@fipsar.com,false,,Chief Technology Officer,2,false,2025-03-04,2026-09-01
500272,100258,557165,2015-02-27,,nancy.kelly@bedfordap.com,true,,Chief Executive Officer,1,false,2026-12-23,2026-09-01
500273,100259,557165,2018-07-02,2022-04-21,,false,(431) 910-6641,Business Development Manager,3,false,2026-10-27,2026-09-01
500274,100260,557165,2018-04-06,,,false,,Chief Operating Officer,2,false,2026-12-01,2026-09-01
500275,100261,559119,2024-02-08,,debra.moore@avantgardehealth.com,false,,Chief Executive Officer,1,false,2024-09-25,2026-09-01
500276,100262,598690,2016-03-18,,jessica.campbell@sleepwellnessdoctor.com,false,,Chief Executive Officer,1,false,2024-08-25,2026-09-01
500277,100263,598690,2022-11-14,2025-11-24,samantha.allen@sleepwellnessdoctor.com,true,,Director of Sales,3,false,2024-01-20,2026-09-01
500278,100264,600402,2023-09-22,2025-12-07,gregory.gutierrez@bicycleadventures.com,true,(709) 403-4272,Chief Executive Officer,1,false,2026-01-03,2026-09-01
500279,100265,600402,2018-09-16,2018-02-22,rebecca.wilson@bicycleadventures.com,true,(412) 904-8875,VP of Operations,3,false,2024-08-14,2026-09-01
500280,100266,605697,2016-12-16,,karen.lopez@bluestarloyalty.com,true,,Chief Executive Officer,1,false,2026-01-07,2026-09-01
500281,100267,605697,2024-07-18,,steven.robinson@bluestarloyalty.com,false,,Head of Product,3,false,2024-10-10,2026-09-01
500282,100268,607143,2016-04-11,,amanda.cruz@prosperityadvisors.com,true,,Chief Executive Officer,1,false,2025-07-10,2026-09-01
500283,100269,615315,2017-01-12,,kathleen.turner@killingtongroup.com,true,(782) 894-8178,Chief Executive Officer,1,false,2024-02-29,2026-09-01
500284,100270,615315,2020-06-22,2024-08-11,thomas.davis@killingtongroup.com,true,,Head of Finance,3,false,2024-05-09,2026-09-01
500285,100271,617771,2022-09-20,,patrick.ortiz@mojix.com,false,(546) 731-9570,Chief Executive Officer,1,false,2025-05-24,2026-09-01
500286,100272,617831,2020-07-06,,samuel.roberts@aireverie.com,true,,Chief Executive Officer,1,false,2025-07-23,2026-09-01
500287,100272,617831,2021-04-01,,samuel.roberts@aireverie.com,false,,Chief Executive Officer,1,false,2026-02-14,2026-09-01
500288,100273,617831,2019-12-25,,mary.lee@aireverie.com,true,,Director of Sales,3,false,2026-10-17,2026-09-01
500289,100274,628711,2024-12-24,,,false,(293) 818-5990,Chief Executive Officer,1,false,2025-02-27,2026-09-01
500290,100275,633300,2020-01-28,2022-06-27,carol.campbell@claremontcg.co,false,,Chief Executive Officer,1,false,2025-12-28,2026-09-01
500291,100276,633300,2016-11-03,,kevin.bailey@claremontcg.co,true,(918) 308-1750,Store Manager,3,false,2026-04-18,2026-09-01
500292,100277,635862,2023-08-29,,,false,(888) 802-3018,Chief Executive Officer,1,false,2026-07-25,2026-09-01
500293,100278,635862,2021-03-16,,ryan.harris@monopile.com,true,(743) 953-1795,General Manager,3,false,2026-09-16,2026-09-01
500294,100279,636694,2016-07-19,,daniel.howard@edstaranalytics.com,true,(501) 663-3185,Chief Executive Officer,1,false,2026-11-15,2026-09-01
500295,100280,636694,2023-04-07,,deborah.kim@edstaranalytics.com,true,,Chief Technology Officer,2,false,2025-02-15,2026-09-01
500296,100281,636694,2022-07-17,2025-12-25,deborah.turner@edstaranalytics.com,true,,Chief Technology Officer,2,false,2024-12-30,2026-09-01
500297,100282,637552,2015-04-14,,dorothy.anderson@lirik.io,false,(213) 735-2744,Chief Executive Officer,1,false,2024-04-25,2026-09-01
500298,100283,637552,2024-05-31,2025-08-27,justin.kelly@lirik.io,false,(899) 456-3399,Regional Manager,3,false,2024-03-07,2026-09-01
500299,100284,643783,2019-04-12,,brandon.bailey@galabid.com,true,,Chief Executive Officer,1,false,2025-10-02,2026-09-01
500300,100285,643783,2021-12-16,,,false,,Founder,1,false,2026-06-26,2026-09-01
500301,100286,646222,2022-12-16,,patrick.mitchell@imflux.com,false,(205) 538-8640,Chief Executive Officer,1,false,2025-10-22,2026-09-01
500302,100287,646222,2023-11-10,,heather.harris@imflux.com,true,(877) 508-9037,Regional Manager,3,false,2025-10-12,2026-09-01
500303,100288,646222,2021-01-08,,lisa.thompson@imflux.com,true,(363) 625-9897,Chief Operating Officer,2,false,2025-03-12,2026-09-01
500304,100289,646222,2023-06-10,,jennifer.diaz@imflux.com,true,,Head of Product,3,false,2024-01-19,2026-09-01
500305,100290,646274,2023-12-06,,donald.ward@urmia.org,true,,Chief Executive Officer,1,false,2025-08-02,2026-09-01
500306,100290,646274,2025-11-24,,donald.ward@urmia.org,false,,Chief Executive Officer,1,false,2026-02-06,2026-09-01
500307,100291,650308,2022-01-11,2025-10-04,angela.edwards@asisttranslations.com,true,(750) 746-1120,Chief Executive Officer,1,false,2025-03-12,2026-09-01
500308,100292,650308,2024-04-17,,dorothy.rogers@asisttranslations.com,true,,Sales Manager,3,false,2026-06-10,2026-09-01
500309,100293,650469,2022-07-20,2022-01-13,catherine.martin@qlife.net,true,,Chief Executive Officer,1,false,2024-05-09,2026-09-01
500310,100294,650469,2018-04-02,,,false,(566) 714-2738,Principal,2,false,2025-09-09,2026-09-01
500311,100295,650469,2020-04-25,2022-06-19,steven.bailey@qlife.net,false,(604) 876-1504,VP of Operations,3,false,2026-03-11,2026-09-01
500312,100296,650469,2015-02-15,,kimberly.evans@qlife.net,true,(505) 893-7113,Managing Partner,1,false,2024-09-09,2026-09-01
500313,100296,650469,2017-03-18,,kimberly.evans@qlife.net,false,(505) 893-7113,Managing Partner,1,false,2024-06-23,2026-09-01
500314,100297,655945,2021-12-01,,catherine.hall@2grobotics.com,false,,Chief Executive Officer,1,false,2025-01-06,2026-09-01
500315,100298,658205,2022-07-12,,michael.peterson@uscastings.com,false,,Chief Executive Officer,1,false,2024-05-22,2026-09-01
500316,100299,658205,2022-05-24,,donna.rodriguez@uscastings.com,true,,Head of Product,3,false,2026-01-16,2026-09-01
500317,100300,661257,2017-12-14,,nancy.smith@sanskarusa.org,true,(343) 751-4218,Chief Executive Officer,1,false,2024-06-03,2026-09-01
500318,100301,661257,2015-05-31,,emily.campbell@sanskarusa.org,true,(792) 614-4485,General Manager,3,false,2026-08-24,2026-09-01
500319,100302,661257,2023-08-29,,kathleen.reyes@sanskarusa.org,true,,Owner,1,false,2024-10-01,2026-09-01
500320,100303,661257,2015-02-13,,,false,,General Manager,3,false,2024-12-05,2026-09-01
500321,100304,668831,2023-07-16,,charles.thompson@airportfoundation.org,false,(567) 241-4585,Chief Executive Officer,1,false,2026-01-26,2026-09-01
500322,100305,674806,2023-04-27,2026-01-19,eric.campbell@adelphi.edu,true,,Chief Executive Officer,1,false,2026-02-10,2026-09-01
500323,100306,674806,2019-03-22,,jennifer.adams@adelphi.edu,false,(279) 729-5121,Director of Engineering,3,false,2026-04-11,2026-09-01
500324,100307,674986,2019-08-26,,gary.morris@bigdaddygames.net,true,(321) 876-4773,Chief Executive Officer,1,false,2026-09-13,2026-09-01
500325,100308,674986,2024-05-06,,sarah.cruz@bigdaddygames.net,false,,Office Manager,3,false,2024-09-18,2026-09-01
500326,100309,674986,2016-11-12,2018-01-07,samuel.scott@bigdaddygames.net,true,(786) 350-1916,Chief Operating Officer,2,false,2026-04-10,2026-09-01
500327,100310,677127,2021-12-27,,robert.torres@npgdigital.com,false,(796) 985-3979,Chief Executive Officer,1,false,2025-12-02,2026-09-01
500328,100311,677127,2019-04-28,2019-03-09,nicole.stewart@npgdigital.com,false,,Controller,3,false,2026-10-29,2026-09-01
500329,100312,677620,2019-09-20,,nicole.gonzalez@appiphanyinc.com,false,(864) 641-9553,Chief Executive Officer,1,false,2026-12-21,2026-09-01
500330,100313,677620,2019-10-09,2024-05-08,jonathan.cook@appiphanyinc.com,true,(558) 803-2600,Store Manager,3,false,2024-06-20,2026-09-01
500331,100314,677620,2022-12-14,,gregory.taylor@appiphanyinc.com,false,,Managing Partner,1,false,2026-12-06,2026-09-01
500332,100315,683640,2019-08-20,,frank.green@xogene.com,true,(896) 606-4337,Chief Executive Officer,1,false,2025-01-01,2026-09-01
500333,100316,683640,2023-04-02,2026-09-12,jason.howard@xogene.com,false,(791) 552-7522,Managing Partner,1,false,2025-04-15,2026-09-01
500334,100317,690987,2021-09-24,,charles.gonzalez@prestigesprinklers.com,false,(293) 348-8727,Chief Executive Officer,1,false,2025-03-30,2026-09-01
500335,100318,690987,2019-06-30,,,false,,Controller,3,false,2026-12-03,2026-09-01
500336,100319,691114,2019-07-19,,linda.thompson@siliconroadways.com,true,(561) 885-7474,Chief Executive Officer,1,false,2024-05-20,2026-09-01
500337,100320,691114,2024-02-23,2025-02-02,betty.gutierrez@siliconroadways.com,true,(796) 556-6693,Managing Partner,1,false,2026-04-07,2026-09-01
500338,100321,691114,2018-04-20,,eric.robinson@siliconroadways.com,false,(772) 274-9243,VP of Marketing,3,false,2026-11-17,2026-09-01
500339,100322,691114,2021-04-25,,george.walker@siliconroadways.com,false,(910) 653-7178,Managing Partner,1,false,2025-11-26,2026-09-01
500340,100323,691260,2015-02-09,,ryan.ramos@exxact.net,false,(561) 728-9776,Chief Executive Officer,1,false,2025-08-11,2026-09-01
500341,100324,691260,2021-03-21,,kimberly.rodriguez@exxact.net,true,,Business Development Manager,3,false,2025-12-25,2026-09-01
500342,100325,692285,2021-12-08,,lisa.harris@positivesupportservices.com,true,,Chief Executive Officer,1,false,2024-09-02,2026-09-01
500343,100326,692285,2015-06-23,,jack.walker@positivesupportservices.com,true,(206) 982-9871,Business Development Manager,3,false,2025-10-07,2026-09-01
500344,100327,695473,2020-10-23,,pamela.scott@simeralconstruction.com,true,,Chief Executive Officer,1,false,2024-01-25,2026-09-01
500345,100328,695473,2021-11-14,,ronald.lewis@simeralconstruction.com,false,,Director of Sales,3,false,2025-06-22,2026-09-01
500346,100329,695473,2017-01-23,,shirley.diaz@simeralconstruction.com,false,,Office Manager,3,false,2026-02-01,2026-09-01
500347,100330,695473,2016-06-21,,nicholas.hall@simeralconstruction.com,true,,Director of Sales,3,false,2024-07-23,2026-09-01
500348,100331,699060,2020-06-16,,brenda.parker@walters-trucking.com,true,,Chief Executive Officer,1,false,2024-04-07,2026-09-01
500349,100332,699060,2017-11-07,,jack.martin@walters-trucking.com,true,,Chief Technology Officer,2,false,2026-07-10,2026-09-01
500350,100333,699060,2019-08-14,2026-08-15,rebecca.murphy@walters-trucking.com,true,(463) 552-1324,VP of Marketing,3,false,2025-02-11,2026-09-01
500351,100334,703397,2022-01-31,,jonathan.thompson@bayabuild.com,true,,Chief Executive Officer,1,false,2025-11-21,2026-09-01
500352,100335,703397,2018-11-08,2021-07-21,dorothy.rogers@bayabuild.com,true,(273) 281-3654,Controller,3,false,2025-07-01,2026-09-01
500353,100336,708165,2015-04-05,2020-04-06,jeffrey.campbell@nutritionpartners.ca,true,,Chief Executive Officer,1,false,2024-06-12,2026-09-01
500354,100337,715325,2023-07-31,,,false,,Chief Executive Officer,1,false,2024-07-31,2026-09-01
500355,100338,729569,2016-06-21,,karen.hernandez@mobilecardiacpet.com,false,(653) 841-3071,Chief Executive Officer,1,false,2024-03-12,2026-09-01
500356,100339,730471,2021-01-19,2022-01-02,dorothy.stewart@solvone.com,true,(517) 555-8891,Chief Executive Officer,1,false,2026-01-19,2026-09-01
500357,100340,730471,2024-02-22,,stephen.cruz@solvone.com,false,,Owner,1,false,2025-08-10,2026-09-01
500358,100341,730471,2015-02-07,,emma.kim@solvone.com,true,(973) 688-5908,Chief Executive Officer,1,false,2025-04-18,2026-09-01
500359,100342,730769,2015-11-21,,matthew.evans@rigminder.com,false,,Chief Executive Officer,1,false,2025-07-10,2026-09-01
500360,100343,730769,2017-02-09,,ashley.lee@rigminder.com,false,,Head of Finance,3,false,2025-08-16,2026-09-01
500361,100344,731177,2018-01-07,2022-12-01,laura.wright@concretesteps.com,true,,Chief Executive Officer,1,false,2025-04-21,2026-09-01
500362,100345,731177,2018-06-30,,dorothy.williams@concretesteps.com,true,,Chief Executive Officer,1,false,2026-01-30,2026-09-01
500363,100346,737601,2023-08-13,,kevin.hernandez@baudville.com,true,,Chief Executive Officer,1,false,2026-06-26,2026-09-01
500364,100347,18138968,2020-03-02,,andrew.gomez@baudville.com,false,,VP of Sales,3,false,2025-03-02,2026-09-01
500365,100348,737601,2023-05-09,,lisa.harris@baudville.com,true,(530) 362-1691,Office Manager,3,false,2025-06-02,2026-09-01
500366,100349,738409,2016-05-05,,joshua.sanchez@hellobooked.com,false,,Chief Executive Officer,1,false,2024-03-27,2026-09-01
500367,100350,738409,2017-10-15,2018-01-10,joseph.walker@hellobooked.com,true,(580) 989-2466,Chief Technology Officer,2,false,2025-11-24,2026-09-01
500368,100351,739671,2015-06-11,,benjamin.davis@judconstruction.com,true,,Chief Executive Officer,1,false,2025-08-26,2026-09-01
500369,100352,739671,2018-11-25,,rachel.morgan@judconstruction.com,true,,Office Manager,3,false,2024-11-24,2026-09-01
500370,100353,739671,2015-01-03,,sandra.green@judconstruction.com,true,(754) 575-8439,Owner,1,false,2025-01-14,2026-09-01
500371,100354,739671,2022-05-20,,jeffrey.harris@judconstruction.com,true,(444) 528-2037,Controller,3,false,2025-01-23,2026-09-01
500372,100355,741795,2016-06-15,2016-05-08,stephen.martin@coastalphc.com,false,,Chief Executive Officer,1,false,2026-09-21,2026-09-01
500373,100356,741795,2021-12-30,,samuel.adams@coastalphc.com,false,(873) 701-9615,Founder,1,false,2026-01-20,2026-09-01
500374,100357,742209,2018-05-29,2020-06-03,,false,,Chief Executive Officer,1,false,2026-11-29,2026-09-01
500375,100358,742209,2017-03-02,,samantha.davis@gougeon.com,false,,Head of Finance,3,false,2025-01-01,2026-09-01
500376,100359,742209,2022-02-28,,patrick.davis@gougeon.com,true,,Managing Partner,1,false,2026-05-24,2026-09-01
500377,100360,743915,2024-06-22,,lisa.peterson@l2systemsllc.com,true,(560) 522-6319,Chief Executive Officer,1,false,2026-05-31,2026-09-01
500378,100361,745964,2018-03-11,,donald.reed@crestautomall.com,true,(606) 200-1567,Chief Executive Officer,1,false,2025-09-10,2026-09-01
500379,100361,745964,2019-03-31,,donald.reed@crestautomall.com,false,(606) 200-1567,Chief Executive Officer,1,false,2025-03-15,2026-09-01
500380,100362,756825,2021-05-25,,robert.scott@omniix.com,true,,Chief Executive Officer,1,false,2024-06-07,2026-09-01
500381,100363,756825,2021-09-04,,richard.jones@omniix.com,false,(906) 919-2562,Store Manager,3,false,2026-02-20,2026-09-01
500382,100364,756825,2024-11-12,,kimberly.campbell@omniix.com,true,,Founder,1,false,2024-09-03,2026-09-01
500383,100365,759129,2018-08-31,,,false,(526) 752-3450,Chief Executive Officer,1,false,2025-03-28,2026-09-01
500384,100366,760964,2021-05-29,,ronald.edwards@globalspotz.com,true,,Chief Executive Officer,1,false,2025-06-21,2026-09-01
500385,100367,760964,2021-04-09,2025-06-08,barbara.lewis@globalspotz.com,true,(980) 338-8879,General Manager,3,false,2025-02-05,2026-09-01
500386,100368,768159,2019-12-10,2021-08-14,shirley.young@smc-roe.com,false,(652) 838-3389,Chief Executive Officer,1,false,2026-02-04,2026-09-01
500387,100369,768159,2015-08-12,2018-04-24,dorothy.kelly@smc-roe.com,true,,Head of Finance,3,false,2025-08-12,2026-09-01
500388,100369,768159,2015-08-16,,dorothy.kelly@smc-roe.com,false,,Head of Finance,3,false,2025-09-16,2026-09-01
500389,100370,768159,2023-04-20,,jason.campbell@smc-roe.com,false,,Marketing Manager,3,false,2026-12-07,2026-09-01
500390,100371,768159,2019-03-23,,scott.brown@smc-roe.com,true,(344) 911-1301,Managing Partner,1,false,2024-03-30,2026-09-01
500391,100372,796790,2024-09-10,2025-08-22,,false,(878) 875-6901,Chief Executive Officer,1,false,2026-03-02,2026-09-01
500392,100373,810228,2020-02-19,,,false,,Chief Executive Officer,1,false,2024-02-14,2026-09-01
500393,100373,810228,2022-12-20,,,false,,Chief Executive Officer,1,false,2025-09-16,2026-09-01
500394,100374,811862,2020-08-15,2020-09-10,ronald.lee@kayceline.com,true,,Chief Executive Officer,1,false,2026-03-03,2026-09-01
500395,100375,825396,2020-01-14,,patricia.bailey@1stoptruckservices.com,false,(636) 519-6395,Chief Executive Officer,1,false,2024-10-10,2026-09-01
500396,100376,825396,2016-07-07,,carol.gomez@1stoptruckservices.com,true,(516) 905-9582,Business Development Manager,3,false,2024-10-24,2026-09-01
500397,100377,825396,2021-04-01,,eric.ward@1stoptruckservices.com,true,,Principal,2,false,2025-01-12,2026-09-01
500398,100378,829318,2021-09-08,2021-04-17,,false,(831) 473-4783,Chief Executive Officer,1,false,2026-01-05,2026-09-01
500399,100379,829318,2017-01-23,,joshua.cruz@straightlineprecisionindustries.com,true,(819) 680-7126,Regional Manager,3,false,2024-10-08,2026-09-01
500400,100380,829318,2017-06-30,,,false,(215) 476-7767,VP of Sales,3,false,2025-02-19,2026-09-01
500401,100381,840010,2017-10-03,,jeffrey.ward@rareearthex.com,true,,Chief Executive Officer,1,false,2024-03-21,2026-09-01
500402,100382,840010,2019-06-19,,ashley.diaz@rareearthex.com,true,(394) 498-8201,General Manager,3,false,2025-08-08,2026-09-01
500403,100383,840010,2020-03-13,,raymond.green@rareearthex.com,true,(906) 729-3330,Sales Manager,3,false,2026-10-22,2026-09-01
500404,100384,840010,2019-08-21,,samuel.jones@rareearthex.com,false,(759) 338-7440,Regional Manager,3,false,2026-07-18,2026-09-01
500405,100385,845515,2019-04-01,,betty.collins@agilemwt.com,false,(723) 826-3619,Chief Executive Officer,1,false,2024-12-15,2026-09-01
500406,100386,845515,2023-08-17,,frank.lee@agilemwt.com,true,(366) 348-3930,Principal,2,false,2025-09-25,2026-09-01
500407,100387,845515,2016-06-22,,joseph.edwards@agilemwt.com,false,,Marketing Manager,3,false,2025-06-02,2026-09-01
500408,100387,845515,2018-10-16,,joseph.edwards@agilemwt.com,false,,Marketing Manager,3,false,2026-10-18,2026-09-01
500409,100388,846071,2024-11-22,,james.cox@4everdigital.tech,true,,Chief Executive Officer,1,false,2025-03-01,2026-09-01
500410,100388,846071,2024-10-30,,james.cox@4everdigital.tech,false,,Chief Executive Officer,1,false,2024-04-22,2026-09-01
500411,100389,846071,2015-05-13,,emma.stewart@4everdigital.tech,true,,HR Manager,3,false,2025-09-03,2026-09-01
500412,100390,847045,2023-08-14,2025-01-24,daniel.lee@modernpiggy.com,true,(568) 236-2525,Chief Executive Officer,1,false,2024-05-18,2026-09-01
500413,100391,855693,2019-10-16,,david.nguyen@powerrepllc.com,true,(905) 819-5705,Chief Executive Officer,1,false,2026-12-12,2026-09-01
500414,100392,855693,2021-04-23,,kevin.ortiz@powerrepllc.com,true,,Controller,3,false,2026-10-16,2026-09-01
500415,100393,855693,2018-04-04,,brandon.davis@powerrepllc.com,false,,Chief Operating Officer,2,false,2024-02-19,2026-09-01
500416,100394,857549,2016-04-11,,jack.clark@veranetworks.com,true,(531) 985-1100,Chief Executive Officer,1,false,2024-02-29,2026-09-01
500417,100395,857549,2022-07-17,,jennifer.nelson@veranetworks.com,true,,Chief Financial Officer,2,false,2024-03-13,2026-09-01
500418,100396,857549,2023-10-17,,mary.sanchez@veranetworks.com,true,(749) 543-8577,Office Manager,3,false,2024-04-24,2026-09-01
500419,100397,864310,2024-12-16,,raymond.green@atdetroit.com,false,,Chief Executive Officer,1,false,2024-11-01,2026-09-01
500420,100398,873456,2020-11-20,,benjamin.morgan@adamskemp.com,false,,Chief Executive Officer,1,false,2024-03-17,2026-09-01
500421,100399,873456,2020-05-30,,lisa.kim@adamskemp.com,false,,Co-Founder,1,false,2025-11-27,2026-09-01
500422,100400,873456,2018-09-02,2019-02-07,patrick.green@adamskemp.com,true,,Head of Finance,3,false,2026-11-23,2026-09-01
500423,100401,873456,2019-05-07,,barbara.murphy@adamskemp.com,true,,Owner,1,false,2024-01-09,2026-09-01
500424,100402,906890,2019-12-12,,barbara.nelson@tntc.com,false,,Chief Executive Officer,1,false,2024-11-18,2026-09-01
500425,100403,906890,2018-12-05,,eric.flores@tntc.com,false,(304) 411-9888,Chief Executive Officer,1,false,2025-08-03,2026-09-01
500426,100404,906890,2015-07-27,2025-07-23,,false,(546) 753-8268,Chief Operating Officer,2,false,2024-04-13,2026-09-01
500427,100405,912669,2016-01-16,,,false,(982) 676-3159,Chief Executive Officer,1,false,2026-08-17,2026-09-01
500428,100406,912669,2017-07-05,2023-12-02,brandon.rivera@ci.brea.ca.us,false,(676) 681-4796,VP of Operations,3,false,2026-01-14,2026-09-01
500429,100407,912735,2021-10-11,,christine.nelson@ariescapitalpartners.com,true,(374) 489-6711,Chief Executive Officer,1,false,2026-04-10,2026-09-01
500430,100408,912735,2020-03-03,,,false,(272) 509-9728,Store Manager,3,false,2026-04-26,2026-09-01
500431,100409,927267,2021-02-08,,charles.morris@virclop.com,false,(645) 780-6606,Chief Executive Officer,1,false,2024-06-08,2026-09-01
500432,100410,949689,2024-02-29,2024-01-01,gary.anderson@haeger.com,true,(262) 292-4565,Chief Executive Officer,1,false,2024-11-01,2026-09-01
500433,100411,949689,2018-05-12,,brenda.gonzalez@haeger.com,true,(400) 410-6187,VP of Operations,3,false,2025-09-15,2026-09-01
500434,100412,949689,2021-11-09,,stephanie.rodriguez@haeger.com,true,(291) 796-1133,Sales Manager,3,false,2024-09-18,2026-09-01
500435,100413,965012,2018-03-27,,michael.smith@cdtfa.ca.gov,true,(568) 627-3527,Chief Executive Officer,1,false,2024-10-02,2026-09-01
500436,100413,965012,2018-02-02,,michael.smith@cdtfa.ca.gov,false,(568) 627-3527,Chief Executive Officer,1,false,2024-10-21,2026-09-01
500437,100414,965012,2022-03-15,,paul.brown@cdtfa.ca.gov,true,(339) 286-3248,Head of Finance,3,false,2026-05-21,2026-09-01
500438,100415,965012,2017-07-13,2023-10-13,benjamin.green@cdtfa.ca.gov,false,(660) 593-6821,Marketing Manager,3,false,2026-10-17,2026-09-01
500439,100416,965012,2021-02-15,,sharon.cooper@cdtfa.ca.gov,false,,VP of Sales,3,false,2024-03-18,2026-09-01
500440,100417,967089,2022-09-02,,joseph.howard@sdcera.org,true,(879) 884-2279,Chief Executive Officer,1,false,2025-10-01,2026-09-01
500441,100418,967089,2020-02-03,,christopher.ortiz@sdcera.org,true,,Head of Product,3,false,2025-11-09,2026-09-01
500442,100419,967089,2022-10-17,,eric.hernandez@sdcera.org,true,,Store Manager,3,false,2025-06-17,2026-09-01
500443,100420,969697,2021-11-27,2023-11-19,,false,(484) 458-3171,Chief Executive Officer,1,false,2024-01-30,2026-09-01
500444,100421,969697,2019-02-23,,jack.richardson@vermontpurecbd.com,false,(354) 874-8317,Controller,3,false,2025-04-28,2026-09-01
500445,100422,978966,2020-03-15,,john.baker@praadistech.com,true,(318) 253-3745,Chief Executive Officer,1,false,2026-12-26,2026-09-01
500446,100423,978966,2015-02-18,2025-01-24,amy.evans@praadistech.com,true,(348) 743-8122,Business Development Manager,3,false,2025-10-08,2026-09-01
500447,100424,978966,2020-12-16,,raymond.perez@praadistech.com,true,,Business Development Manager,3,false,2026-06-03,2026-09-01
500448,100425,988896,2022-08-07,,andrew.nelson@crazyhorseresources.com,false,(399) 732-6528,Chief Executive Officer,1,false,2024-01-22,2026-09-01
500449,100426,988896,2016-03-01,,,false,,Co-Founder,1,false,2025-12-20,2026-09-01
500450,100427,989865,2022-12-10,,,false,(422) 813-2995,Chief Executive Officer,1,false,2024-06-25,2026-09-01
500451,100428,991321,2020-03-27,,gregory.reed@warmrobots.com,false,,Chief Executive Officer,1,false,2026-07-17,2026-09-01
500452,100429,992873,2018-09-24,,jason.adams@noordinarymoments.com,false,,Chief Executive Officer,1,false,2025-06-26,2026-09-01
500453,100430,1005353,2020-07-31,2020-01-04,betty.ward@safeguard30.com,true,,Chief Executive Officer,1,false,2026-03-10,2026-09-01
500454,100431,1005353,2015-01-16,,susan.jackson@safeguard30.com,true,,Chief Technology Officer,2,false,2026-10-01,2026-09-01
500455,100432,1005353,2015-01-14,,brandon.wilson@safeguard30.com,true,(271) 753-4700,Director of Sales,3,false,2026-09-14,2026-09-01
500456,100433,1005353,2022-08-24,,john.martinez@safeguard30.com,false,,Managing Partner,1,false,2024-07-04,2026-09-01
500457,100434,1005866,2015-12-14,,carol.hernandez@loringengineers.com,true,,Chief Executive Officer,1,false,2025-01-23,2026-09-01
500458,100435,1005866,2015-09-16,,,false,(444) 700-7369,Chief Financial Officer,2,false,2025-09-22,2026-09-01
500459,100436,1005866,2018-10-15,,gregory.harris@loringengineers.com,false,(237) 547-1918,Store Manager,3,false,2024-08-30,2026-09-01
500460,100437,1010474,2017-09-21,,eric.collins@rarediseasefoundation.org,false,(219) 682-1750,Chief Executive Officer,1,false,2024-12-18,2026-09-01
500461,100438,1010474,2021-11-08,2021-09-19,jack.howard@rarediseasefoundation.org,true,,VP of Operations,3,false,2024-08-05,2026-09-01
500462,100439,1016078,2018-08-10,,brandon.lewis@bastionrare.com,true,(789) 758-3250,Chief Executive Officer,1,false,2024-04-03,2026-09-01
500463,100440,1016078,2023-06-30,,,false,,Head of Product,3,false,2026-01-27,2026-09-01
500464,100441,1016288,2016-01-01,,,false,,Chief Executive Officer,1,false,2025-08-04,2026-09-01
500465,100442,1016288,2022-03-05,2024-07-11,heather.lee@x10hosting.com,true,(329) 411-3344,Store Manager,3,false,2024-12-23,2026-09-01
500466,100443,1022228,2017-08-23,2022-12-12,amy.ward@2accept.net,true,,Chief Executive Officer,1,false,2026-01-11,2026-09-01
500467,100444,1024103,2016-03-03,,nicholas.lewis@thecuriouscompany.com,true,(976) 664-1709,Chief Executive Officer,1,false,2024-12-26,2026-09-01
500468,100445,1024103,2017-08-21,,emily.miller@thecuriouscompany.com,true,,Chief Executive Officer,1,false,2025-10-29,2026-09-01
500469,100446,1024103,2023-09-26,2024-04-11,amy.thompson@thecuriouscompany.com,false,,Head of Finance,3,false,2026-04-24,2026-09-01
500470,100447,1024103,2021-07-24,,samuel.campbell@thecuriouscompany.com,true,,Director of Sales,3,false,2024-10-23,2026-09-01
500471,100448,1026989,2016-03-31,,daniel.roberts@ven-u.com,true,(261) 487-3236,Chief Executive Officer,1,false,2024-12-16,2026-09-01
500472,100449,1026989,2021-06-25,,benjamin.rivera@ven-u.com,true,(853) 826-3784,VP of Sales,3,false,2024-06-26,2026-09-01
500473,100450,1027091,2019-09-08,,margaret.ramos@baseline-enserv.com,false,(805) 352-1083,Chief Executive Officer,1,false,2026-08-21,2026-09-01
500474,100451,1027091,2020-01-28,,,false,(690) 913-2605,General Manager,3,false,2024-06-19,2026-09-01
500475,100452,1034599,2022-11-20,,margaret.taylor@oneia.ca,true,,Chief Executive Officer,1,false,2026-01-28,2026-09-01
500476,100453,1034599,2020-12-14,2024-10-10,robert.morris@oneia.ca,true,(272) 594-6454,Chief Technology Officer,2,false,2025-02-28,2026-09-01
500477,100454,1034599,2015-08-13,,pamela.howard@oneia.ca,true,,Co-Founder,1,false,2026-01-15,2026-09-01
500478,100455,1035025,2016-07-20,,george.reyes@guthy-renker.com,false,(268) 774-4354,Chief Executive Officer,1,false,2024-08-20,2026-09-01
500479,100456,1035608,2022-12-17,,dennis.howard@funkyfarms.com,true,(739) 325-8703,Chief Executive Officer,1,false,2025-08-21,2026-09-01
500480,100457,1035608,2015-12-24,2019-01-04,dennis.lewis@funkyfarms.com,false,(267) 392-8501,Director of Engineering,3,false,2024-06-06,2026-09-01
500481,100458,1035608,2016-09-08,,,false,,VP of Marketing,3,false,2026-12-02,2026-09-01
500482,100459,1056531,2023-12-29,2025-11-30,debra.cooper@gemstonehotelcollection.com,true,,Chief Executive Officer,1,false,2026-04-23,2026-09-01
500483,100460,1056531,2021-08-27,,rebecca.cruz@gemstonehotelcollection.com,true,,HR Manager,3,false,2026-06-30,2026-09-01
500484,100461,1057378,2022-12-25,,michelle.perez@lyncofp.com,false,(370) 833-3634,Chief Executive Officer,1,false,2024-12-25,2026-09-01
500485,100462,1057378,2015-06-18,,melissa.torres@lyncofp.com,true,(365) 443-2915,Chief Technology Officer,2,false,2026-06-21,2026-09-01
500486,100463,1062773,2016-05-12,,brenda.jones@casadetamales.com,true,(366) 746-5940,Chief Executive Officer,1,false,2026-10-19,2026-09-01
500487,100464,1063577,2016-01-14,,,false,(425) 656-6855,Chief Executive Officer,1,false,2025-02-03,2026-09-01
500488,100465,1063577,2021-01-14,,kevin.nguyen@alarysport.com,true,(400) 223-2369,VP of Sales,3,false,2024-06-27,2026-09-01
500489,100466,1063577,2021-10-14,,larry.cruz@alarysport.com,false,,Director of Sales,3,false,2026-01-09,2026-09-01
500490,100467,1063577,2019-03-08,2022-11-13,jennifer.moore@alarysport.com,true,,Chief Technology Officer,2,false,2026-07-01,2026-09-01
500491,100468,1069299,2021-08-16,,jeffrey.turner@indcoating.com,false,(737) 543-2083,Chief Executive Officer,1,false,2026-04-18,2026-09-01
500492,100469,1069299,2017-03-27,2021-04-13,janet.diaz@indcoating.com,false,(927) 781-3243,VP of Marketing,3,false,2026-10-01,2026-09-01
500493,100469,1069299,2018-09-11,,janet.diaz@indcoating.com,false,(927) 781-3243,VP of Marketing,3,false,2025-09-14,2026-09-01
500494,100470,1069299,2017-12-11,,emma.kim@indcoating.com,true,(227) 202-3523,Office Manager,3,false,2026-08-25,2026-09-01
500495,100471,1072621,2020-05-22,,paul.turner@apadanatech.com,true,,Chief Executive Officer,1,false,2026-09-01,2026-09-01
500496,100472,1072621,2021-07-10,2024-08-02,patricia.thomas@apadanatech.com,true,(217) 465-3668,President,1,false,2024-10-04,2026-09-01
500497,100473,1078443,2023-07-30,2023-12-09,samantha.rivera@connorfasteners.com,true,(726) 398-4002,Chief Executive Officer,1,false,2025-10-09,2026-09-01
500498,100474,1092820,2023-09-25,,joshua.wright@imtbc.com,true,,Chief Executive Officer,1,false,2024-11-29,2026-09-01
500499,100475,1092820,2024-06-27,,richard.morgan@imtbc.com,true,(772) 828-9612,Owner,1,false,2024-08-21,2026-09-01
500500,100476,1098382,2018-06-13,2019-06-18,joseph.taylor@bradleymechanicalva.com,true,(345) 904-4712,Chief Executive Officer,1,false,2026-05-20,2026-09-01
500501,100477,1098382,2020-06-06,,,false,,Store Manager,3,false,2024-03-28,2026-09-01
500502,100478,1098382,2017-11-02,2020-05-20,scott.gutierrez@bradleymechanicalva.com,true,(260) 680-2948,Founder,1,false,2024-07-16,2026-09-01
500503,100479,1098382,2015-04-30,2021-03-22,patrick.hill@bradleymechanicalva.com,true,(389) 886-6759,Controller,3,false,2025-12-13,2026-09-01
500504,100480,1104153,2017-05-26,,heather.ward@psrbrands.com,true,,Chief Executive Officer,1,false,2026-08-30,2026-09-01
500505,100481,1104153,2019-04-04,,richard.howard@psrbrands.com,true,(309) 385-6813,Principal,2,false,2026-04-14,2026-09-01
500506,100482,1104153,2016-07-10,,carolyn.harris@psrbrands.com,true,,Head of Product,3,false,2025-08-13,2026-09-01
500507,100483,1107654,2018-04-05,,joseph.roberts@erikvalind.com,true,(431) 767-7672,Chief Executive Officer,1,false,2024-05-22,2026-09-01
500508,100484,1114553,2017-03-26,,alexander.mitchell@mpcdayton.com,true,(372) 266-6959,Chief Executive Officer,1,false,2026-04-07,2026-09-01
500509,100485,1114553,2023-01-01,,alexander.wilson@mpcdayton.com,true,,Sales Manager,3,false,2026-03-30,2026-09-01
500510,100486,1114553,2016-08-26,,jessica.jackson@mpcdayton.com,false,(696) 723-5569,Business Development Manager,3,false,2025-05-28,2026-09-01
500511,100487,1118813,2021-10-12,,sarah.brown@fabservicesinc.com,false,(227) 383-7269,Chief Executive Officer,1,false,2024-07-16,2026-09-01
500512,100488,1119642,2019-10-29,,eric.murphy@groeschelco.com,false,(218) 982-1517,Chief Executive Officer,1,false,2026-07-10,2026-09-01
500513,100489,1119642,2016-12-25,,gregory.murphy@groeschelco.com,true,,Director of Sales,3,false,2025-09-12,2026-09-01
500514,100490,1130443,2021-06-01,,sharon.moore@icmech.com,true,(702) 875-9837,Chief Executive Officer,1,false,2024-11-16,2026-09-01
500515,100491,1130758,2015-09-09,2016-01-05,amy.ramos@baysidejetdrive.com,false,,Chief Executive Officer,1,false,2026-01-20,2026-09-01
500516,100492,1133231,2018-06-02,2019-11-27,patricia.baker@meritkc.com,false,,Chief Executive Officer,1,false,2025-10-29,2026-09-01
500517,100492,1133231,2020-05-15,,patricia.baker@meritkc.com,false,,Chief Executive Officer,1,false,2026-11-20,2026-09-01
500518,100493,1133231,2019-03-28,,amanda.evans@meritkc.com,true,(802) 222-6185,Sales Manager,3,false,2024-07-19,2026-09-01
500519,100494,1133231,2020-07-27,,ashley.walker@meritkc.com,true,,President,1,false,2025-11-26,2026-09-01
500520,100495,1138644,2021-06-07,,sharon.sanchez@keystonelabels.com,false,,Chief Executive Officer,1,false,2024-07-07,2026-09-01
500521,100496,1146507,2022-06-10,,emma.baker@constructionmaterialslaboratory.com,false,,Chief Executive Officer,1,false,2026-04-03,2026-09-01
500522,100497,1146507,2024-09-03,2026-10-19,jacob.diaz@constructionmaterialslaboratory.com,false,(384) 219-9457,General Manager,3,false,2026-08-15,2026-09-01
500523,100498,1147918,2018-07-29,,brandon.parker@greenlandusa.com,true,(507) 645-7721,Chief Executive Officer,1,false,2025-02-20,2026-09-01
500524,100499,1147918,2019-07-21,2020-09-06,eric.sanchez@greenlandusa.com,false,(462) 903-4868,VP of Marketing,3,false,2025-05-17,2026-09-01
500525,100500,1160826,2015-04-30,2021-03-25,gary.bailey@balancevibration.com,true,,Chief Executive Officer,1,false,2024-12-26,2026-09-01
500526,100501,1162074,2017-10-28,,,false,(323) 734-9605,Chief Executive Officer,1,false,2024-07-03,2026-09-01
500527,100502,1162074,2024-05-02,,nicole.hill@hultquistcapital.com,true,,President,1,false,2025-04-28,2026-09-01
500528,100503,1162074,2018-01-29,,christine.lopez@hultquistcapital.com,false,,Chief Financial Officer,2,false,2024-04-24,2026-09-01
500529,100504,1166552,2023-01-10,,joseph.green@coldchainllc.com,true,(348) 571-8786,Chief Executive Officer,1,false,2024-03-12,2026-09-01
500530,100505,1171492,2019-12-18,,michael.walker@bio-medenginc.com,true,,Chief Executive Officer,1,false,2026-03-15,2026-09-01
500531,100506,1171492,2017-05-11,,samantha.campbell@bio-medenginc.com,false,(974) 441-5872,VP of Marketing,3,false,2026-06-17,2026-09-01
500532,100507,1173934,2023-04-10,,jerry.evans@championcrane.com,true,(560) 630-9973,Chief Executive Officer,1,false,2024-04-16,2026-09-01
500533,100508,1173934,2017-03-30,,heather.morales@championcrane.com,true,(339) 203-7564,Chief Operating Officer,2,false,2024-06-17,2026-09-01
500534,100509,1173934,2024-07-01,,carolyn.diaz@championcrane.com,true,(864) 981-3131,VP of Sales,3,false,2025-10-16,2026-09-01
500535,100510,1173963,2021-04-06,,,false,,Chief Executive Officer,1,false,2025-04-13,2026-09-01
500536,100511,1173963,2021-12-06,,paul.sanchez@energysystems.com,false,(372) 250-7570,Marketing Manager,3,false,2024-07-01,2026-09-01
500537,100512,1173963,2023-01-22,,lisa.gomez@energysystems.com,true,,Chief Operating Officer,2,false,2026-07-18,2026-09-01
500538,100513,1178003,2019-09-10,2020-08-20,mark.clark@deonstein.com,false,(489) 944-4102,Chief Executive Officer,1,false,2025-06-20,2026-09-01
500539,100514,1178003,2022-09-03,,catherine.murphy@deonstein.com,false,,Marketing Manager,3,false,2026-08-18,2026-09-01
500540,100515,1178216,2016-01-26,,frank.gomez@foammatrix.com,false,,Chief Executive Officer,1,false,2025-04-25,2026-09-01
500541,100516,1184827,2016-06-25,,nicole.kim@ruskinrooftopsystems.com,true,(509) 604-7076,Chief Executive Officer,1,false,2025-01-02,2026-09-01
500542,100517,1187617,2019-10-28,2021-12-14,carol.reyes@thegadsdencountryclub.com,true,(711) 487-6907,Chief Executive Officer,1,false,2025-06-24,2026-09-01
500543,100518,1187617,2020-07-05,,patrick.ortiz@thegadsdencountryclub.com,false,,Sales Manager,3,false,2026-06-20,2026-09-01
500544,100518,1187617,2020-10-31,,patrick.ortiz@thegadsdencountryclub.com,false,,Sales Manager,3,false,2024-04-21,2026-09-01
500545,100519,1187809,2018-12-31,,,false,(706) 241-8233,Chief Executive Officer,1,false,2026-09-20,2026-09-01
500546,100520,1188976,2024-05-12,2026-11-07,raymond.jackson@shamrockirrigation.com,true,,Chief Executive Officer,1,false,2025-03-10,2026-09-01
500547,100521,1189363,2021-08-30,,shirley.kelly@theoharis.com,true,(664) 843-5412,Chief Executive Officer,1,false,2024-03-30,2026-09-01
500548,100522,1189363,2017-05-15,,jerry.murphy@theoharis.com,true,(951) 782-3118,Marketing Manager,3,false,2025-08-02,2026-09-01
500549,100523,1189363,2019-06-22,2021-09-10,paul.thomas@theoharis.com,true,(816) 590-2516,Founder,1,false,2026-03-27,2026-09-01
500550,100524,1189363,2016-05-08,2024-12-25,dorothy.martin@theoharis.com,true,(491) 862-3525,Chief Financial Officer,2,false,2025-09-27,2026-09-01
500551,100525,1193042,2021-11-19,2025-10-11,amanda.gonzalez@datafoundation.org,false,(974) 632-7033,Chief Executive Officer,1,false,2026-11-17,2026-09-01
500552,100526,1193042,2020-11-29,,gary.edwards@datafoundation.org,true,(930) 358-9115,Marketing Manager,3,false,2025-08-18,2026-09-01
500553,100527,1211291,2018-12-26,2018-12-01,joshua.martin@teaepicure.com,true,(675) 876-5151,Chief Executive Officer,1,false,2024-02-03,2026-09-01
500554,100528,1211291,2019-09-01,,ashley.gutierrez@teaepicure.com,false,(602) 246-2364,Business Development Manager,3,false,2026-07-20,2026-09-01
500555,100529,1211291,2024-10-09,,stephen.martinez@teaepicure.com,false,,Marketing Manager,3,false,2024-06-09,2026-09-01
500556,100530,1211728,2018-05-25,,alexander.wilson@certifiedesupport.com,true,(873) 962-8974,Chief Executive Officer,1,false,2026-01-08,2026-09-01
500557,100531,1211728,2015-02-26,2015-05-11,ronald.anderson@certifiedesupport.com,true,(289) 328-3213,Chief Technology Officer,2,false,2025-01-20,2026-09-01
500558,100532,1211756,2015-03-31,2018-06-02,,false,(351) 685-7912,Chief Executive Officer,1,false,2026-06-30,2026-09-01
500559,100533,1212956,2015-06-01,,laura.howard@pesolutions-it.com,true,(954) 792-5764,Chief Executive Officer,1,false,2026-09-26,2026-09-01
500560,100534,1212956,2018-01-02,,michael.nelson@pesolutions-it.com,true,(523) 766-2040,Founder,1,false,2026-08-27,2026-09-01
500561,100535,1217633,2021-10-02,,samuel.hall@diablomolding.com,true,(801) 901-6556,Chief Executive Officer,1,false,2026-08-17,2026-09-01
500562,100536,1217633,2019-09-04,,charles.torres@diablomolding.com,true,,VP of Operations,3,false,2026-01-07,2026-09-01
500563,100537,1219622,2015-07-12,,charles.richardson@mvcconsulting.net,true,,Chief Executive Officer,1,false,2025-06-18,2026-09-01
500564,100538,1219622,2018-10-15,,christine.morris@mvcconsulting.net,true,(715) 232-2043,Chief Operating Officer,2,false,2024-09-04,2026-09-01
500565,100539,1219622,2018-12-26,,charles.cox@mvcconsulting.net,true,,Office Manager,3,false,2025-07-01,2026-09-01
500566,100540,1221805,2022-12-10,,angela.cox@oconeerental.com,true,(360) 945-5786,Chief Executive Officer,1,false,2024-07-22,2026-09-01
500567,100541,1221805,2024-07-07,2026-05-01,ryan.anderson@oconeerental.com,true,,Director of Engineering,3,false,2024-01-14,2026-09-01
500568,100542,1221805,2016-12-02,2020-03-05,brenda.garcia@oconeerental.com,true,,Store Manager,3,false,2026-04-29,2026-09-01
500569,100543,1223113,2015-05-02,,karen.ortiz@availoutreach.com,true,,Chief Executive Officer,1,false,2026-11-25,2026-09-01
500570,100544,1223113,2015-09-09,,jason.evans@availoutreach.com,false,(990) 368-8111,Co-Founder,1,false,2024-11-05,2026-09-01
500571,100545,1230847,2020-12-01,,,false,,Chief Executive Officer,1,false,2024-10-27,2026-09-01
500572,100546,1230847,2022-10-27,,debra.peterson@plaquemineglass.com,true,(839) 833-8244,Marketing Manager,3,false,2026-04-08,2026-09-01
500573,100547,1238140,2017-09-15,,,false,(752) 806-5238,Chief Executive Officer,1,false,2025-09-14,2026-09-01
500574,100548,1238140,2019-03-08,2024-09-09,,false,,General Manager,3,false,2025-12-26,2026-09-01
500575,100549,1238140,2018-05-05,,stephen.flores@utilitycommunications.com,false,,Regional Manager,3,false,2025-11-25,2026-09-01
500576,100550,1241403,2016-02-06,2020-10-09,justin.reed@mmasters.org,true,(997) 569-8443,Chief Executive Officer,1,false,2024-06-16,2026-09-01
500577,100551,1241403,2022-08-04,,scott.robinson@mmasters.org,true,(656) 279-7050,Sales Manager,3,false,2026-11-28,2026-09-01
500578,100552,1241403,2023-03-17,,carolyn.carter@mmasters.org,true,(650) 905-9020,VP of Marketing,3,false,2024-10-22,2026-09-01
500579,100553,1241689,2016-05-01,,ryan.taylor@aviantechnologies.com,true,,Chief Executive Officer,1,false,2024-09-04,2026-09-01
500580,100554,1241689,2019-03-02,,,false,,VP of Operations,3,false,2026-02-05,2026-09-01
500581,100555,1249427,2024-10-05,2026-09-12,christopher.jackson@themidsongroup.com,true,,Chief Executive Officer,1,false,2026-07-15,2026-09-01
500582,100556,1249427,2020-08-29,,michelle.torres@themidsongroup.com,true,(820) 335-3269,Store Manager,3,false,2026-07-08,2026-09-01
500583,100557,1249869,2022-03-22,,barbara.richardson@rogersandcallcott.com,false,(924) 516-3028,Chief Executive Officer,1,false,2024-04-18,2026-09-01
500584,100558,1249869,2017-01-06,,sandra.gomez@rogersandcallcott.com,false,(219) 323-9713,General Manager,3,false,2025-02-25,2026-09-01
500585,100559,1249869,2019-07-04,,jack.scott@rogersandcallcott.com,true,(286) 746-6249,Chief Technology Officer,2,false,2024-02-17,2026-09-01
500586,100560,1252731,2016-11-19,2018-01-18,,false,,Chief Executive Officer,1,false,2025-06-07,2026-09-01
500587,100561,1253154,2018-08-03,2021-08-20,timothy.perez@sundownmfginc.com,false,(505) 599-2617,Chief Executive Officer,1,false,2024-09-04,2026-09-01
500588,100561,1253154,2019-05-06,,timothy.perez@sundownmfginc.com,false,(505) 599-2617,Chief Executive Officer,1,false,2025-04-29,2026-09-01
500589,100562,1255056,2021-03-19,,dennis.cook@rhigolf.com,true,(439) 219-5409,Chief Executive Officer,1,false,2025-05-19,2026-09-01
500590,100563,1255056,2019-07-25,,linda.green@rhigolf.com,true,,HR Manager,3,false,2026-10-21,2026-09-01
500591,100564,1256831,2018-02-26,2026-04-16,melissa.cooper@ebingeriron.com,true,(417) 799-9361,Chief Executive Officer,1,false,2024-05-23,2026-09-01
500592,100565,1256831,2024-11-06,,brenda.edwards@ebingeriron.com,true,(942) 769-5578,Director of Sales,3,false,2025-10-13,2026-09-01
500593,100566,1256831,2017-10-04,,helen.nguyen@ebingeriron.com,true,(924) 663-5473,Head of Product,3,false,2025-03-07,2026-09-01
500594,100567,1256831,2021-10-29,,linda.morris@ebingeriron.com,true,(336) 861-1033,Controller,3,false,2024-12-21,2026-09-01
500595,100568,1256969,2020-03-10,,patrick.morales@dreicor.com,false,(913) 208-3044,Chief Executive Officer,1,false,2024-01-20,2026-09-01
500596,100569,1256969,2016-01-04,,katherine.martinez@dreicor.com,true,(926) 566-4137,Chief Executive Officer,1,false,2025-03-28,2026-09-01
500597,100570,1256969,2020-07-11,,alexander.thomas@dreicor.com,true,,Office Manager,3,false,2025-03-04,2026-09-01
500598,100570,1256969,2022-03-22,,alexander.thomas@dreicor.com,false,,Office Manager,3,false,2024-08-15,2026-09-01
500599,100571,1257011,2017-02-24,,larry.cook@greasemaster.com,false,(433) 735-5494,Chief Executive Officer,1,false,2026-12-27,2026-09-01
500600,100572,1257011,2024-07-29,,gregory.reed@greasemaster.com,true,(637) 856-1849,Business Development Manager,3,false,2026-04-13,2026-09-01
500601,100573,1257011,2024-11-29,,david.ramos@greasemaster.com,false,(729) 977-1712,Business Development Manager,3,false,2026-05-10,2026-09-01
500602,100574,1264169,2022-09-25,,ronald.harris@thewoodcompany.com,false,,Chief Executive Officer,1,false,2025-05-26,2026-09-01
500603,100575,1269111,2017-10-09,2019-09-04,david.gonzalez@gmprintingny.com,true,(841) 542-5102,Chief Executive Officer,1,false,2024-04-21,2026-09-01
500604,100576,1270258,2015-05-17,,,false,,Chief Executive Officer,1,false,2024-05-13,2026-09-01
500605,100577,1270258,2015-09-27,2016-04-02,maria.gonzalez@quadtrek.com,true,(508) 825-8075,Founder,1,false,2025-08-26,2026-09-01
500606,100578,1270848,2018-09-06,,helen.evans@commercialapparel.com,false,(226) 664-9474,Chief Executive Officer,1,false,2024-01-26,2026-09-01
500607,100579,1270848,2017-11-15,,ryan.roberts@commercialapparel.com,true,(786) 329-9337,Co-Founder,1,false,2026-06-29,2026-09-01
500608,100580,1274254,2023-09-12,2025-08-19,jennifer.davis@cablenetworking.com,true,(566) 518-9866,Chief Executive Officer,1,false,2025-12-03,2026-09-01
500609,100581,1290085,2021-06-27,,eric.ramos@comfortairsav.com,true,,Chief Executive Officer,1,false,2025-09-05,2026-09-01
500610,100582,1290085,2015-01-16,,,false,(243) 707-4594,Chief Operating Officer,2,false,2025-04-16,2026-09-01
500611,100583,1290085,2017-04-20,,jason.hall@comfortairsav.com,true,(539) 957-7158,Chief Financial Officer,2,false,2024-01-14,2026-09-01
500612,100584,1290085,2017-03-07,,david.baker@comfortairsav.com,true,(345) 497-8215,Co-Founder,1,false,2026-01-07,2026-09-01
500613,100584,1290085,2017-03-02,,david.baker@comfortairsav.com,false,(345) 497-8215,Co-Founder,1,false,2025-02-11,2026-09-01
500614,100585,1294695,2017-03-13,2026-06-15,daniel.lewis@ww12.costic.biz,false,,Chief Executive Officer,1,false,2024-07-26,2026-09-01
500615,100585,1294695,2017-10-09,,daniel.lewis@ww12.costic.biz,false,,Chief Executive Officer,1,false,2026-02-15,2026-09-01
500616,100586,1297509,2016-04-30,2026-05-13,joseph.baker@enviro-asmnt.com,false,(838) 644-2071,Chief Executive Officer,1,false,2025-01-23,2026-09-01
500617,100587,1297509,2019-10-26,,donald.mitchell@enviro-asmnt.com,false,,Director of Sales,3,false,2024-04-04,2026-09-01
500618,100588,1301845,2020-04-11,,jonathan.nguyen@usring.com,true,,Chief Executive Officer,1,false,2024-12-08,2026-09-01
500619,100589,1301845,2020-03-16,2024-03-11,michael.scott@usring.com,true,(583) 710-9501,Regional Manager,3,false,2026-09-16,2026-09-01
500620,100590,1302085,2024-12-19,,andrew.howard@ohdns.ca,false,,Chief Executive Officer,1,false,2026-02-05,2026-09-01
500621,100591,1302085,2019-12-26,,anthony.lewis@ohdns.ca,false,,Co-Founder,1,false,2024-03-25,2026-09-01
500622,100592,1304922,2015-11-07,,jason.edwards@westfloproducts.com,false,,Chief Executive Officer,1,false,2026-10-24,2026-09-01
500623,100593,1304922,2017-07-21,2017-10-20,,false,,HR Manager,3,false,2026-01-07,2026-09-01
500624,100593,1304922,2018-02-15,,,false,,HR Manager,3,false,2025-11-14,2026-09-01
500625,100594,1305333,2017-12-05,2020-05-11,kevin.allen@cranetechinc.com,false,(341) 970-9898,Chief Executive Officer,1,false,2025-12-10,2026-09-01
500626,100595,1305918,2020-10-13,,stephanie.howard@masenterprises.org,true,(414) 685-4829,Chief Executive Officer,1,false,2026-08-17,2026-09-01
500627,100596,1305918,2024-06-26,2026-05-05,katherine.rogers@masenterprises.org,false,,Marketing Manager,3,false,2026-07-10,2026-09-01
500628,100597,1314928,2019-10-10,,thomas.flores@deburrmasterinc.com,true,(547) 430-7867,Chief Executive Officer,1,false,2025-09-05,2026-09-01
500629,100598,1321035,2016-12-03,2022-03-14,sarah.martin@quicklift.com,false,,Chief Executive Officer,1,false,2026-09-27,2026-09-01
500630,100598,1321035,2017-02-11,,sarah.martin@quicklift.com,false,,Chief Executive Officer,1,false,2024-05-22,2026-09-01
500631,100599,1321035,2022-05-25,,edward.clark@quicklift.com,true,,Director of Sales,3,false,2026-01-24,2026-09-01
500632,100600,1321035,2016-06-12,,deborah.harris@quicklift.com,true,(600) 360-2814,Chief Operating Officer,2,false,2024-05-20,2026-09-01
500633,100601,1321489,2018-09-09,,anthony.taylor@essache.com,true,(819) 452-9615,Chief Executive Officer,1,false,2026-07-31,2026-09-01
500634,100602,1321489,2024-11-17,,patrick.stewart@essache.com,true,,Founder,1,false,2025-09-01,2026-09-01
500635,100603,1321489,2020-02-19,,emma.sanchez@essache.com,true,(383) 832-8079,Store Manager,3,false,2024-07-14,2026-09-01
500636,100604,1321489,2018-04-10,,emily.sanchez@essache.com,false,(480) 843-9810,Founder,1,false,2025-03-20,2026-09-01
500637,100605,1321716,2020-09-03,2020-04-19,maria.peterson@velvetvitality.com,false,,Chief Executive Officer,1,false,2026-08-03,2026-09-01
500638,100606,1321716,2015-06-04,2017-07-28,elizabeth.wilson@velvetvitality.com,true,,Head of Finance,3,false,2024-10-06,2026-09-01
500639,100607,1324416,2023-04-25,,gary.reyes@thomasfoodsusa.com,false,,Chief Executive Officer,1,false,2024-01-23,2026-09-01
500640,100608,1324416,2023-01-05,2026-10-14,carolyn.cruz@thomasfoodsusa.com,true,,Owner,1,false,2026-06-24,2026-09-01
500641,100609,1324416,2019-05-19,,charles.perez@thomasfoodsusa.com,true,(933) 875-2684,HR Manager,3,false,2024-01-10,2026-09-01
500642,100609,1324416,2021-02-11,,charles.perez@thomasfoodsusa.com,false,(933) 875-2684,HR Manager,3,false,2025-02-17,2026-09-01
500643,100610,1325887,2021-04-21,,,false,,Chief Executive Officer,1,false,2025-02-28,2026-09-01
500644,100611,1325887,2017-05-25,2020-08-17,patricia.johnson@canucktrailer.com,false,,Director of Sales,3,false,2026-04-03,2026-09-01
500645,100612,1325887,2022-04-16,,mark.gonzalez@canucktrailer.com,false,(267) 873-5562,Chief Executive Officer,1,false,2025-03-23,2026-09-01
500646,100613,1325887,2023-11-16,,raymond.perez@canucktrailer.com,true,(304) 929-9784,Regional Manager,3,false,2024-12-17,2026-09-01
500647,100614,1328696,2015-10-04,,benjamin.roberts@doorsinciowa.com,true,(904) 525-8899,Chief Executive Officer,1,false,2026-07-08,2026-09-01
500648,100615,1330488,2015-09-03,2026-03-09,sandra.cook@carpetcleaningpetaluma.com,false,(449) 834-2300,Chief Executive Officer,1,false,2024-11-06,2026-09-01
500649,100616,1330488,2016-07-03,2023-03-21,,false,(812) 654-6385,HR Manager,3,false,2024-03-22,2026-09-01
500650,100617,1334470,2017-02-27,2018-08-03,samuel.torres@gatecontrolsystemsinc.com,true,,Chief Executive Officer,1,false,2024-09-14,2026-09-01
500651,100618,1334470,2015-11-17,,carol.young@gatecontrolsystemsinc.com,true,(409) 441-9313,Principal,2,false,2024-12-02,2026-09-01
500652,100619,1334470,2022-02-16,2026-11-02,debra.lewis@gatecontrolsystemsinc.com,true,(510) 492-8344,VP of Sales,3,false,2024-06-12,2026-09-01
500653,100620,1334470,2019-12-13,,dorothy.white@gatecontrolsystemsinc.com,true,,Director of Engineering,3,false,2026-06-06,2026-09-01
500654,100621,1337192,2023-01-07,,kathleen.williams@benjaminmfg.com,false,(273) 541-3238,Chief Executive Officer,1,false,2025-01-23,2026-09-01
500655,100621,1337192,2025-10-22,,kathleen.williams@benjaminmfg.com,false,(273) 541-3238,Chief Executive Officer,1,false,2026-02-05,2026-09-01
500656,100622,1337192,2019-04-23,,maria.hill@benjaminmfg.com,true,(604) 960-7113,Office Manager,3,false,2024-05-25,2026-09-01
500657,100623,1337192,2021-05-05,2025-11-23,steven.carter@benjaminmfg.com,true,,Founder,1,false,2025-12-14,2026-09-01
500658,100624,1341868,2017-12-06,,frank.mitchell@fivestarsheets.com,true,(914) 881-3422,Chief Executive Officer,1,false,2024-10-28,2026-09-01
500659,100625,1341868,2023-08-24,2026-12-28,jason.young@fivestarsheets.com,true,(365) 212-2912,Controller,3,false,2026-03-25,2026-09-01
500660,100626,1347016,2023-05-23,,william.gutierrez@pmi-auction.com,true,,Chief Executive Officer,1,false,2024-12-10,2026-09-01
500661,100627,1347016,2022-05-04,2024-06-01,,false,(627) 737-7829,Chief Executive Officer,1,false,2024-12-15,2026-09-01
500662,100628,1347016,2017-01-15,,gregory.carter@pmi-auction.com,false,,Chief Operating Officer,2,false,2025-03-11,2026-09-01
500663,100629,1347016,2019-12-11,,susan.kelly@pmi-auction.com,true,(396) 465-7697,Founder,1,false,2024-12-06,2026-09-01
500664,100630,1364634,2017-12-25,,david.baker@testrack.com,false,(303) 209-2000,Chief Executive Officer,1,false,2024-03-26,2026-09-01
500665,100631,1365533,2018-07-15,,james.carter@remcoofficesys.com,true,,Chief Executive Officer,1,false,2026-03-27,2026-09-01
500666,100632,1365533,2024-10-05,,jacob.baker@remcoofficesys.com,true,(302) 203-8486,Founder,1,false,2024-10-11,2026-09-01
500667,100632,1365533,2024-09-08,,jacob.baker@remcoofficesys.com,false,(302) 203-8486,Founder,1,false,2026-12-22,2026-09-01
500668,100633,1365839,2015-03-10,,rachel.young@itlandes.com,true,(203) 853-6278,Chief Executive Officer,1,false,2025-10-28,2026-09-01
500669,100634,1368453,2023-03-27,,gary.phillips@gallowayorthopedics.com,true,(687) 874-2645,Chief Executive Officer,1,false,2024-10-20,2026-09-01
500670,100635,1371272,2022-05-26,,carolyn.cook@sienadev.com,false,,Chief Executive Officer,1,false,2024-02-29,2026-09-01
500671,100636,1371272,2022-06-20,,barbara.hill@sienadev.com,true,(425) 936-5220,Head of Product,3,false,2024-09-09,2026-09-01
500672,100637,1371272,2021-06-17,,nancy.edwards@sienadev.com,true,(908) 540-4666,Managing Partner,1,false,2025-12-03,2026-09-01
500673,100638,1373130,2019-02-15,2022-07-07,jack.carter@epainhealth.com,true,,Chief Executive Officer,1,false,2024-01-04,2026-09-01
500674,100639,1373130,2023-12-11,,sandra.lewis@epainhealth.com,true,(633) 527-6980,Principal,2,false,2026-11-30,2026-09-01
500675,100640,1373130,2021-01-13,,joseph.lopez@epainhealth.com,true,,Principal,2,false,2025-08-30,2026-09-01
500676,100641,1376987,2020-07-20,2024-03-22,ryan.jackson@tworiversassociates.com,false,(787) 689-4534,Chief Executive Officer,1,false,2025-11-13,2026-09-01
500677,100642,1376987,2024-09-14,,scott.green@tworiversassociates.com,true,(430) 917-1861,Chief Technology Officer,2,false,2026-03-13,2026-09-01
500678,100643,1381892,2023-06-09,,charles.williams@centraliaradon.com,true,(299) 334-6298,Chief Executive Officer,1,false,2024-04-20,2026-09-01
500679,100644,1381892,2022-10-21,,alexander.stewart@centraliaradon.com,true,(791) 340-8239,Chief Technology Officer,2,false,2025-03-05,2026-09-01
500680,100645,1381892,2022-08-10,,elizabeth.ortiz@centraliaradon.com,true,(570) 943-2670,Head of Finance,3,false,2026-02-10,2026-09-01
500681,100646,1391101,2017-09-30,2019-09-14,nancy.davis@syzygy-tech.com,true,(352) 842-7619,Chief Executive Officer,1,false,2025-09-11,2026-09-01
500682,100647,1391101,2022-10-04,,daniel.miller@syzygy-tech.com,true,,Chief Operating Officer,2,false,2024-07-02,2026-09-01
500683,100648,1397741,2022-10-12,,,false,(786) 691-5484,Chief Executive Officer,1,false,2025-01-05,2026-09-01
500684,100649,1397741,2016-05-27,2016-09-17,melissa.johnson@mhstechnologies.com,true,,HR Manager,3,false,2025-01-13,2026-09-01
500685,100650,1397741,2015-09-19,,,false,(749) 742-9004,Chief Technology Officer,2,false,2024-09-11,2026-09-01
500686,100651,1398772,2016-06-11,,,false,(521) 325-1641,Chief Executive Officer,1,false,2024-11-26,2026-09-01
500687,100652,1400215,2021-02-07,2021-01-01,dennis.jones@geosearch.com,false,,Chief Executive Officer,1,false,2024-04-04,2026-09-01
500688,100653,1404310,2024-03-11,2024-03-16,donna.morgan@milestonefinancialplanning.com,false,,Chief Executive Officer,1,false,2025-09-05,2026-09-01
500689,100654,1404310,2018-02-10,2024-12-23,frank.green@milestonefinancialplanning.com,true,(421) 805-6882,Chief Financial Officer,2,false,2025-06-06,2026-09-01
500690,100655,1407890,2021-04-27,,charles.phillips@perfexia.ca,true,(397) 931-7097,Chief Executive Officer,1,false,2024-12-01,2026-09-01
500691,100656,1407890,2015-11-14,2026-12-02,frank.jackson@perfexia.ca,false,(588) 226-5055,Owner,1,false,2026-04-13,2026-09-01
500692,100657,1413918,2016-05-20,2024-03-02,george.nelson@premiumbeef.ca,true,,Chief Executive Officer,1,false,2026-09-29,2026-09-01
500693,100658,1413918,2015-07-16,2023-09-27,emily.johnson@premiumbeef.ca,false,(764) 477-2623,Director of Engineering,3,false,2026-12-24,2026-09-01
500694,100659,1417919,2022-08-09,,stephanie.morris@atlanticyachtandship.com,true,(579) 924-5081,Chief Executive Officer,1,false,2025-01-09,2026-09-01
500695,100660,1417919,2023-01-21,,debra.rogers@atlanticyachtandship.com,true,(482) 638-9529,Director of Engineering,3,false,2025-09-17,2026-09-01
500696,100661,1417919,2015-11-11,,christopher.carter@atlanticyachtandship.com,true,(520) 292-2302,Co-Founder,1,false,2024-12-04,2026-09-01
500697,100662,1424437,2020-08-01,,amy.johnson@vallottonfarms.squarespace.com,true,,Chief Executive Officer,1,false,2026-12-26,2026-09-01
500698,100663,1435781,2020-01-12,,brandon.harris@webstercomputer.com,true,,Chief Executive Officer,1,false,2026-12-08,2026-09-01
500699,100664,1435781,2019-09-28,,,false,(726) 561-1834,Chief Operating Officer,2,false,2024-12-15,2026-09-01
500700,100665,1437367,2017-05-22,2024-01-30,alexander.young@cascadeconcretesawing.com,true,,Chief Executive Officer,1,false,2025-03-21,2026-09-01
500701,100666,1449439,2020-07-08,2025-12-07,samuel.rogers@paperproductsusa.com,true,,Chief Executive Officer,1,false,2024-11-10,2026-09-01
500702,100667,1449439,2019-06-08,,,false,(456) 431-8711,Office Manager,3,false,2026-01-16,2026-09-01
500703,100668,1449439,2019-12-02,,brandon.collins@paperproductsusa.com,true,,Chief Operating Officer,2,false,2024-10-13,2026-09-01
500704,100669,1449439,2017-02-15,2018-07-02,,false,(926) 403-2813,Sales Manager,3,false,2026-03-19,2026-09-01
500705,100670,1450115,2018-08-23,,,false,(707) 898-3087,Chief Executive Officer,1,false,2026-03-29,2026-09-01
500706,100671,1462416,2021-12-04,2026-09-26,deborah.taylor@luminaire.com,false,(979) 639-5059,Chief Executive Officer,1,false,2025-07-29,2026-09-01
500707,100672,1462416,2024-03-15,,robert.taylor@luminaire.com,true,,VP of Marketing,3,false,2024-07-30,2026-09-01
500708,100673,1462416,2024-08-02,,jerry.walker@luminaire.com,true,,General Manager,3,false,2025-04-14,2026-09-01
500709,100674,1462416,2021-11-30,2021-07-28,,false,(349) 636-1289,Director of Sales,3,false,2026-02-17,2026-09-01
500710,100675,1463119,2018-01-07,,,false,(252) 511-2803,Chief Executive Officer,1,false,2025-12-19,2026-09-01
500711,100676,1464900,2018-03-14,,michael.white@amelgroup.ca,true,,Chief Executive Officer,1,false,2024-07-25,2026-09-01
500712,100677,1472007,2019-01-16,,gary.campbell@drawingspecialists.com,true,(988) 333-6426,Chief Executive Officer,1,false,2026-12-19,2026-09-01
500713,100678,1473059,2017-03-01,,emily.clark@encorelabs.com,true,(323) 242-4120,Chief Executive Officer,1,false,2024-06-02,2026-09-01
500714,100679,1476832,2021-09-20,2022-06-13,,false,(715) 222-3735,Chief Executive Officer,1,false,2025-08-16,2026-09-01
500715,100679,1476832,2021-05-05,,,false,(715) 222-3735,Chief Executive Officer,1,false,2025-01-24,2026-09-01
500716,100680,1476832,2016-11-08,,jonathan.martin@passivhausmaine.org,true,(745) 725-2228,Head of Finance,3,false,2026-03-10,2026-09-01
500717,100681,1476832,2021-05-31,2021-02-06,rebecca.peterson@passivhausmaine.org,true,,VP of Marketing,3,false,2026-11-16,2026-09-01
500718,100682,1476832,2024-07-23,2025-07-03,george.edwards@passivhausmaine.org,true,,Chief Technology Officer,2,false,2024-12-16,2026-09-01
500719,100683,1478710,2018-11-24,,donna.garcia@dfwtrn.org,true,,Chief Executive Officer,1,false,2025-10-26,2026-09-01
500720,100684,1478710,2016-07-01,,andrew.miller@dfwtrn.org,true,,Chief Technology Officer,2,false,2025-10-26,2026-09-01
500721,100685,1478879,2024-02-28,,mary.rivera@sorrellco.com,true,(869) 463-4377,Chief Executive Officer,1,false,2025-02-21,2026-09-01
500722,100686,1478879,2020-01-02,2024-11-12,steven.williams@sorrellco.com,true,,Store Manager,3,false,2026-09-08,2026-09-01
500723,100687,1480407,2016-10-29,,lisa.thompson@staugministries.org,true,,Chief Executive Officer,1,false,2025-01-19,2026-09-01
500724,100688,1509384,2019-03-28,,samuel.phillips@orexigen.com,false,(212) 817-2633,Chief Executive Officer,1,false,2024-01-28,2026-09-01
500725,100689,1513233,2023-04-04,,jennifer.taylor@richardkenneyrealty.com,true,,Chief Executive Officer,1,false,2024-06-23,2026-09-01
500726,100690,1513233,2020-05-15,2020-08-16,christopher.kim@richardkenneyrealty.com,true,(367) 514-6435,Office Manager,3,false,2025-07-01,2026-09-01
500727,100691,1517325,2017-07-17,,jennifer.wilson@campbellca.gov,false,(201) 429-1393,Chief Executive Officer,1,false,2025-08-10,2026-09-01
500728,100692,1525729,2020-12-12,,deborah.anderson@ww25.tagenergypartners.com,false,,Chief Executive Officer,1,false,2026-05-20,2026-09-01
500729,100693,1525729,2018-01-15,,susan.torres@ww25.tagenergypartners.com,true,(493) 556-2702,Business Development Manager,3,false,2025-06-27,2026-09-01
500730,100694,1525729,2018-08-04,2023-01-04,jessica.campbell@ww25.tagenergypartners.com,true,(352) 996-3401,Chief Technology Officer,2,false,2026-09-06,2026-09-01
500731,100695,1527501,2019-04-27,,jason.scott@smartsuinc.com,true,,Chief Executive Officer,1,false,2026-09-12,2026-09-01
500732,100696,1534133,2021-07-07,,samantha.nelson@digiplaygaming.com,true,(435) 593-2369,Chief Executive Officer,1,false,2025-03-25,2026-09-01
500733,100697,1534133,2024-07-16,2026-08-28,deborah.turner@digiplaygaming.com,true,,VP of Sales,3,false,2024-08-13,2026-09-01
500734,100697,1534133,2025-12-16,,deborah.turner@digiplaygaming.com,false,,VP of Sales,3,false,2026-01-09,2026-09-01
500735,100698,1540940,2020-05-07,,heather.moore@stmarkevangelist.com,true,(878) 795-2208,Chief Executive Officer,1,false,2024-03-02,2026-09-01
500736,100699,1540940,2021-05-20,,,false,,Owner,1,false,2026-05-02,2026-09-01
500737,100700,1540940,2020-11-30,,jessica.jackson@stmarkevangelist.com,false,,Chief Operating Officer,2,false,2026-04-22,2026-09-01
500738,100701,1548869,2019-10-02,,samuel.johnson@accessibilityventures.com,true,,Chief Executive Officer,1,false,2025-06-12,2026-09-01
500739,100702,1548869,2016-10-04,2017-01-11,samuel.jones@accessibilityventures.com,true,,General Manager,3,false,2024-09-13,2026-09-01
500740,100703,1549325,2024-01-04,,linda.lewis@bbnoilrecycling.com,true,,Chief Executive Officer,1,false,2025-07-06,2026-09-01
500741,100704,1549325,2018-03-01,2019-03-13,frank.reyes@bbnoilrecycling.com,false,(543) 228-4924,Co-Founder,1,false,2024-01-23,2026-09-01
500742,100705,1553045,2015-07-07,2017-02-02,stephen.sanchez@bhpchamber.org,true,(778) 245-8926,Chief Executive Officer,1,false,2024-01-18,2026-09-01
500743,100706,1556428,2016-09-12,,ronald.cook@structureswoodcare.com,false,(238) 497-3641,Chief Executive Officer,1,false,2024-07-10,2026-09-01
500744,100707,1556428,2020-08-16,,thomas.gonzalez@structureswoodcare.com,true,(869) 344-3638,VP of Sales,3,false,2026-12-07,2026-09-01
500745,100708,1556428,2018-04-06,,nicholas.martin@structureswoodcare.com,true,,Head of Product,3,false,2026-06-01,2026-09-01
500746,100708,1556428,2020-03-04,,nicholas.martin@structureswoodcare.com,false,,Head of Product,3,false,2025-05-04,2026-09-01
500747,100709,1557227,2023-08-05,,brandon.cox@5starhvaccontractors.com,true,(299) 215-3336,Chief Executive Officer,1,false,2024-06-27,2026-09-01
500748,100710,1573514,2022-04-17,,nancy.nguyen@rockbottomdistillers.com,true,(462) 981-8242,Chief Executive Officer,1,false,2026-09-26,2026-09-01
500749,100710,1573514,2023-08-11,,nancy.nguyen@rockbottomdistillers.com,false,(462) 981-8242,Chief Executive Officer,1,false,2026-04-01,2026-09-01
500750,100711,1573514,2020-09-30,,amanda.lopez@rockbottomdistillers.com,true,(332) 651-7008,Sales Manager,3,false,2026-02-04,2026-09-01
500751,100712,1577579,2019-03-20,2023-06-24,laura.king@northstarmediagroup.com,true,,Chief Executive Officer,1,false,2025-04-01,2026-09-01
500752,100713,1577579,2020-04-02,,helen.davis@northstarmediagroup.com,true,,Marketing Manager,3,false,2026-08-10,2026-09-01
500753,100714,1587074,2021-10-11,,susan.gomez@gulfcouncil.org,true,,Chief Executive Officer,1,false,2026-09-02,2026-09-01
500754,100715,1587130,2015-08-10,2015-07-07,,false,(640) 684-4496,Chief Executive Officer,1,false,2026-05-16,2026-09-01
500755,100716,1587130,2018-01-26,,kenneth.reed@resultsadpro.com,false,,HR Manager,3,false,2026-07-13,2026-09-01
500756,100717,1596807,2022-09-22,,christine.king@unileverusa.com,true,(693) 686-9773,Chief Executive Officer,1,false,2026-06-13,2026-09-01
500757,100718,1596807,2015-11-15,,jason.baker@unileverusa.com,true,(774) 811-4253,Chief Technology Officer,2,false,2024-10-23,2026-09-01
500758,100719,1597436,2023-09-07,2025-02-12,,false,(392) 630-9947,Chief Executive Officer,1,false,2025-03-18,2026-09-01
500759,100720,1597436,2015-03-08,,christopher.murphy@ovrtechnology.com,true,(214) 579-6960,Chief Financial Officer,2,false,2024-09-12,2026-09-01
500760,100721,1597436,2019-10-11,,kimberly.gutierrez@ovrtechnology.com,true,(560) 560-9887,HR Manager,3,false,2024-08-20,2026-09-01
500761,100722,1597436,2021-09-02,2025-11-21,samantha.edwards@ovrtechnology.com,true,,Marketing Manager,3,false,2026-06-14,2026-09-01
500762,100723,1600107,2017-05-17,2022-02-06,richard.lopez@ventyv.com,true,(883) 496-7891,Chief Executive Officer,1,false,2024-08-22,2026-09-01
500763,100724,1600107,2023-11-26,,katherine.williams@ventyv.com,true,,Office Manager,3,false,2026-03-21,2026-09-01
500764,100724,1600107,2025-02-06,,katherine.williams@ventyv.com,false,,Office Manager,3,false,2025-04-03,2026-09-01
500765,100725,1600107,2022-07-20,2024-04-29,amy.richardson@ventyv.com,false,(470) 514-7794,General Manager,3,false,2024-02-23,2026-09-01
500766,100726,1601810,2024-04-16,2026-05-28,eric.kim@arapahopm.com,false,(397) 831-7444,Chief Executive Officer,1,false,2026-03-10,2026-09-01
500767,100727,1607476,2016-04-29,,kenneth.gutierrez@theslatebistro.com,true,,Chief Executive Officer,1,false,2025-06-16,2026-09-01
500768,100728,1609797,2021-12-06,,dorothy.clark@tongueriverelectric.com,true,(807) 356-1455,Chief Executive Officer,1,false,2024-06-10,2026-09-01
500769,100729,1611761,2016-03-30,,ryan.rivera@wcec.org,true,(853) 793-2694,Chief Executive Officer,1,false,2024-08-07,2026-09-01
500770,100730,1611761,2020-07-17,,joshua.harris@wcec.org,true,,VP of Marketing,3,false,2025-03-01,2026-09-01
500771,100731,1611761,2017-05-11,,jerry.king@wcec.org,true,(698) 840-2250,Office Manager,3,false,2025-10-04,2026-09-01
500772,100732,1613286,2021-01-04,2026-09-28,charles.white@franzarchitects.com,true,(324) 397-1484,Chief Executive Officer,1,false,2025-03-18,2026-09-01
500773,100733,1613286,2016-07-21,2024-02-28,jessica.baker@franzarchitects.com,true,,President,1,false,2024-09-16,2026-09-01
500774,100734,1617540,2024-06-27,,barbara.hall@the3aprons.com,false,,Chief Executive Officer,1,false,2026-03-15,2026-09-01
500775,100735,1617540,2023-11-27,2025-09-26,cynthia.murphy@the3aprons.com,true,,Store Manager,3,false,2026-07-02,2026-09-01
500776,100736,1619467,2024-04-09,,kenneth.richardson@denisonroofing.com,true,,Chief Executive Officer,1,false,2026-12-22,2026-09-01
500777,100737,1619467,2017-10-01,2024-05-14,,false,(639) 390-6861,Chief Executive Officer,1,false,2026-01-31,2026-09-01
500778,100738,1619467,2022-09-20,2023-11-05,laura.perez@denisonroofing.com,false,,Regional Manager,3,false,2025-10-20,2026-09-01
500779,100739,1621915,2018-07-25,,deborah.torres@benchmark-strategies.com,false,(898) 974-8130,Chief Executive Officer,1,false,2024-04-11,2026-09-01
500780,100740,1621915,2016-05-03,2017-12-01,,false,,Office Manager,3,false,2025-10-31,2026-09-01
500781,100741,1650167,2024-06-09,,robert.torres@kablock.com,false,,Chief Executive Officer,1,false,2026-12-28,2026-09-01
500782,100742,1657972,2019-05-31,2024-02-05,,false,(705) 827-1771,Chief Executive Officer,1,false,2026-10-07,2026-09-01
500783,100743,1657972,2015-07-15,,raymond.hill@digitalconcourse.com,false,(305) 229-4670,President,1,false,2025-10-23,2026-09-01
500784,100744,1665597,2021-11-14,,,false,,Chief Executive Officer,1,false,2026-02-16,2026-09-01
500785,100745,1665597,2024-08-31,2026-04-26,jonathan.smith@bluehorizonenergy.com,true,(322) 329-6231,Chief Operating Officer,2,false,2024-09-07,2026-09-01
500786,100746,1665597,2017-07-14,2025-08-05,jennifer.anderson@bluehorizonenergy.com,false,(487) 529-8908,VP of Sales,3,false,2024-06-18,2026-09-01
500787,100747,1667338,2023-07-12,,ashley.clark@elevamedia.com,true,(740) 726-6134,Chief Executive Officer,1,false,2024-11-11,2026-09-01
500788,100748,1667338,2019-01-29,,linda.ramirez@elevamedia.com,true,,President,1,false,2026-11-17,2026-09-01
500789,100749,1667338,2016-11-03,,cynthia.roberts@elevamedia.com,true,,Director of Sales,3,false,2024-07-28,2026-09-01
500790,100750,1676978,2019-06-14,,catherine.anderson@hamptonbates.com,true,,Chief Executive Officer,1,false,2024-04-18,2026-09-01
500791,100751,1676978,2018-04-19,2019-12-25,,false,(949) 632-4177,Director of Engineering,3,false,2025-07-19,2026-09-01
500792,100752,1676978,2015-07-24,,amanda.king@hamptonbates.com,true,,Office Manager,3,false,2025-03-25,2026-09-01
500793,100753,1679250,2017-04-13,,pamela.wright@searlecreative.com,false,,Chief Executive Officer,1,false,2025-08-12,2026-09-01
500794,100754,1679250,2024-07-24,,emily.lewis@searlecreative.com,false,(837) 688-6002,President,1,false,2025-10-07,2026-09-01
500795,100755,1679250,2019-10-19,,ronald.gomez@searlecreative.com,false,(345) 213-8775,Chief Operating Officer,2,false,2025-06-24,2026-09-01
500796,100756,1689164,2016-03-24,2016-03-12,maria.johnson@strategichospitalityresources.com,true,,Chief Executive Officer,1,false,2025-08-18,2026-09-01
500797,100757,1702496,2020-02-23,2023-12-15,nancy.jackson@gomohealth.com,true,,Chief Executive Officer,1,false,2025-11-14,2026-09-01
500798,100758,18179581,2018-01-10,,jack.nelson@gomohealth.com,true,(810) 695-2847,General Manager,3,false,2024-02-12,2026-09-01
500799,100759,1704194,2023-04-24,,timothy.lewis@hitehealth.net,true,,Chief Executive Officer,1,false,2025-02-26,2026-09-01
500800,100760,1707314,2024-12-16,,edward.wilson@marineeco.com,true,(379) 471-6715,Chief Executive Officer,1,false,2025-07-19,2026-09-01
500801,100761,1716065,2022-08-21,2023-08-17,carol.ward@hannaysinc.com,true,,Chief Executive Officer,1,false,2024-11-29,2026-09-01
500802,100762,1716065,2020-02-03,2023-03-05,,false,,VP of Operations,3,false,2024-09-09,2026-09-01
500803,100762,1716065,2021-09-18,,,false,,VP of Operations,3,false,2024-01-11,2026-09-01
500804,100763,1721175,2019-11-05,,gregory.smith@premierplasticsurgerypa.com,false,(346) 950-4223,Chief Executive Officer,1,false,2025-03-24,2026-09-01
500805,100763,1721175,2020-12-27,,gregory.smith@premierplasticsurgerypa.com,false,(346) 950-4223,Chief Executive Officer,1,false,2025-05-24,2026-09-01
500806,100764,1721175,2019-06-23,,brian.torres@premierplasticsurgerypa.com,false,,Store Manager,3,false,2025-06-19,2026-09-01
500807,100765,1721632,2021-05-10,,daniel.reed@nerdfeedr.com,true,,Chief Executive Officer,1,false,2025-01-10,2026-09-01
500808,100766,1721632,2022-09-07,,,false,(910) 520-9254,Sales Manager,3,false,2026-08-17,2026-09-01
500809,100767,1723010,2017-09-20,,timothy.reyes@clearwavesoftware.com,true,,Chief Executive Officer,1,false,2025-08-23,2026-09-01
500810,100767,1723010,2019-03-16,,timothy.reyes@clearwavesoftware.com,false,,Chief Executive Officer,1,false,2024-09-14,2026-09-01
500811,100768,1723010,2024-05-30,2024-04-22,jerry.turner@clearwavesoftware.com,false,(981) 730-8540,Director of Sales,3,false,2024-08-07,2026-09-01
500812,100769,1739655,2017-04-19,,kathleen.nelson@swtire.com,true,,Chief Executive Officer,1,false,2026-10-11,2026-09-01
500813,100770,1739913,2020-04-24,2025-09-02,,false,,Chief Executive Officer,1,false,2026-06-27,2026-09-01
500814,100771,1739913,2017-12-02,,gary.richardson@8bitstudio.com,true,(388) 440-9957,President,1,false,2024-09-09,2026-09-01
500815,100772,1739913,2023-05-08,,,false,,HR Manager,3,false,2024-12-15,2026-09-01
500816,100773,1740262,2016-08-29,2021-02-15,betty.stewart@hyperion-solutions.com,false,(675) 626-7960,Chief Executive Officer,1,false,2026-03-08,2026-09-01
500817,100773,1740262,2017-09-12,,betty.stewart@hyperion-solutions.com,false,(675) 626-7960,Chief Executive Officer,1,false,2024-03-10,2026-09-01
500818,100774,1740262,2016-07-24,,emma.murphy@hyperion-solutions.com,true,(655) 243-6811,HR Manager,3,false,2025-07-21,2026-09-01
500819,100774,1740262,2016-11-20,,emma.murphy@hyperion-solutions.com,false,(655) 243-6811,HR Manager,3,false,2026-01-02,2026-09-01
500820,100775,1741415,2018-02-14,,nicholas.clark@empireeye.com,true,(670) 932-3294,Chief Executive Officer,1,false,2026-03-17,2026-09-01
500821,100776,1741415,2021-06-17,,angela.rodriguez@empireeye.com,true,(820) 874-3955,HR Manager,3,false,2026-12-12,2026-09-01
500822,100777,1744734,2018-08-18,,emma.howard@mtcomp.org,true,(711) 895-8805,Chief Executive Officer,1,false,2025-04-29,2026-09-01
500823,100778,1744734,2019-09-17,,david.garcia@mtcomp.org,false,,Chief Operating Officer,2,false,2025-05-27,2026-09-01
500824,100779,1748961,2017-04-04,,elizabeth.cruz@amscaregivers.com,true,(895) 492-4694,Chief Executive Officer,1,false,2026-12-18,2026-09-01
500825,100780,1748961,2022-07-01,2022-03-10,,false,,Chief Financial Officer,2,false,2024-10-14,2026-09-01
500826,100781,1748961,2022-08-26,,edward.moore@amscaregivers.com,true,(273) 548-4036,Director of Engineering,3,false,2026-12-17,2026-09-01
500827,100782,1750368,2017-08-02,2023-01-24,pamela.stewart@supremecorq.com,true,,Chief Executive Officer,1,false,2025-04-03,2026-09-01
500828,100783,1750368,2022-11-20,,david.cruz@supremecorq.com,true,,VP of Operations,3,false,2024-11-19,2026-09-01
500829,100784,1750368,2020-10-21,,larry.hernandez@supremecorq.com,true,,Co-Founder,1,false,2026-03-28,2026-09-01
500830,100785,1751650,2017-04-16,,joseph.howard@healthtecsolutions.com,true,,Chief Executive Officer,1,false,2024-05-07,2026-09-01
500831,100786,1751650,2018-11-17,,john.baker@healthtecsolutions.com,true,(824) 919-1579,Co-Founder,1,false,2024-06-14,2026-09-01
500832,100787,1754359,2015-04-18,,thomas.wright@cookstreetconsulting.com,true,(433) 221-1906,Chief Executive Officer,1,false,2026-12-30,2026-09-01
500833,100788,1754359,2019-05-05,,amy.cook@cookstreetconsulting.com,true,(765) 693-1854,Director of Sales,3,false,2026-05-30,2026-09-01
500834,100789,1755863,2021-05-15,2021-03-03,joseph.cruz@greenhouseseo.com,true,(432) 622-9785,Chief Executive Officer,1,false,2025-05-26,2026-09-01
500835,100790,1755863,2018-12-03,,,false,(489) 244-6146,Co-Founder,1,false,2025-05-15,2026-09-01
500836,100791,1757701,2024-08-18,2025-09-11,,false,(410) 706-6848,Chief Executive Officer,1,false,2026-01-21,2026-09-01
500837,100792,1763596,2022-11-29,,katherine.young@toddschauscpa.com,true,(255) 554-7731,Chief Executive Officer,1,false,2024-06-09,2026-09-01
500838,100793,1763950,2022-10-31,,eric.robinson@datacequia.com,true,(345) 236-4851,Chief Executive Officer,1,false,2024-08-21,2026-09-01
500839,100793,1763950,2022-03-11,,eric.robinson@datacequia.com,false,(345) 236-4851,Chief Executive Officer,1,false,2025-07-07,2026-09-01
500840,100794,1764793,2019-04-25,,deborah.hill@creativertical.com,false,(707) 219-7268,Chief Executive Officer,1,false,2026-02-15,2026-09-01
500841,100795,1767361,2023-02-20,,michael.flores@cpaexpress.info,true,(975) 228-6586,Chief Executive Officer,1,false,2026-05-25,2026-09-01
500842,100796,1767361,2024-08-17,,patricia.cox@cpaexpress.info,true,(766) 597-5709,Head of Finance,3,false,2026-05-18,2026-09-01
500843,100797,1770443,2023-08-26,,eric.king@muirlandscapital.com,true,(480) 287-5094,Chief Executive Officer,1,false,2026-03-19,2026-09-01
500844,100797,1770443,2024-07-15,,eric.king@muirlandscapital.com,false,(480) 287-5094,Chief Executive Officer,1,false,2026-01-10,2026-09-01
500845,100798,1770443,2016-05-24,,catherine.walker@muirlandscapital.com,true,(990) 822-1202,VP of Marketing,3,false,2025-06-25,2026-09-01
500846,100799,1771682,2015-09-20,,robert.cruz@infiniasearch.com,false,(281) 483-6145,Chief Executive Officer,1,false,2025-07-19,2026-09-01
500847,100800,1771682,2017-08-11,2017-06-07,amanda.morris@infiniasearch.com,false,(350) 832-1812,Office Manager,3,false,2026-11-03,2026-09-01
500848,100801,1774074,2015-11-14,,jennifer.peterson@modernhr.com,false,,Chief Executive Officer,1,false,2024-06-07,2026-09-01
500849,100802,1774074,2022-03-14,,steven.williams@modernhr.com,false,(897) 625-2169,Head of Product,3,false,2024-02-20,2026-09-01
500850,100803,1776567,2018-07-06,,,false,,Chief Executive Officer,1,false,2026-11-06,2026-09-01
500851,100804,1776567,2024-04-25,,donna.richardson@gardenfreshcorp.com,true,,Chief Technology Officer,2,false,2024-11-03,2026-09-01
500852,100805,1776567,2017-07-08,,,false,,HR Manager,3,false,2026-05-06,2026-09-01
500853,100806,1781288,2017-03-09,,shirley.miller@wisconsinpublicservice.com,false,,Chief Executive Officer,1,false,2025-05-14,2026-09-01
500854,100807,1785057,2017-09-30,,george.robinson@matrics.io,true,(783) 328-9808,Chief Executive Officer,1,false,2024-10-09,2026-09-01
500855,100808,1785057,2015-11-30,,jeffrey.evans@matrics.io,true,,Store Manager,3,false,2024-10-30,2026-09-01
500856,100809,1785057,2017-01-06,,elizabeth.campbell@matrics.io,false,,HR Manager,3,false,2024-09-04,2026-09-01
500857,100810,1788315,2016-05-02,,carolyn.stewart@voyagelogistics.us,true,(447) 929-5806,Chief Executive Officer,1,false,2025-11-20,2026-09-01
500858,100811,1788315,2020-01-13,,,false,(275) 956-6815,Controller,3,false,2026-07-10,2026-09-01
500859,100812,1788315,2023-02-12,,angela.ortiz@voyagelogistics.us,true,(337) 951-4005,Sales Manager,3,false,2026-11-09,2026-09-01
500860,100813,1797127,2024-06-19,,,false,(737) 793-9326,Chief Executive Officer,1,false,2025-08-07,2026-09-01
500861,100814,1797127,2019-10-30,,edward.adams@lam-world.com,true,(242) 952-4451,Head of Product,3,false,2025-10-05,2026-09-01
500862,100815,1797127,2020-06-16,,jerry.gonzalez@lam-world.com,true,,VP of Operations,3,false,2025-08-13,2026-09-01
500863,100816,1803506,2024-05-28,,nicole.wilson@myjetsystems.com,false,,Chief Executive Officer,1,false,2024-03-22,2026-09-01
500864,100817,1812970,2023-01-12,,matthew.smith@clubprophet.com,true,(664) 502-2795,Chief Executive Officer,1,false,2026-06-29,2026-09-01
500865,100818,1812970,2018-12-19,,anthony.torres@clubprophet.com,true,(485) 949-2908,Office Manager,3,false,2025-03-31,2026-09-01
500866,100819,1813670,2022-09-18,,nicholas.nelson@graffgroup.com,true,,Chief Executive Officer,1,false,2026-06-06,2026-09-01
500867,100820,1814804,2022-02-13,,eric.green@unserkarting.com,true,(489) 334-4253,Chief Executive Officer,1,false,2025-03-14,2026-09-01
500868,100820,1814804,2022-05-18,,eric.green@unserkarting.com,false,(489) 334-4253,Chief Executive Officer,1,false,2026-10-01,2026-09-01
500869,100821,1814804,2021-11-17,,samantha.johnson@unserkarting.com,true,(239) 628-5310,Managing Partner,1,false,2025-12-15,2026-09-01
500870,100822,1814804,2020-06-30,,mark.sanchez@unserkarting.com,true,(437) 499-8947,Business Development Manager,3,false,2026-01-01,2026-09-01
500871,100823,1815320,2022-06-06,,mark.anderson@cfcoc.com,false,,Chief Executive Officer,1,false,2025-10-15,2026-09-01
500872,100824,1817351,2020-09-09,2024-08-02,ronald.taylor@elecver.com,false,(229) 497-5389,Chief Executive Officer,1,false,2025-10-23,2026-09-01
500873,100825,1821255,2018-06-17,,ronald.cruz@hascompanies.com,false,(547) 851-1747,Chief Executive Officer,1,false,2024-12-07,2026-09-01
500874,100826,1825215,2017-03-23,,joseph.ward@web.cashwa.com,true,,Chief Executive Officer,1,false,2026-03-21,2026-09-01
500875,100827,1825215,2019-03-12,,raymond.williams@web.cashwa.com,false,,VP of Sales,3,false,2025-05-24,2026-09-01
500876,100828,1825215,2019-06-18,,amanda.peterson@web.cashwa.com,false,(739) 304-9216,Founder,1,false,2025-08-02,2026-09-01
500877,100829,1826316,2019-06-30,2022-01-10,jerry.young@martinezmedicalconsulting.com,true,,Chief Executive Officer,1,false,2024-06-05,2026-09-01
500878,100830,1828243,2017-12-18,,maria.turner@craftop.com,true,,Chief Executive Officer,1,false,2026-02-10,2026-09-01
500879,100831,1828243,2022-11-18,,richard.ramos@craftop.com,false,(485) 694-5659,Co-Founder,1,false,2024-02-05,2026-09-01
500880,100832,1828243,2021-02-16,,dorothy.diaz@craftop.com,true,,Head of Finance,3,false,2024-02-20,2026-09-01
500881,100833,1834667,2017-04-30,,melissa.morris@lorrainepress.com,true,(285) 297-3773,Chief Executive Officer,1,false,2025-05-26,2026-09-01
500882,100834,1834687,2022-09-23,,jacob.gutierrez@kenilworth.com,true,,Chief Executive Officer,1,false,2024-01-12,2026-09-01
500883,100835,18189331,2018-07-06,,linda.murphy@kenilworth.com,false,(700) 758-9188,VP of Marketing,3,false,2026-08-02,2026-09-01
500884,100836,1837031,2020-06-18,2026-02-18,,false,(374) 841-9594,Chief Executive Officer,1,false,2026-05-06,2026-09-01
500885,100837,1837031,2020-11-10,,,false,(937) 892-5441,VP of Operations,3,false,2026-01-31,2026-09-01
500886,100838,1837031,2020-10-28,,eric.thomas@2ndnaturewater.com,true,(409) 828-7082,Chief Operating Officer,2,false,2025-03-07,2026-09-01
500887,100839,1838018,2022-02-19,,raymond.moore@ageronenergyllc.com,false,,Chief Executive Officer,1,false,2024-01-29,2026-09-01
500888,100840,1838018,2019-02-13,,kenneth.turner@ageronenergyllc.com,true,(636) 798-6009,VP of Marketing,3,false,2025-06-05,2026-09-01
500889,100841,1838018,2016-09-16,2018-06-05,james.flores@ageronenergyllc.com,false,,HR Manager,3,false,2025-06-22,2026-09-01
500890,100842,1838018,2021-06-15,,jonathan.collins@ageronenergyllc.com,true,(984) 592-6409,Owner,1,false,2025-07-21,2026-09-01
500891,100843,1845670,2019-10-09,,,false,(340) 723-8203,Chief Executive Officer,1,false,2025-10-31,2026-09-01
500892,100844,1845670,2022-12-02,,,false,(586) 992-7316,Regional Manager,3,false,2025-09-30,2026-09-01
500893,100845,1845670,2022-12-23,2024-06-14,christopher.perez@pcrescuers.com,true,(419) 370-5550,Head of Product,3,false,2026-09-30,2026-09-01
500894,100846,1847325,2023-03-03,,jessica.bailey@toituressteevearbour.com,true,(677) 989-6668,Chief Executive Officer,1,false,2025-01-26,2026-09-01
500895,100847,1847585,2017-11-05,,catherine.johnson@jscpa.com,false,(536) 296-7043,Chief Executive Officer,1,false,2025-07-13,2026-09-01
500896,100848,1850026,2021-06-01,,kathleen.gomez@s2helicopterservices.com,true,,Chief Executive Officer,1,false,2026-08-22,2026-09-01
500897,100849,1853582,2024-07-17,2026-05-09,gary.thompson@americaschoicecbi.com,true,,Chief Executive Officer,1,false,2024-09-01,2026-09-01
500898,100849,1853582,2024-05-07,,gary.thompson@americaschoicecbi.com,false,,Chief Executive Officer,1,false,2025-10-05,2026-09-01
500899,100850,1853582,2024-07-24,2024-02-04,john.mitchell@americaschoicecbi.com,true,,President,1,false,2025-10-10,2026-09-01
500900,100851,1856490,2024-04-02,,emma.campbell@kosmin.com,false,(262) 266-4161,Chief Executive Officer,1,false,2025-06-30,2026-09-01
500901,100852,1857200,2015-12-28,2017-01-11,,false,(913) 288-8585,Chief Executive Officer,1,false,2025-01-08,2026-09-01
500902,100853,1857200,2023-11-05,2026-07-30,daniel.smith@airtechnologiestexas.com,true,(220) 985-3774,Chief Operating Officer,2,false,2024-06-15,2026-09-01
500903,100854,1873790,2020-06-29,,michelle.harris@djautodoctors.com,true,,Chief Executive Officer,1,false,2026-12-07,2026-09-01
500904,100855,1873790,2024-05-12,,michael.carter@djautodoctors.com,false,,HR Manager,3,false,2025-03-07,2026-09-01
500905,100856,1873790,2022-11-05,,sarah.reed@djautodoctors.com,true,(495) 412-6606,Sales Manager,3,false,2025-07-04,2026-09-01
500906,100857,1873790,2017-12-04,2018-04-18,andrew.sanchez@djautodoctors.com,true,,Regional Manager,3,false,2025-01-16,2026-09-01
500907,100858,1874536,2022-04-07,,dorothy.mitchell@easymodemedia.com,false,,Chief Executive Officer,1,false,2026-01-03,2026-09-01
500908,100859,1874536,2021-08-28,,dorothy.wilson@easymodemedia.com,true,(649) 831-8478,Marketing Manager,3,false,2026-03-28,2026-09-01
500909,100860,1883027,2016-03-17,,raymond.mitchell@jackshomeimprovement.com,true,(439) 981-9306,Chief Executive Officer,1,false,2026-03-31,2026-09-01
500910,100861,1884520,2022-06-10,,nancy.hill@championvillage.com,true,(969) 342-3128,Chief Executive Officer,1,false,2024-07-04,2026-09-01
500911,100862,1884720,2022-09-05,,,false,,Chief Executive Officer,1,false,2026-02-05,2026-09-01
500912,100862,1884720,2022-11-23,,,false,,Chief Executive Officer,1,false,2025-12-06,2026-09-01
500913,100863,1884720,2022-06-30,,gregory.jackson@alwardheatingandair.com,true,(915) 417-8738,President,1,false,2025-05-12,2026-09-01
500914,100864,1884720,2016-06-30,,michelle.hernandez@alwardheatingandair.com,true,,President,1,false,2025-08-02,2026-09-01
500915,100865,1897255,2022-03-29,2024-10-20,jason.kim@crestlinetrans.com,false,(969) 607-2265,Chief Executive Officer,1,false,2025-03-08,2026-09-01
500916,100866,1897255,2018-06-28,,gary.ramos@crestlinetrans.com,true,(635) 354-5668,Co-Founder,1,false,2024-03-12,2026-09-01
500917,100867,1897255,2020-10-20,,jerry.walker@crestlinetrans.com,true,,Sales Manager,3,false,2024-06-18,2026-09-01
500918,100868,1898329,2019-10-07,2026-02-10,katherine.phillips@mentalperformanceinstitute.org,false,,Chief Executive Officer,1,false,2026-07-11,2026-09-01
500919,100869,1898329,2020-12-31,,kenneth.taylor@mentalperformanceinstitute.org,false,,Regional Manager,3,false,2025-01-01,2026-09-01
500920,100870,1898329,2018-10-12,,mary.morales@mentalperformanceinstitute.org,true,(281) 353-1113,Managing Partner,1,false,2025-06-12,2026-09-01
500921,100871,1899392,2024-03-09,2025-07-01,janet.collins@careresearchllc.com,false,,Chief Executive Officer,1,false,2025-12-31,2026-09-01
500922,100872,1899392,2023-03-17,2025-03-22,jennifer.thomas@careresearchllc.com,false,(810) 314-6853,Marketing Manager,3,false,2024-06-21,2026-09-01
500923,100873,1899392,2020-02-20,,michael.kim@careresearchllc.com,false,(641) 481-6658,Owner,1,false,2026-12-08,2026-09-01
500924,100874,1903675,2019-09-27,,john.jackson@truefinancialtechnologies.com,false,(280) 545-5947,Chief Executive Officer,1,false,2025-06-10,2026-09-01
500925,100875,1906004,2021-10-12,,william.parker@graysharbor.us,false,(483) 713-1749,Chief Executive Officer,1,false,2025-08-06,2026-09-01
500926,100876,1906004,2017-12-29,,joshua.ward@graysharbor.us,true,(872) 332-5501,Sales Manager,3,false,2025-10-13,2026-09-01
500927,100877,1906004,2015-09-19,,,false,,VP of Sales,3,false,2026-08-01,2026-09-01
500928,100878,1912398,2022-07-19,,kevin.cooper@benchanphoto.com,true,(415) 745-3785,Chief Executive Officer,1,false,2024-06-09,2026-09-01
500929,100879,1912398,2023-05-22,,carol.baker@benchanphoto.com,true,,Managing Partner,1,false,2025-08-20,2026-09-01
500930,100880,1913065,2023-05-06,,cynthia.brown@citizensnap.net,false,,Chief Executive Officer,1,false,2024-09-26,2026-09-01
500931,100881,1913065,2016-03-29,,,false,,President,1,false,2024-12-31,2026-09-01
500932,100882,1915468,2024-04-06,,jack.phillips@nadastra.com,false,(974) 675-5690,Chief Executive Officer,1,false,2024-12-29,2026-09-01
500933,100883,1915468,2020-03-15,,rebecca.kim@nadastra.com,true,,Chief Executive Officer,1,false,2024-07-20,2026-09-01
500934,100884,1915468,2021-12-09,2026-08-24,christine.green@nadastra.com,true,(393) 851-1475,HR Manager,3,false,2026-04-17,2026-09-01
500935,100885,1921233,2021-09-29,,ashley.perez@smalltownpapers.com,true,,Chief Executive Officer,1,false,2026-11-13,2026-09-01
500936,100886,1927123,2020-08-10,,charles.collins@coloradocodecraft.com,true,(447) 381-8559,Chief Executive Officer,1,false,2025-11-09,2026-09-01
500937,100887,1927123,2022-08-25,,jacob.sanchez@coloradocodecraft.com,true,(271) 207-1529,Chief Operating Officer,2,false,2026-08-20,2026-09-01
500938,100888,1927123,2023-01-10,,patricia.clark@coloradocodecraft.com,true,(933) 750-2982,Co-Founder,1,false,2026-12-29,2026-09-01
500939,100889,1929001,2016-08-20,,raymond.davis@interesante.com,true,,Chief Executive Officer,1,false,2024-08-16,2026-09-01
500940,100890,1929001,2017-09-22,,george.phillips@interesante.com,false,,Director of Engineering,3,false,2024-07-17,2026-09-01
500941,100891,1934492,2020-11-07,2022-06-24,ryan.morales@ombuddy.org,true,(979) 343-3425,Chief Executive Officer,1,false,2026-01-12,2026-09-01
500942,100892,1934492,2022-02-09,,donna.cruz@ombuddy.org,true,,VP of Operations,3,false,2025-08-26,2026-09-01
500943,100893,1937187,2020-05-07,,thomas.jackson@good-focus.com,false,(963) 729-7649,Chief Executive Officer,1,false,2025-12-05,2026-09-01
500944,100894,1937187,2019-03-14,,samantha.robinson@good-focus.com,true,,Principal,2,false,2024-12-12,2026-09-01
500945,100895,1937187,2018-11-03,2020-04-25,justin.hill@good-focus.com,false,(214) 884-2060,Office Manager,3,false,2025-07-23,2026-09-01
500946,100896,1944253,2020-12-30,,jessica.sanchez@ahventures.com,true,,Chief Executive Officer,1,false,2024-06-11,2026-09-01
500947,100897,1944253,2022-09-26,,catherine.ortiz@ahventures.com,true,(450) 462-3993,Founder,1,false,2025-04-12,2026-09-01
500948,100898,1944253,2016-01-10,,christine.jones@ahventures.com,true,(472) 765-5546,Marketing Manager,3,false,2024-05-10,2026-09-01
500949,100899,1944998,2017-03-15,,joshua.davis@cambiostrat.com,true,(252) 526-2196,Chief Executive Officer,1,false,2026-09-01,2026-09-01
500950,100900,1945933,2024-01-14,,margaret.kim@elkpeakcapital.com,true,,Chief Executive Officer,1,false,2024-01-02,2026-09-01
500951,100901,1945933,2020-06-02,,justin.parker@elkpeakcapital.com,true,(380) 536-9311,Sales Manager,3,false,2025-09-05,2026-09-01
500952,100902,1955999,2020-09-18,,carol.scott@foo.software,false,,Chief Executive Officer,1,false,2024-05-14,2026-09-01
500953,100903,1955999,2024-03-23,2024-08-10,benjamin.cruz@foo.software,true,(653) 550-9824,Business Development Manager,3,false,2025-03-12,2026-09-01
500954,100904,1957059,2022-07-15,2022-11-17,jerry.ortiz@jumpmodel.com,false,,Chief Executive Officer,1,false,2026-03-22,2026-09-01
500955,100905,1964308,2018-12-20,,brandon.lee@johnsonenggrp.com,true,,Chief Executive Officer,1,false,2025-09-22,2026-09-01
500956,100906,1964308,2019-07-14,2023-08-02,katherine.kim@johnsonenggrp.com,true,,Director of Sales,3,false,2024-10-13,2026-09-01
500957,100907,1964308,2018-04-22,,kimberly.stewart@johnsonenggrp.com,false,(407) 413-5193,Regional Manager,3,false,2026-05-25,2026-09-01
500958,100908,1969685,2015-11-01,2022-04-20,brenda.sanchez@madebyescs.com,true,,Chief Executive Officer,1,false,2026-08-20,2026-09-01
500959,100909,1975669,2021-06-09,2021-12-27,heather.roberts@dabappraisalservices.com,true,(355) 354-5896,Chief Executive Officer,1,false,2025-11-02,2026-09-01
500960,100910,1975669,2016-07-29,,emily.cox@dabappraisalservices.com,false,(498) 906-1358,Regional Manager,3,false,2025-10-04,2026-09-01
500961,100911,1975669,2020-04-02,2024-01-23,linda.baker@dabappraisalservices.com,true,(419) 388-6263,Director of Engineering,3,false,2025-06-14,2026-09-01
500962,100912,1975669,2022-03-15,,paul.anderson@dabappraisalservices.com,true,,Head of Finance,3,false,2026-09-23,2026-09-01
500963,100913,1976282,2016-10-10,,linda.rogers@drjfiresafety.com,true,(999) 315-9712,Chief Executive Officer,1,false,2024-06-28,2026-09-01
500964,100914,1976282,2024-03-03,2026-07-13,john.cook@drjfiresafety.com,true,(969) 274-8060,Marketing Manager,3,false,2024-11-07,2026-09-01
500965,100915,1976282,2024-12-21,2025-08-24,paul.kelly@drjfiresafety.com,false,(664) 740-8084,Co-Founder,1,false,2026-03-09,2026-09-01
500966,100915,1976282,2025-04-06,,paul.kelly@drjfiresafety.com,false,(664) 740-8084,Co-Founder,1,false,2025-10-22,2026-09-01
500967,100916,1977626,2023-09-02,2024-09-23,kimberly.lewis@hiready.net,false,(790) 356-4094,Chief Executive Officer,1,false,2024-02-23,2026-09-01
500968,100917,1977626,2017-07-31,,ryan.sanchez@hiready.net,false,(270) 535-6166,Founder,1,false,2024-11-30,2026-09-01
500969,100918,1980717,2019-04-08,2023-12-02,margaret.rivera@lifetimesmilescincinnati.com,true,(226) 654-4417,Chief Executive Officer,1,false,2025-02-25,2026-09-01
500970,100919,1980770,2018-07-21,,jessica.lopez@ardenoaksdentalcare.com,false,,Chief Executive Officer,1,false,2024-07-04,2026-09-01
500971,100920,1980770,2019-04-06,,jessica.lee@ardenoaksdentalcare.com,true,(667) 216-1118,Director of Engineering,3,false,2024-07-23,2026-09-01
500972,100921,1991277,2020-04-08,,david.parker@onionshack.com,false,,Chief Executive Officer,1,false,2025-03-05,2026-09-01
500973,100922,1991277,2016-12-16,,sandra.hernandez@onionshack.com,true,(361) 629-3824,Business Development Manager,3,false,2025-01-06,2026-09-01
500974,100923,1991277,2017-04-15,,robert.scott@onionshack.com,true,,President,1,false,2025-06-27,2026-09-01
500975,100924,1991277,2024-12-19,,christopher.young@onionshack.com,true,,Chief Executive Officer,1,false,2024-10-22,2026-09-01
500976,100925,2010587,2019-09-16,,scott.ortiz@kaufmanchamber.com,false,,Chief Executive Officer,1,false,2026-09-01,2026-09-01
500977,100926,2011739,2020-05-11,,jonathan.cruz@exceedec.com,true,(828) 884-2579,Chief Executive Officer,1,false,2025-02-05,2026-09-01
500978,100927,2011739,2023-05-03,2025-04-07,michelle.stewart@exceedec.com,false,(430) 875-2346,General Manager,3,false,2024-08-03,2026-09-01
500979,100928,2011889,2018-09-05,,janet.hill@naturalstoneconceptsofnaples.com,true,(473) 978-3157,Chief Executive Officer,1,false,2024-03-11,2026-09-01
500980,100929,2020516,2022-01-19,,benjamin.miller@arthritisallergy.com,true,,Chief Executive Officer,1,false,2026-04-10,2026-09-01
500981,100930,2020516,2019-12-07,2022-02-18,christopher.jones@arthritisallergy.com,true,,Chief Financial Officer,2,false,2026-11-19,2026-09-01
500982,100931,2020516,2018-10-28,,ronald.adams@arthritisallergy.com,true,,Head of Product,3,false,2026-07-23,2026-09-01
500983,100932,2030207,2016-06-01,,carol.gutierrez@fiestarestaurant.com,true,(313) 323-5844,Chief Executive Officer,1,false,2026-06-12,2026-09-01
500984,100933,2030207,2017-03-09,2024-08-19,samuel.brown@fiestarestaurant.com,false,(386) 607-9370,Co-Founder,1,false,2024-02-04,2026-09-01
500985,100934,2031445,2021-01-24,,shirley.kim@emsdetergent.com,true,(833) 431-3491,Chief Executive Officer,1,false,2025-02-18,2026-09-01
500986,100935,2031445,2018-08-11,2021-05-13,shirley.miller@emsdetergent.com,false,(631) 687-8667,Director of Sales,3,false,2025-05-29,2026-09-01
500987,100936,2031445,2015-08-31,,frank.ortiz@emsdetergent.com,false,(827) 808-2094,Business Development Manager,3,false,2026-09-11,2026-09-01
500988,100937,2035196,2019-12-22,2022-02-02,ashley.gomez@aplusprotech.com,true,(888) 355-4372,Chief Executive Officer,1,false,2024-01-23,2026-09-01
500989,100938,2035196,2022-01-18,,ronald.ramos@aplusprotech.com,false,,General Manager,3,false,2026-06-16,2026-09-01
500990,100939,2035196,2024-10-24,2024-03-24,mark.scott@aplusprotech.com,true,(357) 272-6593,President,1,false,2025-06-07,2026-09-01
500991,100940,2041543,2024-09-30,,justin.perez@appealtech.com,true,(813) 571-4953,Chief Executive Officer,1,false,2026-06-04,2026-09-01
500992,100941,2041543,2017-10-27,,,false,(941) 950-5519,HR Manager,3,false,2025-11-04,2026-09-01
500993,100942,2042776,2024-10-05,,amanda.hernandez@millertiterle.com,true,(584) 821-9502,Chief Executive Officer,1,false,2024-08-08,2026-09-01
500994,100943,2042776,2016-01-24,2024-07-26,ashley.howard@millertiterle.com,false,,Store Manager,3,false,2026-05-13,2026-09-01
500995,100944,2042776,2023-11-03,,christine.wright@millertiterle.com,true,,Chief Technology Officer,2,false,2026-12-06,2026-09-01
500996,100944,2042776,2025-03-27,,christine.wright@millertiterle.com,false,,Chief Technology Officer,2,false,2026-06-03,2026-09-01
500997,100945,2044002,2024-03-06,,patricia.ramirez@referralfw.com,true,,Chief Executive Officer,1,false,2025-05-24,2026-09-01
500998,100946,2044002,2017-05-07,,,false,(850) 469-3631,Store Manager,3,false,2025-10-21,2026-09-01
500999,100947,2044853,2017-04-08,2024-12-07,heather.thompson@loka.haus,true,(390) 974-7270,Chief Executive Officer,1,false,2025-11-21,2026-09-01
501000,100948,2044853,2017-02-16,,amanda.ward@loka.haus,true,(530) 216-2826,Director of Engineering,3,false,2025-08-29,2026-09-01
501001,100949,2044853,2016-01-06,,michelle.gonzalez@loka.haus,true,(277) 403-2529,Managing Partner,1,false,2026-04-08,2026-09-01
501002,100950,2045908,2018-08-19,,,false,(500) 828-2346,Chief Executive Officer,1,false,2026-06-25,2026-09-01
501003,100951,2052370,2022-04-07,,karen.scott@headovermealscatering.com,false,(451) 431-8214,Chief Executive Officer,1,false,2025-08-30,2026-09-01
501004,100952,2058980,2022-12-04,,jeffrey.turner@bokusushi.com,true,(596) 964-5284,Chief Executive Officer,1,false,2025-06-23,2026-09-01
501005,100953,2058980,2015-11-12,,timothy.white@bokusushi.com,false,(527) 753-6850,Director of Engineering,3,false,2025-05-20,2026-09-01
501006,100954,2062311,2020-07-29,,richard.cook@diningpurchasingservices.com,false,(254) 671-8174,Chief Executive Officer,1,false,2024-12-16,2026-09-01
501007,100954,2062311,2022-07-07,,richard.cook@diningpurchasingservices.com,false,(254) 671-8174,Chief Executive Officer,1,false,2024-04-27,2026-09-01
501008,100955,2062311,2015-09-25,,susan.cox@diningpurchasingservices.com,false,(265) 898-6806,Director of Engineering,3,false,2025-05-31,2026-09-01
501009,100956,2067673,2024-09-03,2024-04-18,carolyn.kim@treedental.com,true,(897) 800-6152,Chief Executive Officer,1,false,2026-01-03,2026-09-01
501010,100957,2067673,2023-03-20,2026-05-16,margaret.edwards@treedental.com,true,(742) 623-3641,Regional Manager,3,false,2025-01-02,2026-09-01
501011,100958,2067673,2016-01-21,,kevin.robinson@treedental.com,true,(322) 539-2459,Chief Executive Officer,1,false,2026-03-04,2026-09-01
501012,100959,2072124,2019-10-29,,jacob.moore@lightsocialmarketing.com,true,,Chief Executive Officer,1,false,2025-01-12,2026-09-01
501013,100960,2072719,2022-08-28,,brian.hernandez@lighthousehrs.net,false,(262) 770-1969,Chief Executive Officer,1,false,2026-12-19,2026-09-01
501014,100960,2072719,2023-11-01,,brian.hernandez@lighthousehrs.net,false,(262) 770-1969,Chief Executive Officer,1,false,2026-02-26,2026-09-01
501015,100961,2085110,2018-11-15,2025-08-30,larry.reed@ppsd.info,true,(386) 748-4577,Chief Executive Officer,1,false,2026-02-05,2026-09-01
501016,100962,2091612,2017-03-02,,patrick.thompson@openarmsinc.org,true,,Chief Executive Officer,1,false,2025-11-21,2026-09-01
501017,100963,2091612,2020-01-09,,helen.jones@openarmsinc.org,true,,Business Development Manager,3,false,2024-05-14,2026-09-01
501018,100964,2091612,2015-06-20,,donna.wilson@openarmsinc.org,true,(702) 392-7623,Director of Engineering,3,false,2026-09-10,2026-09-01
501019,100965,2097915,2015-12-04,,patrick.ramos@genshards.com,true,(613) 645-7177,Chief Executive Officer,1,false,2025-10-20,2026-09-01
501020,100966,2097915,2020-11-30,,barbara.adams@genshards.com,false,(989) 494-1903,Controller,3,false,2024-07-01,2026-09-01
501021,100967,2097915,2023-04-16,2023-02-27,eric.gomez@genshards.com,false,(377) 856-6138,Principal,2,false,2025-09-12,2026-09-01
501022,100968,2097915,2024-04-03,,paul.adams@genshards.com,true,,Director of Engineering,3,false,2026-11-07,2026-09-01
501023,100969,2099519,2023-01-03,2024-02-28,melissa.garcia@affordablefencemuskegon.com,true,(929) 527-2195,Chief Executive Officer,1,false,2024-02-01,2026-09-01
501024,100969,2099519,2025-02-20,,melissa.garcia@affordablefencemuskegon.com,false,(929) 527-2195,Chief Executive Officer,1,false,2025-02-25,2026-09-01
501025,100970,2103464,2024-11-08,,joseph.nguyen@northernvalet.com,true,(841) 517-4356,Chief Executive Officer,1,false,2026-04-18,2026-09-01
501026,100971,2103464,2024-06-13,,gregory.nelson@northernvalet.com,true,,Sales Manager,3,false,2026-09-26,2026-09-01
501027,100972,2103464,2022-10-21,,melissa.phillips@northernvalet.com,false,,Chief Executive Officer,1,false,2025-04-01,2026-09-01
501028,100973,2103464,2021-01-08,,,false,(700) 268-4004,President,1,false,2025-06-09,2026-09-01
501029,100974,2104723,2016-03-23,2016-06-04,frank.gomez@homeandabout.com,true,(236) 680-8844,Chief Executive Officer,1,false,2025-01-12,2026-09-01
501030,100975,2104723,2021-11-25,,larry.king@homeandabout.com,true,,Chief Technology Officer,2,false,2026-06-24,2026-09-01
501031,100976,2104723,2023-02-17,,ronald.sanchez@homeandabout.com,true,(393) 986-4447,Founder,1,false,2024-11-08,2026-09-01
501032,100977,2108741,2020-12-04,2021-10-21,,false,,Chief Executive Officer,1,false,2024-10-20,2026-09-01
501033,100978,2108741,2015-03-13,,,false,(619) 730-9753,Head of Product,3,false,2024-12-13,2026-09-01
501034,100979,2108741,2016-03-01,,david.lewis@reading.redmorningsun.com,false,,Head of Product,3,false,2024-01-08,2026-09-01
501035,100980,2108741,2017-07-08,,gregory.cruz@reading.redmorningsun.com,false,,Director of Sales,3,false,2024-05-31,2026-09-01
501036,100980,2108741,2019-09-03,,gregory.cruz@reading.redmorningsun.com,false,,Director of Sales,3,false,2026-03-01,2026-09-01
501037,100981,2110064,2022-02-20,,brandon.roberts@arcticrefrigerationlc.com,true,,Chief Executive Officer,1,false,2024-11-09,2026-09-01
501038,100982,2110624,2024-06-03,,mark.jackson@alpenmortgage.com,false,(432) 611-3048,Chief Executive Officer,1,false,2026-04-11,2026-09-01
501039,100983,2110624,2018-10-15,,steven.lee@alpenmortgage.com,true,(597) 674-6956,Sales Manager,3,false,2026-12-21,2026-09-01
501040,100984,2110624,2020-03-12,,joshua.jackson@alpenmortgage.com,true,(946) 875-6954,Chief Financial Officer,2,false,2026-04-16,2026-09-01
501041,100985,2124167,2015-07-28,2022-07-29,ronald.jackson@bigtrees.org,true,(993) 838-7752,Chief Executive Officer,1,false,2024-11-16,2026-09-01
501042,100986,2127035,2022-08-01,2022-05-14,sharon.white@genetica.asia,false,(827) 743-1578,Chief Executive Officer,1,false,2024-01-18,2026-09-01
501043,100987,2127035,2019-01-01,2020-09-08,deborah.reed@genetica.asia,true,,Founder,1,false,2025-09-21,2026-09-01
501044,100988,2127035,2024-04-15,,samuel.phillips@genetica.asia,true,,Director of Engineering,3,false,2024-12-24,2026-09-01
501045,100989,2127035,2024-11-15,2026-04-30,timothy.green@genetica.asia,false,,President,1,false,2026-04-19,2026-09-01
501046,100990,2153370,2019-04-03,,jacob.scott@hoardscreamery.com,true,,Chief Executive Officer,1,false,2026-01-12,2026-09-01
501047,100991,18270540,2015-03-23,,gregory.jackson@hoardscreamery.com,true,,Marketing Manager,3,false,2025-12-05,2026-09-01
501048,100992,2160868,2015-03-07,,william.mitchell@mulligansmanor.com,true,(285) 563-9105,Chief Executive Officer,1,false,2024-12-12,2026-09-01
501049,100993,2160868,2020-11-01,,helen.hill@mulligansmanor.com,false,,VP of Marketing,3,false,2025-10-14,2026-09-01
501050,100994,2160868,2018-10-14,2026-05-30,christine.sanchez@mulligansmanor.com,true,(469) 659-8093,Founder,1,false,2026-07-27,2026-09-01
501051,100995,2162714,2019-04-09,2024-04-09,john.taylor@drinkcason.com,true,,Chief Executive Officer,1,false,2024-03-14,2026-09-01
501052,100996,2170439,2018-11-19,,edward.nelson@sanmarcopi.com,true,,Chief Executive Officer,1,false,2026-09-28,2026-09-01
501053,100997,2173566,2016-09-22,,,false,,Chief Executive Officer,1,false,2025-04-30,2026-09-01
501054,100998,2173566,2024-01-19,,,false,,Co-Founder,1,false,2024-05-24,2026-09-01
501055,100999,2190075,2017-05-11,2017-11-22,,false,(203) 643-4818,Chief Executive Officer,1,false,2026-03-03,2026-09-01
501056,101000,2190075,2020-04-05,2026-08-21,linda.moore@helloseen.com,true,(925) 707-4048,General Manager,3,false,2024-05-05,2026-09-01
501057,101001,2191516,2017-02-05,,william.thompson@olympiavisionclinic.com,true,,Chief Executive Officer,1,false,2025-04-11,2026-09-01
501058,101002,2191516,2019-08-16,,anna.kelly@olympiavisionclinic.com,false,,HR Manager,3,false,2026-05-23,2026-09-01
501059,101003,2194358,2015-09-10,2022-09-20,donald.ortiz@masiplumbing.com,true,,Chief Executive Officer,1,false,2024-05-03,2026-09-01
501060,101004,2199779,2023-07-24,,william.edwards@lasjaraswines.com,true,(579) 711-5919,Chief Executive Officer,1,false,2025-01-24,2026-09-01
501061,101005,2199779,2020-03-19,,,false,,Chief Operating Officer,2,false,2025-10-26,2026-09-01
501062,101006,2199779,2023-04-11,,larry.king@lasjaraswines.com,true,(663) 356-3327,Director of Sales,3,false,2024-02-20,2026-09-01
501063,101007,2207351,2019-05-26,2025-02-28,edward.martin@fscfirst.com,false,,Chief Executive Officer,1,false,2025-01-24,2026-09-01
501064,101008,2207351,2018-12-18,,gregory.thompson@fscfirst.com,false,(363) 699-1979,Head of Finance,3,false,2025-10-24,2026-09-01
501065,101009,2207351,2020-07-17,,richard.williams@fscfirst.com,true,,Controller,3,false,2024-01-27,2026-09-01
501066,101010,2215612,2015-09-16,2023-04-20,carol.flores@healthconnectsouth.com,true,(578) 778-8758,Chief Executive Officer,1,false,2025-03-04,2026-09-01
501067,101011,2215612,2023-10-28,2024-11-28,scott.taylor@healthconnectsouth.com,true,(520) 849-8801,Chief Technology Officer,2,false,2025-11-09,2026-09-01
501068,101012,2219975,2017-03-02,,,false,,Chief Executive Officer,1,false,2025-07-19,2026-09-01
501069,101013,2219975,2017-10-07,2017-01-13,ashley.morales@thermopacllc.com,true,,Director of Engineering,3,false,2026-09-15,2026-09-01
501070,101014,2219975,2018-07-10,,angela.gonzalez@thermopacllc.com,true,,Store Manager,3,false,2025-01-20,2026-09-01
501071,101015,2219975,2015-09-06,,william.ortiz@thermopacllc.com,false,,Controller,3,false,2026-10-29,2026-09-01
501072,101016,2223842,2016-03-17,,jason.johnson@funbikecenter.com,true,(808) 654-6146,Chief Executive Officer,1,false,2025-02-09,2026-09-01
501073,101017,2223842,2015-08-03,,donna.brown@funbikecenter.com,true,(530) 217-3030,Marketing Manager,3,false,2026-01-25,2026-09-01
501074,101018,2223842,2019-11-14,,william.mitchell@funbikecenter.com,true,,Head of Finance,3,false,2025-10-30,2026-09-01
501075,101019,2235356,2019-01-02,,samuel.torres@builderadvisorgroup.com,true,(440) 294-6903,Chief Executive Officer,1,false,2024-05-22,2026-09-01
501076,101020,2235356,2021-02-23,,,false,(605) 911-3539,Managing Partner,1,false,2025-02-28,2026-09-01
501077,101021,2235356,2022-03-25,,david.rodriguez@builderadvisorgroup.com,false,(432) 445-1925,President,1,false,2025-04-06,2026-09-01
501078,101022,2246372,2021-08-12,2023-07-30,karen.moore@spacecityweather.com,true,,Chief Executive Officer,1,false,2024-01-15,2026-09-01
501079,101023,2246372,2024-04-18,2025-03-11,dennis.gomez@spacecityweather.com,false,,Co-Founder,1,false,2024-01-16,2026-09-01
501080,101024,2246372,2019-03-14,,amy.brown@spacecityweather.com,false,,Head of Finance,3,false,2025-02-16,2026-09-01
501081,101025,2253241,2023-08-20,,betty.adams@tazatechnology.com,false,(656) 817-9385,Chief Executive Officer,1,false,2024-03-26,2026-09-01
501082,101026,2254759,2022-04-07,,anthony.sanchez@ne-dg.com,true,(569) 674-1890,Chief Executive Officer,1,false,2025-05-31,2026-09-01
501083,101027,2268576,2015-01-02,,,false,,Chief Executive Officer,1,false,2024-04-12,2026-09-01
501084,101028,2268576,2019-04-12,,ryan.gomez@safetymanagers.com,true,,VP of Marketing,3,false,2024-07-18,2026-09-01
501085,101028,2268576,2020-03-16,,ryan.gomez@safetymanagers.com,false,,VP of Marketing,3,false,2025-01-25,2026-09-01
501086,101029,2268576,2018-02-20,,kathleen.bailey@safetymanagers.com,false,,Sales Manager,3,false,2024-03-12,2026-09-01
501087,101030,2270884,2016-12-16,2016-12-18,kimberly.collins@sflhidta.org,true,(898) 231-8807,Chief Executive Officer,1,false,2026-07-21,2026-09-01
501088,101031,2289322,2015-02-24,,,false,(676) 622-3867,Chief Executive Officer,1,false,2024-03-31,2026-09-01
501089,101032,2289322,2023-12-29,2026-10-06,david.martin@audioexcellent.com,false,(936) 690-4321,Regional Manager,3,false,2025-01-20,2026-09-01
501090,101033,2289420,2023-02-22,,james.garcia@infigoaudio.com,false,(367) 582-7082,Chief Executive Officer,1,false,2025-12-11,2026-09-01
501091,101034,2289420,2016-08-27,,sandra.miller@infigoaudio.com,true,(555) 985-5791,Principal,2,false,2026-10-09,2026-09-01
501092,101035,2297118,2024-08-22,,sharon.lopez@oneearthhealth.com,false,,Chief Executive Officer,1,false,2025-11-30,2026-09-01
501093,101036,2297118,2015-12-01,,amanda.reyes@oneearthhealth.com,true,(342) 410-7493,Head of Finance,3,false,2026-10-23,2026-09-01
501094,101037,2305896,2020-11-12,,,false,(582) 761-7471,Chief Executive Officer,1,false,2026-03-15,2026-09-01
501095,101038,2305896,2016-09-29,,jack.robinson@acquaintancemedia.com,true,(308) 431-8432,Director of Engineering,3,false,2025-01-20,2026-09-01
501096,101039,2306950,2023-09-14,,nicholas.wilson@greenzonedrealty.com,false,,Chief Executive Officer,1,false,2026-07-15,2026-09-01
501097,101040,2306950,2018-11-06,,donald.phillips@greenzonedrealty.com,false,(210) 914-5918,Sales Manager,3,false,2026-05-27,2026-09-01
501098,101041,2306950,2020-08-09,,matthew.brown@greenzonedrealty.com,false,(895) 703-1516,Office Manager,3,false,2026-08-27,2026-09-01
501099,101042,2310555,2020-06-19,,jonathan.gonzalez@tulischools.com,false,(227) 589-1633,Chief Executive Officer,1,false,2025-05-31,2026-09-01
501100,101043,2311940,2024-09-03,,,false,,Chief Executive Officer,1,false,2024-02-27,2026-09-01
501101,101044,2311940,2018-01-30,,,false,,Marketing Manager,3,false,2026-03-05,2026-09-01
501102,101045,2311940,2021-07-26,2026-10-18,stephen.edwards@thepowerplayer.com,true,,Managing Partner,1,false,2026-07-14,2026-09-01
501103,101046,2319978,2020-05-28,,donna.kim@corfix.com,false,,Chief Executive Officer,1,false,2024-12-27,2026-09-01
501104,101047,2333930,2016-07-24,2026-12-23,carol.howard@waynewomensclinic.com,true,(318) 303-3694,Chief Executive Officer,1,false,2024-02-18,2026-09-01
501105,101048,2335276,2021-02-04,2026-04-25,rachel.parker@geinvestors.com,false,,Chief Executive Officer,1,false,2026-06-12,2026-09-01
501106,101049,2336951,2021-05-25,2023-03-16,david.lopez@snackjacksons.com,true,,Chief Executive Officer,1,false,2026-02-03,2026-09-01
501107,101050,2336951,2016-04-19,,,false,(389) 796-7770,Office Manager,3,false,2025-04-20,2026-09-01
501108,101051,2341141,2020-11-18,,catherine.gomez@cerberussolutions.net,true,,Chief Executive Officer,1,false,2024-01-19,2026-09-01
501109,101052,2344038,2020-09-19,2020-10-05,kenneth.young@talkenglish.com,true,,Chief Executive Officer,1,false,2024-05-28,2026-09-01
501110,101053,2344038,2024-04-14,2024-05-02,gregory.stewart@talkenglish.com,true,(840) 570-4692,VP of Sales,3,false,2024-03-28,2026-09-01
501111,101054,2344038,2023-02-23,,daniel.roberts@talkenglish.com,true,,Regional Manager,3,false,2025-04-05,2026-09-01
501112,101055,2358609,2019-11-08,,brandon.rogers@greenlandingnursery.com,true,(709) 991-2229,Chief Executive Officer,1,false,2024-06-22,2026-09-01
501113,101056,2366731,2020-06-28,,jerry.garcia@makeascenecards.com,true,,Chief Executive Officer,1,false,2024-05-08,2026-09-01
501114,101057,2366731,2018-07-06,,cynthia.baker@makeascenecards.com,true,(808) 725-4732,VP of Marketing,3,false,2025-05-05,2026-09-01
501115,101058,2366731,2018-10-04,,michelle.stewart@makeascenecards.com,true,,Director of Engineering,3,false,2025-06-24,2026-09-01
501116,101059,2371040,2023-02-15,,matthew.ward@bigbearrevt.com,false,(732) 377-2920,Chief Executive Officer,1,false,2025-05-20,2026-09-01
501117,101060,2371040,2024-12-13,,matthew.campbell@bigbearrevt.com,true,,Store Manager,3,false,2025-05-18,2026-09-01
501118,101061,2379271,2021-05-13,,larry.collins@alldaycomfort1.com,false,(797) 483-9374,Chief Executive Officer,1,false,2026-05-25,2026-09-01
501119,101062,2379271,2016-07-26,2020-01-20,nicole.martinez@alldaycomfort1.com,true,(596) 520-2956,Office Manager,3,false,2024-04-21,2026-09-01
501120,101062,2379271,2016-05-23,,nicole.martinez@alldaycomfort1.com,false,(596) 520-2956,Office Manager,3,false,2025-07-22,2026-09-01
501121,101063,2379271,2023-10-16,2026-11-07,james.rodriguez@alldaycomfort1.com,true,,President,1,false,2024-03-22,2026-09-01
501122,101064,2379818,2017-08-26,2023-03-18,mary.anderson@greentechfin.com,true,,Chief Executive Officer,1,false,2025-03-26,2026-09-01
501123,101065,2379818,2024-01-29,,paul.parker@greentechfin.com,false,(364) 293-5419,Director of Sales,3,false,2026-04-12,2026-09-01
501124,101066,2385525,2024-07-02,2026-06-28,nancy.thompson@carnegiefinancial.com,true,,Chief Executive Officer,1,false,2026-02-26,2026-09-01
501125,101067,2385525,2019-11-24,,james.walker@carnegiefinancial.com,true,(478) 410-9053,Regional Manager,3,false,2025-10-21,2026-09-01
501126,101067,2385525,2021-11-05,,james.walker@carnegiefinancial.com,false,(478) 410-9053,Regional Manager,3,false,2026-03-05,2026-09-01
501127,101068,2386716,2022-03-28,,nicole.clark@articleonepartners.com,true,(224) 902-4998,Chief Executive Officer,1,false,2024-02-14,2026-09-01
501128,101069,2386716,2019-11-23,,nancy.phillips@articleonepartners.com,true,,Director of Engineering,3,false,2024-07-02,2026-09-01
501129,101070,2386716,2017-11-30,,stephanie.scott@articleonepartners.com,false,,Director of Engineering,3,false,2026-11-25,2026-09-01
501130,101071,2390108,2019-11-21,2021-01-31,john.carter@sweetshopppehodgenville.com,false,,Chief Executive Officer,1,false,2025-09-30,2026-09-01
501131,101072,2390108,2015-08-02,,patrick.lee@sweetshopppehodgenville.com,true,,Co-Founder,1,false,2024-12-26,2026-09-01
501132,101073,2390108,2021-10-04,,steven.hernandez@sweetshopppehodgenville.com,false,(441) 217-4201,Office Manager,3,false,2024-07-26,2026-09-01
501133,101074,2391769,2016-11-15,2017-09-30,jonathan.thomas@omegabehavior.com,true,(258) 603-3211,Chief Executive Officer,1,false,2025-05-10,2026-09-01
501134,101075,2391769,2017-10-03,,raymond.thompson@omegabehavior.com,true,,Director of Engineering,3,false,2025-05-23,2026-09-01
501135,101076,2391769,2019-03-26,2022-03-22,mary.adams@omegabehavior.com,true,,Controller,3,false,2026-09-30,2026-09-01
501136,101077,2391986,2023-06-06,2025-04-14,anna.phillips@bloombehaviorhealth.com,false,(935) 967-7638,Chief Executive Officer,1,false,2026-10-20,2026-09-01
501137,101078,2401759,2017-07-19,,joshua.anderson@boyceequipment.com,false,,Chief Executive Officer,1,false,2026-03-28,2026-09-01
501138,101079,2401759,2016-06-18,,edward.hill@boyceequipment.com,false,,Marketing Manager,3,false,2024-10-25,2026-09-01
501139,101080,2401759,2020-03-20,,betty.williams@boyceequipment.com,true,,President,1,false,2026-06-06,2026-09-01
501140,101081,2401759,2015-10-05,,laura.ramos@boyceequipment.com,false,(688) 241-8855,VP of Operations,3,false,2026-11-03,2026-09-01
501141,101082,2408326,2023-07-25,,christopher.bailey@bpfsolutions.com,true,(976) 699-8100,Chief Executive Officer,1,false,2026-11-02,2026-09-01
501142,101083,2408326,2022-05-29,,margaret.gutierrez@bpfsolutions.com,true,,Owner,1,false,2025-07-01,2026-09-01
501143,101084,2408326,2019-04-22,2021-06-21,kevin.ward@bpfsolutions.com,false,,Regional Manager,3,false,2025-09-12,2026-09-01
501144,101084,2408326,2019-09-30,,kevin.ward@bpfsolutions.com,false,,Regional Manager,3,false,2025-02-02,2026-09-01
501145,101085,2408326,2021-05-16,2023-05-13,paul.mitchell@bpfsolutions.com,false,(355) 637-9962,Sales Manager,3,false,2024-05-15,2026-09-01
501146,101086,2423881,2016-09-29,,david.lewis@bostonpilots.com,true,,Chief Executive Officer,1,false,2026-12-01,2026-09-01
501147,101087,2423881,2020-06-02,2025-09-15,joseph.hernandez@bostonpilots.com,true,(431) 222-8108,Store Manager,3,false,2026-04-08,2026-09-01
501148,101087,2423881,2021-09-07,,joseph.hernandez@bostonpilots.com,false,(431) 222-8108,Store Manager,3,false,2025-06-11,2026-09-01
501149,101088,2423881,2016-09-19,,jacob.king@bostonpilots.com,true,(424) 454-8607,President,1,false,2026-11-01,2026-09-01
501150,101089,2425209,2018-09-29,,rebecca.reed@jeffersonschools.org,false,(624) 684-1501,Chief Executive Officer,1,false,2025-04-27,2026-09-01
501151,101090,2425209,2017-05-26,,charles.richardson@jeffersonschools.org,true,,Office Manager,3,false,2025-08-09,2026-09-01
501152,101091,2425209,2018-09-01,,heather.green@jeffersonschools.org,true,,Store Manager,3,false,2024-07-25,2026-09-01
501153,101092,2428505,2015-06-15,2021-12-12,mary.martin@sensiband.com,true,(916) 565-2433,Chief Executive Officer,1,false,2024-03-20,2026-09-01
501154,101093,2428505,2024-03-29,,rachel.martin@sensiband.com,false,(396) 374-7403,Co-Founder,1,false,2025-08-19,2026-09-01
501155,101094,2428505,2021-10-18,,,false,(341) 266-8574,General Manager,3,false,2024-11-18,2026-09-01
501156,101095,2429243,2018-04-17,,richard.murphy@tom.cloud,true,(567) 721-6020,Chief Executive Officer,1,false,2026-05-06,2026-09-01
501157,101096,2429243,2017-09-12,,john.gomez@tom.cloud,true,(882) 534-4449,VP of Sales,3,false,2024-03-16,2026-09-01
501158,101097,2430561,2019-08-06,2026-03-24,jessica.jackson@cahabawatersolutions.com,true,(935) 693-8132,Chief Executive Officer,1,false,2025-09-11,2026-09-01
501159,101098,2430561,2017-02-23,,thomas.martin@cahabawatersolutions.com,false,(572) 360-7402,Chief Financial Officer,2,false,2025-05-31,2026-09-01
501160,101099,2431238,2017-10-23,,cynthia.gomez@24ourcare.com,true,,Chief Executive Officer,1,false,2025-11-16,2026-09-01
501161,101100,2431238,2019-09-08,2019-02-07,sarah.adams@24ourcare.com,true,(484) 407-3957,Owner,1,false,2025-12-03,2026-09-01
501162,101101,2431238,2023-08-27,,dennis.reed@24ourcare.com,true,,Director of Engineering,3,false,2025-03-08,2026-09-01
501163,101102,2435694,2018-04-03,,jack.cook@tjcaa.com,true,(240) 665-9964,Chief Executive Officer,1,false,2024-04-01,2026-09-01
501164,101103,2435694,2020-03-13,,emma.ward@tjcaa.com,true,(264) 685-7836,Chief Executive Officer,1,false,2025-04-17,2026-09-01
501165,101104,2436285,2015-07-15,,mark.edwards@liberty-automation.com,true,,Chief Executive Officer,1,false,2025-07-14,2026-09-01
501166,101105,2436285,2024-09-27,,sandra.howard@liberty-automation.com,true,,Managing Partner,1,false,2025-09-19,2026-09-01
501167,101106,2436285,2023-09-29,2024-04-25,,false,(418) 746-5711,Business Development Manager,3,false,2026-03-07,2026-09-01
501168,101107,2446840,2016-06-15,,,false,(691) 221-2629,Chief Executive Officer,1,false,2025-06-12,2026-09-01
501169,101108,2447986,2023-07-31,,steven.turner@joemediagroup.com,true,,Chief Executive Officer,1,false,2024-05-20,2026-09-01
501170,101109,2456081,2020-01-23,,jessica.smith@adventurehomes.net,true,,Chief Executive Officer,1,false,2026-12-30,2026-09-01
501171,101110,2460223,2019-05-08,,christine.ward@lenzelawyers.com,true,,Chief Executive Officer,1,false,2025-05-27,2026-09-01
501172,101111,2461120,2017-02-17,,helen.lopez@boondocksmercantile.com,true,(612) 417-3744,Chief Executive Officer,1,false,2024-05-17,2026-09-01
501173,101112,2461120,2019-05-06,,carol.lee@boondocksmercantile.com,true,(999) 706-8501,Head of Finance,3,false,2024-03-26,2026-09-01
501174,101112,2461120,2020-01-21,,carol.lee@boondocksmercantile.com,false,(999) 706-8501,Head of Finance,3,false,2024-01-08,2026-09-01
501175,101113,2461120,2019-08-30,,matthew.morris@boondocksmercantile.com,false,(581) 864-6549,Principal,2,false,2025-10-07,2026-09-01
501176,101114,2461120,2020-11-02,,patricia.baker@boondocksmercantile.com,false,,Co-Founder,1,false,2024-10-05,2026-09-01
501177,101115,2462132,2022-10-21,2024-02-17,stephen.baker@stemimpressionists.org,true,(256) 507-3243,Chief Executive Officer,1,false,2025-07-28,2026-09-01
501178,101116,2462132,2018-06-17,,samantha.green@stemimpressionists.org,true,(572) 276-9163,Sales Manager,3,false,2024-02-23,2026-09-01
501179,101117,2495175,2017-12-18,,carolyn.lopez@bongardlandscaping.com,true,,Chief Executive Officer,1,false,2024-09-10,2026-09-01
501180,101118,2497701,2021-06-22,,william.robinson@grecousa.com,true,(754) 281-9993,Chief Executive Officer,1,false,2025-09-01,2026-09-01
501181,101119,2498380,2024-12-30,,,false,(802) 204-2750,Chief Executive Officer,1,false,2026-08-18,2026-09-01
501182,101120,2498380,2021-08-17,,gregory.nelson@homescape.org,true,,Director of Sales,3,false,2025-05-22,2026-09-01
501183,101121,2499894,2017-09-04,,katherine.reed@20c.com,false,(329) 373-9350,Chief Executive Officer,1,false,2026-12-07,2026-09-01
501184,101122,2501067,2016-07-11,,janet.harris@truelawncarellc.com,true,,Chief Executive Officer,1,false,2025-08-12,2026-09-01
501185,101123,2501067,2019-09-18,2025-10-15,sharon.ramirez@truelawncarellc.com,true,,Controller,3,false,2024-08-22,2026-09-01
501186,101124,2502997,2022-12-22,2023-05-27,steven.taylor@spectrumassociates.org,true,,Chief Executive Officer,1,false,2024-05-27,2026-09-01
501187,101125,2512231,2016-03-14,,margaret.scott@honpartners.com,true,(912) 214-7772,Chief Executive Officer,1,false,2024-10-28,2026-09-01
501188,101126,2524099,2015-01-13,,melissa.adams@mloht.ca,false,(647) 250-5130,Chief Executive Officer,1,false,2024-05-02,2026-09-01
501189,101127,2524099,2018-02-18,2026-08-17,debra.scott@mloht.ca,false,(494) 344-5643,General Manager,3,false,2026-12-20,2026-09-01
501190,101128,2524099,2024-05-31,,anthony.roberts@mloht.ca,true,(660) 405-5515,Marketing Manager,3,false,2024-11-24,2026-09-01
501191,101129,2526105,2018-01-01,,sarah.williams@unityeng.com,true,,Chief Executive Officer,1,false,2024-07-21,2026-09-01
501192,101130,2526105,2019-07-12,2025-05-12,deborah.lewis@unityeng.com,true,,Business Development Manager,3,false,2024-08-07,2026-09-01
501193,101131,2541488,2015-03-22,,ashley.bailey@ncsweetpotatoes.com,true,(741) 203-3442,Chief Executive Officer,1,false,2026-05-09,2026-09-01
501194,101132,2549221,2017-03-28,,susan.flores@talon-llc.com,true,,Chief Executive Officer,1,false,2025-12-31,2026-09-01
501195,101133,2558876,2021-05-03,,betty.young@accounseling.org,false,(906) 278-2690,Chief Executive Officer,1,false,2024-03-30,2026-09-01
501196,101134,2558876,2019-12-13,,jacob.walker@accounseling.org,false,(305) 897-9987,Sales Manager,3,false,2025-03-15,2026-09-01
501197,101135,2575285,2017-08-27,,emma.evans@capfluent.com,false,(414) 295-6583,Chief Executive Officer,1,false,2025-05-27,2026-09-01
501198,101136,2582770,2016-02-14,2022-07-15,benjamin.walker@nuwavecleaning.com,false,(421) 621-6418,Chief Executive Officer,1,false,2025-07-22,2026-09-01
501199,101136,2582770,2017-12-15,,benjamin.walker@nuwavecleaning.com,false,(421) 621-6418,Chief Executive Officer,1,false,2025-12-31,2026-09-01
501200,101137,2582770,2022-01-13,,anna.perez@nuwavecleaning.com,true,(227) 956-2597,Regional Manager,3,false,2025-01-29,2026-09-01
501201,101138,2607727,2015-09-08,,jack.garcia@curechd2.org,false,,Chief Executive Officer,1,false,2024-10-02,2026-09-01
501202,101138,2607727,2016-02-23,,jack.garcia@curechd2.org,false,,Chief Executive Officer,1,false,2026-01-20,2026-09-01
501203,101139,2610570,2015-05-24,,maria.hill@richardslerma.com,true,,Chief Executive Officer,1,false,2026-05-10,2026-09-01
501204,101140,2610570,2019-08-28,2021-07-28,frank.rodriguez@richardslerma.com,true,,Regional Manager,3,false,2024-12-06,2026-09-01
501205,101141,2613468,2020-01-14,,brenda.ortiz@worldventure.com,true,,Chief Executive Officer,1,false,2026-06-30,2026-09-01
501206,101142,2613468,2019-07-21,2025-01-02,laura.lee@worldventure.com,true,(990) 220-4215,VP of Marketing,3,false,2024-07-05,2026-09-01
501207,101143,2616487,2020-05-17,,frank.taylor@americantaxlien.com,true,,Chief Executive Officer,1,false,2024-10-03,2026-09-01
501208,101143,2616487,2021-01-03,,frank.taylor@americantaxlien.com,false,,Chief Executive Officer,1,false,2025-04-19,2026-09-01
501209,101144,2622156,2020-07-02,,donald.miller@billgrayrealestate.com,false,,Chief Executive Officer,1,false,2025-03-27,2026-09-01
501210,101145,2622156,2015-11-25,,donald.morgan@billgrayrealestate.com,true,(273) 632-9957,Co-Founder,1,false,2024-12-03,2026-09-01
501211,101146,2622156,2024-09-04,,,false,(998) 227-1396,Head of Product,3,false,2024-03-03,2026-09-01
501212,101147,2622573,2015-08-23,,catherine.howard@strebeckauctions.com,true,(649) 751-7087,Chief Executive Officer,1,false,2024-02-22,2026-09-01
501213,101148,2623666,2019-04-04,,kenneth.carter@esquaredsolutions.biz,true,,Chief Executive Officer,1,false,2026-08-15,2026-09-01
501214,101148,2623666,2019-04-11,,kenneth.carter@esquaredsolutions.biz,false,,Chief Executive Officer,1,false,2024-01-06,2026-09-01
501215,101149,2623666,2018-11-15,,dennis.nguyen@esquaredsolutions.biz,false,,Business Development Manager,3,false,2026-11-22,2026-09-01
501216,101150,2623666,2023-12-12,2024-04-11,scott.kelly@esquaredsolutions.biz,true,(441) 622-3445,Owner,1,false,2026-01-26,2026-09-01
501217,101151,2623666,2021-06-20,,eric.martinez@esquaredsolutions.biz,false,,Director of Engineering,3,false,2024-03-21,2026-09-01
501218,101152,2626714,2017-01-26,2017-09-06,timothy.cox@probystax.com,false,(217) 990-9615,Chief Executive Officer,1,false,2024-04-06,2026-09-01
501219,101153,2632977,2019-06-26,2020-09-26,steven.ortiz@bidtarter.com,true,(392) 741-2051,Chief Executive Officer,1,false,2024-10-16,2026-09-01
501220,101154,2632977,2019-07-28,2019-03-26,jack.smith@bidtarter.com,false,(734) 785-6038,Controller,3,false,2026-05-09,2026-09-01
501221,101155,2632977,2016-03-02,,stephen.stewart@bidtarter.com,true,(741) 641-4504,Owner,1,false,2024-06-17,2026-09-01
501222,101156,2638800,2019-07-10,,benjamin.roberts@obgynwestal.com,true,,Chief Executive Officer,1,false,2026-01-25,2026-09-01
501223,101157,2640040,2023-08-29,2023-08-12,donna.harris@uniluxsuitesolutions.com,true,(743) 717-1368,Chief Executive Officer,1,false,2026-10-22,2026-09-01
501224,101158,2640040,2022-07-22,,jacob.carter@uniluxsuitesolutions.com,false,(676) 824-2008,VP of Marketing,3,false,2024-04-27,2026-09-01
501225,101159,2645689,2018-07-14,,anthony.ramirez@emcee.com,false,,Chief Executive Officer,1,false,2025-03-30,2026-09-01
501226,101160,2658176,2022-03-22,,barbara.gonzalez@joinwren.com,false,,Chief Executive Officer,1,false,2026-04-12,2026-09-01
501227,101161,2658176,2023-05-31,,,false,,Head of Finance,3,false,2026-10-31,2026-09-01
501228,101162,2658176,2020-08-12,,donald.ramos@joinwren.com,true,,Head of Product,3,false,2026-12-10,2026-09-01
501229,101163,2663458,2021-09-12,,,false,,Chief Executive Officer,1,false,2024-01-27,2026-09-01
501230,101164,2687389,2021-09-07,2025-08-29,edward.nelson@ilsmd.com,true,,Chief Executive Officer,1,false,2025-03-13,2026-09-01
501231,101165,2693254,2017-08-05,,,false,,Chief Executive Officer,1,false,2026-09-04,2026-09-01
501232,101166,2693254,2024-02-21,,nicole.martinez@littleelmlawncare.com,true,(617) 399-3795,Chief Executive Officer,1,false,2026-11-01,2026-09-01
501233,101167,2694619,2023-05-14,,emily.nelson@aerialevolution.ca,false,,Chief Executive Officer,1,false,2026-11-30,2026-09-01
501234,101168,2696893,2019-05-19,,jennifer.campbell@westgraycreative.com,true,,Chief Executive Officer,1,false,2024-02-25,2026-09-01
501235,101169,2696893,2023-05-11,2023-12-26,amy.gomez@westgraycreative.com,true,,Business Development Manager,3,false,2025-06-04,2026-09-01
501236,101170,2696893,2021-06-01,2026-06-11,,false,(763) 387-8147,Director of Engineering,3,false,2026-05-19,2026-09-01
501237,101171,2696893,2023-05-29,,jason.williams@westgraycreative.com,false,(737) 470-5757,HR Manager,3,false,2025-09-14,2026-09-01
501238,101172,2699330,2022-03-27,,laura.harris@s3managementgroup.com,true,,Chief Executive Officer,1,false,2024-04-19,2026-09-01
501239,101173,2699330,2019-02-17,,christine.peterson@s3managementgroup.com,true,(820) 248-9313,Director of Engineering,3,false,2024-05-12,2026-09-01
501240,101174,2701560,2023-06-25,,lisa.williams@localtkc.com,true,,Chief Executive Officer,1,false,2026-05-11,2026-09-01
501241,101175,2707649,2018-09-15,,edward.nguyen@seedpodcyber.com,false,(782) 454-3407,Chief Executive Officer,1,false,2026-10-21,2026-09-01
501242,101176,2707649,2016-03-19,2024-10-01,barbara.gutierrez@seedpodcyber.com,true,(399) 379-4119,Principal,2,false,2025-04-01,2026-09-01
501243,101177,2708250,2021-04-04,,sharon.phillips@siblingagency.com,true,,Chief Executive Officer,1,false,2024-08-29,2026-09-01
501244,101178,2712990,2020-10-31,2026-04-17,patricia.cruz@landrydesigns.com,true,(570) 865-4997,Chief Executive Officer,1,false,2025-08-06,2026-09-01
501245,101179,2712990,2018-10-30,2026-10-17,brenda.robinson@landrydesigns.com,false,(320) 345-8113,Director of Engineering,3,false,2026-01-04,2026-09-01
501246,101180,2720651,2022-01-25,2026-08-26,gregory.wright@coachingenergy.net,false,,Chief Executive Officer,1,false,2026-09-13,2026-09-01
501247,101181,2728333,2015-06-16,,christopher.harris@alchemewellness.com,true,,Chief Executive Officer,1,false,2024-12-02,2026-09-01
501248,101182,2728333,2024-12-04,,,false,(726) 644-7400,VP of Sales,3,false,2024-04-22,2026-09-01
501249,101183,2728333,2015-11-29,,stephanie.cooper@alchemewellness.com,true,,Regional Manager,3,false,2025-11-16,2026-09-01
501250,101184,2730008,2017-03-13,,,false,(381) 844-9549,Chief Executive Officer,1,false,2026-06-26,2026-09-01
501251,101185,2730008,2018-01-11,2023-07-22,linda.ward@red7.agency,true,(425) 852-5584,HR Manager,3,false,2025-07-30,2026-09-01
501252,101186,2730008,2023-07-23,,benjamin.cox@red7.agency,true,(343) 943-7606,Founder,1,false,2024-10-07,2026-09-01
501253,101187,2740262,2019-06-16,,barbara.morales@moderealty.com,true,,Chief Executive Officer,1,false,2025-06-22,2026-09-01
501254,101188,2740262,2019-01-05,,michael.lee@moderealty.com,false,(291) 335-6147,Chief Financial Officer,2,false,2025-12-07,2026-09-01
501255,101189,2743610,2023-06-01,,,false,,Chief Executive Officer,1,false,2026-11-17,2026-09-01
501256,101190,2743610,2016-05-11,2021-01-06,anthony.perez@gronen.com,false,(787) 553-7160,Head of Product,3,false,2025-08-30,2026-09-01
501257,101191,2746256,2015-08-05,2019-08-06,raymond.perez@jwmediastore.com,true,,Chief Executive Officer,1,false,2024-07-27,2026-09-01
501258,101192,2746256,2020-03-12,,,false,,Managing Partner,1,false,2026-10-20,2026-09-01
501259,101193,2761479,2016-02-24,,lisa.martinez@superiorammo.com,false,(803) 749-3988,Chief Executive Officer,1,false,2026-05-09,2026-09-01
501260,101194,2766574,2019-07-31,2021-07-26,jack.morales@2shea.com,true,(381) 756-6217,Chief Executive Officer,1,false,2026-07-09,2026-09-01
501261,101195,2766574,2019-07-08,,sandra.diaz@2shea.com,true,(757) 936-8023,Chief Executive Officer,1,false,2026-07-17,2026-09-01
501262,101196,2784076,2019-05-31,,amy.walker@legacyenvironmental.ca,true,,Chief Executive Officer,1,false,2024-01-31,2026-09-01
501263,101197,2784076,2021-05-21,2021-10-26,mary.campbell@legacyenvironmental.ca,true,(903) 471-7634,Managing Partner,1,false,2024-12-22,2026-09-01
501264,101198,2784076,2021-04-02,,william.perez@legacyenvironmental.ca,true,(667) 973-1646,Principal,2,false,2025-07-03,2026-09-01
501265,101199,2785212,2020-09-09,,anna.torres@abountifulkitchen.com,true,(936) 812-5108,Chief Executive Officer,1,false,2025-09-02,2026-09-01
501266,101200,2785212,2022-04-05,2023-12-12,thomas.jones@abountifulkitchen.com,true,(766) 844-2081,Head of Product,3,false,2026-11-05,2026-09-01
501267,101201,2785345,2021-11-20,2026-03-05,,false,(481) 589-2277,Chief Executive Officer,1,false,2026-10-10,2026-09-01
501268,101202,2785345,2021-12-29,,donald.cooper@prettypipeshop.com,true,,Office Manager,3,false,2026-10-15,2026-09-01
501269,101203,2785345,2020-10-15,,betty.cooper@prettypipeshop.com,true,,Owner,1,false,2024-03-19,2026-09-01
501270,101204,2796978,2019-04-10,,debra.ortiz@pittsburghentertainmentcompany.com,true,(569) 973-7392,Chief Executive Officer,1,false,2026-07-24,2026-09-01
501271,101205,2796978,2021-01-28,2024-11-04,debra.walker@pittsburghentertainmentcompany.com,true,,Chief Executive Officer,1,false,2025-07-03,2026-09-01
501272,101206,2801117,2015-11-23,,ronald.collins@naviscateringkitchen.com,true,,Chief Executive Officer,1,false,2025-01-17,2026-09-01
501273,101207,2801117,2016-11-17,,amanda.ward@naviscateringkitchen.com,false,(382) 551-7374,Head of Product,3,false,2025-03-29,2026-09-01
501274,101208,2801117,2017-07-04,,samantha.moore@naviscateringkitchen.com,true,(902) 578-2674,VP of Sales,3,false,2024-08-05,2026-09-01
501275,101209,2801117,2022-03-30,,ronald.lewis@naviscateringkitchen.com,false,,Director of Sales,3,false,2026-03-02,2026-09-01
501276,101210,2801166,2022-07-29,,robert.ward@greatescapeswithrc.com,true,,Chief Executive Officer,1,false,2024-06-01,2026-09-01
501277,101211,2801166,2020-11-06,,kimberly.lewis@greatescapeswithrc.com,true,(368) 248-4262,President,1,false,2025-04-28,2026-09-01
501278,101212,2802351,2023-12-16,,anthony.gomez@thermgroupllc.com,true,(737) 299-4901,Chief Executive Officer,1,false,2024-04-03,2026-09-01
501279,101212,2802351,2024-06-28,,anthony.gomez@thermgroupllc.com,false,(737) 299-4901,Chief Executive Officer,1,false,2024-11-02,2026-09-01
501280,101213,2802351,2015-05-25,,ryan.wilson@thermgroupllc.com,false,(490) 988-2427,Chief Technology Officer,2,false,2026-02-23,2026-09-01
501281,101214,2802351,2023-07-01,,susan.ramirez@thermgroupllc.com,false,(774) 261-3156,President,1,false,2024-09-22,2026-09-01
501282,101215,2803571,2018-05-08,,brenda.hall@emcspdx.com,false,(751) 652-5579,Chief Executive Officer,1,false,2025-11-22,2026-09-01
501283,101216,2803571,2022-02-02,,brenda.diaz@emcspdx.com,true,,Head of Finance,3,false,2026-01-14,2026-09-01
501284,101217,2804653,2018-09-23,2018-01-26,carolyn.ward@chicagoskinclinic.com,true,(321) 284-8014,Chief Executive Officer,1,false,2024-03-28,2026-09-01
501285,101218,2807273,2024-11-02,,samantha.robinson@lavodafurniture.com,true,,Chief Executive Officer,1,false,2024-08-25,2026-09-01
501286,101219,2807871,2021-07-30,,david.clark@economeconference.com,true,(831) 592-7321,Chief Executive Officer,1,false,2024-10-22,2026-09-01
501287,101220,2807871,2020-01-14,,kathleen.jones@economeconference.com,true,,Chief Technology Officer,2,false,2025-08-22,2026-09-01
501288,101221,2807871,2024-06-27,,brenda.white@economeconference.com,true,,Owner,1,false,2024-12-09,2026-09-01
501289,101222,2809508,2015-09-15,2018-03-19,david.ortiz@jmpazakis.com,true,,Chief Executive Officer,1,false,2024-01-15,2026-09-01
501290,101223,2887380,2023-08-08,,linda.carter@launchcoworking.ca,true,(224) 745-3704,Chief Executive Officer,1,false,2024-06-27,2026-09-01
501291,101224,2887380,2017-12-02,,ashley.turner@launchcoworking.ca,true,(691) 675-6256,Chief Operating Officer,2,false,2025-06-28,2026-09-01
501292,101225,3026164,2019-04-16,,pamela.jones@irvineaccessfloors.com,true,(885) 959-8431,Chief Executive Officer,1,false,2024-07-28,2026-09-01
501293,101226,3126309,2024-05-24,,lisa.cruz@procommunicators.com,true,(422) 778-4049,Chief Executive Officer,1,false,2024-12-19,2026-09-01
501294,101227,3126309,2019-08-15,,daniel.rodriguez@procommunicators.com,true,,Principal,2,false,2026-05-24,2026-09-01
501295,101228,3270942,2021-03-27,,justin.martinez@clexchange.org,false,(753) 408-6246,Chief Executive Officer,1,false,2024-09-07,2026-09-01
501296,101229,3270942,2024-01-24,,donald.perez@clexchange.org,false,(704) 424-3647,HR Manager,3,false,2024-02-10,2026-09-01
501297,101230,3303002,2017-02-04,,steven.kelly@athomecareofct.com,true,(796) 649-1044,Chief Executive Officer,1,false,2024-11-27,2026-09-01
501298,101230,3303002,2018-05-20,,steven.kelly@athomecareofct.com,false,(796) 649-1044,Chief Executive Officer,1,false,2026-08-17,2026-09-01
501299,101231,3305953,2023-03-06,,amy.anderson@leisnoi.com,true,,Chief Executive Officer,1,false,2025-01-20,2026-09-01
501300,101232,3305953,2020-10-25,,justin.bailey@leisnoi.com,true,(821) 902-8628,Founder,1,false,2026-06-16,2026-09-01
501301,101233,3305953,2019-01-03,2026-02-23,thomas.martin@leisnoi.com,true,(581) 883-9426,Chief Financial Officer,2,false,2024-05-04,2026-09-01
501302,101234,3372500,2022-06-12,2023-09-13,jerry.garcia@airesource.com,false,(371) 997-6705,Chief Executive Officer,1,false,2025-07-21,2026-09-01
501303,101235,3372500,2024-03-26,2024-01-11,donald.roberts@airesource.com,true,,Head of Finance,3,false,2026-08-20,2026-09-01
501304,101236,3372500,2016-04-16,2016-07-17,joseph.collins@airesource.com,true,,Business Development Manager,3,false,2024-11-06,2026-09-01
501305,101237,3372500,2020-03-26,,,false,(917) 671-7719,Chief Operating Officer,2,false,2024-10-12,2026-09-01
501306,101237,3372500,2020-07-01,,,false,(917) 671-7719,Chief Operating Officer,2,false,2024-08-25,2026-09-01
501307,101238,3408192,2023-02-09,,,false,(232) 657-3228,Chief Executive Officer,1,false,2026-12-19,2026-09-01
501308,101239,3464838,2016-02-16,2016-04-03,betty.richardson@behavioralos.com,true,,Chief Executive Officer,1,false,2026-03-19,2026-09-01
501309,101240,3464838,2016-07-05,2019-03-20,donna.kelly@behavioralos.com,true,(790) 880-6351,Owner,1,false,2024-02-05,2026-09-01
501310,101241,3464838,2024-06-01,,anthony.morgan@behavioralos.com,true,(558) 938-7234,Principal,2,false,2024-01-03,2026-09-01
501311,101242,3464838,2024-03-27,2024-07-18,ryan.hill@behavioralos.com,false,(553) 331-9135,Chief Financial Officer,2,false,2026-07-18,2026-09-01
501312,101243,3573549,2017-11-28,,jason.rivera@goconsultingservices.com,true,(333) 417-1443,Chief Executive Officer,1,false,2024-11-15,2026-09-01
501313,101243,3573549,2019-09-14,,jason.rivera@goconsultingservices.com,false,(333) 417-1443,Chief Executive Officer,1,false,2024-04-20,2026-09-01
501314,101244,3577049,2024-08-31,,george.ward@lawrenceandscott.com,true,(287) 641-7982,Chief Executive Officer,1,false,2024-09-23,2026-09-01
501315,101245,3577049,2017-12-05,,emily.davis@lawrenceandscott.com,false,(309) 550-6233,VP of Operations,3,false,2024-01-16,2026-09-01
501316,101246,3691358,2018-03-13,,paul.jones@salus-scientific.com,false,(997) 556-7094,Chief Executive Officer,1,false,2025-05-19,2026-09-01
501317,101247,3691358,2016-03-28,2016-08-31,brandon.campbell@salus-scientific.com,true,(672) 644-1044,President,1,false,2026-11-19,2026-09-01
501318,101248,3691358,2016-02-16,,,false,(622) 767-4765,Chief Financial Officer,2,false,2025-07-19,2026-09-01
501319,101249,3870831,2021-08-24,2022-03-20,eric.garcia@ibcins.biz,true,(658) 309-3426,Chief Executive Officer,1,false,2024-05-04,2026-09-01
501320,101250,3871892,2015-11-23,,jennifer.evans@obrienmedicine.com,true,,Chief Executive Officer,1,false,2025-08-12,2026-09-01
501321,101251,3918178,2020-01-05,,emily.morales@bcplumbing.net,true,(740) 892-6821,Chief Executive Officer,1,false,2025-06-03,2026-09-01
501322,101252,3918178,2017-03-25,,joseph.sanchez@bcplumbing.net,true,,Chief Financial Officer,2,false,2025-02-14,2026-09-01
501323,101253,3941179,2021-07-24,2023-09-13,jeffrey.allen@eastienow.com,true,,Chief Executive Officer,1,false,2026-08-30,2026-09-01
501324,101253,3941179,2021-04-28,,jeffrey.allen@eastienow.com,false,,Chief Executive Officer,1,false,2025-06-28,2026-09-01
501325,101254,3942072,2015-03-22,,jason.gonzalez@globalhd.com,false,(327) 458-1611,Chief Executive Officer,1,false,2025-04-28,2026-09-01
501326,101255,3942072,2021-06-09,2023-10-19,,false,(975) 916-5416,Managing Partner,1,false,2024-05-14,2026-09-01
501327,101256,4012686,2020-07-11,,steven.ward@metishealth.org,true,(708) 604-9670,Chief Executive Officer,1,false,2025-02-10,2026-09-01
501328,101257,4042823,2015-07-21,,jessica.turner@northendprops.com,true,,Chief Executive Officer,1,false,2025-05-23,2026-09-01
501329,101258,4042823,2022-07-06,,susan.evans@northendprops.com,false,(415) 954-9444,Chief Operating Officer,2,false,2024-08-21,2026-09-01
501330,101259,4110666,2015-12-31,,,false,(753) 375-2731,Chief Executive Officer,1,false,2024-11-20,2026-09-01
501331,101260,4110666,2024-07-12,,,false,(842) 465-2557,Business Development Manager,3,false,2024-06-20,2026-09-01
501332,101261,4171240,2020-08-24,,,false,(222) 948-9806,Chief Executive Officer,1,false,2025-08-16,2026-09-01
501333,101262,4171240,2017-12-01,,,false,(272) 759-7537,General Manager,3,false,2024-10-10,2026-09-01
501334,101263,4220078,2015-02-17,,amanda.gutierrez@commonwealthfunds.com,false,,Chief Executive Officer,1,false,2024-02-22,2026-09-01
501335,101264,4324784,2024-12-28,,,false,(286) 361-9370,Chief Executive Officer,1,false,2025-07-07,2026-09-01
501336,101265,4324784,2023-02-22,,edward.reed@stonewaterpartners.com,true,(716) 354-8591,Controller,3,false,2026-09-04,2026-09-01
501337,101266,4492936,2016-12-26,,,false,(706) 765-5065,Chief Executive Officer,1,false,2025-04-04,2026-09-01
501338,101267,4574065,2024-05-13,,susan.collins@servproencinoshermanoaks.com,true,(819) 631-5637,Chief Executive Officer,1,false,2025-05-24,2026-09-01
501339,101268,4623838,2020-08-20,,jason.brown@cancersupportla.org,true,,Chief Executive Officer,1,false,2025-03-30,2026-09-01
501340,101269,4623838,2016-07-17,,karen.rodriguez@cancersupportla.org,true,(828) 242-8141,Director of Sales,3,false,2024-11-05,2026-09-01
501341,101270,4623838,2021-12-27,,susan.roberts@cancersupportla.org,false,(269) 635-1361,Regional Manager,3,false,2024-05-31,2026-09-01
501342,101271,4623838,2022-06-01,,justin.young@cancersupportla.org,true,(942) 454-6861,President,1,false,2024-11-30,2026-09-01
501343,101272,4642731,2024-04-22,,,false,,Chief Executive Officer,1,false,2024-12-05,2026-09-01
501344,101273,4642731,2019-10-23,,jacob.evans@providencevfd.com,false,(468) 327-2595,VP of Marketing,3,false,2025-01-30,2026-09-01
501345,101274,4642731,2023-06-22,,,false,(611) 264-8701,VP of Marketing,3,false,2024-05-13,2026-09-01
501346,101275,4663212,2020-03-06,,kimberly.kim@enfinite.com,false,(946) 202-7565,Chief Executive Officer,1,false,2025-07-10,2026-09-01
501347,101276,4723451,2021-11-30,,eric.wilson@m247.net,true,(471) 759-7917,Chief Executive Officer,1,false,2025-05-24,2026-09-01
501348,101277,4805828,2018-07-08,,rachel.richardson@wucf.org,false,,Chief Executive Officer,1,false,2024-09-11,2026-09-01
501349,101278,4805828,2024-06-22,,edward.reed@wucf.org,true,,Head of Finance,3,false,2026-01-09,2026-09-01
501350,101279,4837943,2019-04-02,,,false,(535) 581-1914,Chief Executive Officer,1,false,2024-04-10,2026-09-01
501351,101279,4837943,2020-09-08,,,false,(535) 581-1914,Chief Executive Officer,1,false,2024-10-05,2026-09-01
501352,101280,4837943,2019-03-22,,william.diaz@fikesroofing.com,true,(383) 248-5805,VP of Operations,3,false,2025-07-15,2026-09-01
501353,101281,4837943,2015-07-24,,scott.morgan@fikesroofing.com,true,(641) 709-7724,Head of Finance,3,false,2024-11-27,2026-09-01
501354,101281,4837943,2016-09-28,,scott.morgan@fikesroofing.com,false,(641) 709-7724,Head of Finance,3,false,2025-10-06,2026-09-01
501355,101282,4837943,2015-04-30,,anthony.turner@fikesroofing.com,true,(653) 548-9806,Sales Manager,3,false,2025-09-23,2026-09-01
501356,101283,4938766,2017-07-26,,,false,(818) 822-6685,Chief Executive Officer,1,false,2024-01-19,2026-09-01
501357,101284,4938766,2018-04-19,2026-07-19,thomas.young@bergamotam.com,true,(321) 379-3492,Business Development Manager,3,false,2026-05-26,2026-09-01
501358,101285,4938766,2021-11-16,2021-04-24,stephanie.carter@bergamotam.com,false,(610) 337-6177,Office Manager,3,false,2024-12-28,2026-09-01
501359,101286,4938766,2023-12-09,,,false,(715) 457-9739,President,1,false,2026-03-06,2026-09-01
501360,101287,5204053,2015-11-08,2017-06-27,jonathan.johnson@alignmt.com,true,(469) 368-7963,Chief Executive Officer,1,false,2024-04-19,2026-09-01
501361,101288,5204053,2019-10-28,,ronald.morris@alignmt.com,true,(690) 550-4735,VP of Marketing,3,false,2026-03-01,2026-09-01
501362,101289,5204053,2017-12-20,,,false,(850) 372-7037,Managing Partner,1,false,2024-12-24,2026-09-01
501363,101290,5204053,2024-11-07,2025-07-03,jeffrey.johnson@alignmt.com,false,(438) 715-6313,President,1,false,2026-05-29,2026-09-01
501364,101291,5207744,2021-11-23,,paul.reyes@kielenterprisesllc.com,true,(658) 492-9802,Chief Executive Officer,1,false,2026-10-03,2026-09-01
501365,101292,5207744,2023-07-27,2026-09-22,elizabeth.anderson@kielenterprisesllc.com,false,(661) 648-7523,Controller,3,false,2024-12-06,2026-09-01
501366,101293,5631175,2021-10-29,,brenda.morgan@aileron.ai,true,(399) 233-7334,Chief Executive Officer,1,false,2025-10-27,2026-09-01
501367,101294,5631175,2017-07-28,,jacob.rivera@aileron.ai,false,,General Manager,3,false,2025-09-17,2026-09-01
501368,101294,5631175,2017-08-01,,jacob.rivera@aileron.ai,false,,General Manager,3,false,2026-11-20,2026-09-01
501369,101295,5631175,2020-04-26,,david.cox@aileron.ai,true,,Co-Founder,1,false,2024-05-17,2026-09-01
501370,101296,5860331,2024-11-09,,daniel.scott@stoneharborcapital.com,false,(744) 415-9766,Chief Executive Officer,1,false,2025-03-21,2026-09-01
501371,101297,5870074,2020-10-08,,susan.johnson@civilsolutionsgroup.net,true,(635) 800-9645,Chief Executive Officer,1,false,2024-05-04,2026-09-01
501372,101298,5870074,2024-06-01,,donald.kim@civilsolutionsgroup.net,false,(690) 307-5493,Head of Product,3,false,2026-02-10,2026-09-01
501373,101299,5870074,2022-12-20,2023-07-03,,false,(812) 753-7247,Store Manager,3,false,2024-09-27,2026-09-01
501374,101300,5890056,2015-07-22,,katherine.lewis@janm.org,true,(376) 729-9432,Chief Executive Officer,1,false,2025-03-10,2026-09-01
501375,101301,5890056,2017-01-28,2026-12-21,,false,,President,1,false,2024-01-05,2026-09-01
501376,101301,5890056,2019-12-06,,,false,,President,1,false,2026-03-01,2026-09-01
501377,101302,5890056,2015-05-03,,joseph.peterson@janm.org,true,,Marketing Manager,3,false,2026-09-11,2026-09-01
501378,101303,5976788,2015-09-10,,stephen.hernandez@sylvandale.com,false,,Chief Executive Officer,1,false,2025-08-15,2026-09-01
501379,101304,6012207,2024-09-18,,samuel.hernandez@charlottecitytennis.com,true,,Chief Executive Officer,1,false,2024-07-19,2026-09-01
501380,101304,6012207,2025-02-10,,samuel.hernandez@charlottecitytennis.com,false,,Chief Executive Officer,1,false,2024-02-04,2026-09-01
501381,101305,6012207,2024-03-01,,emily.turner@charlottecitytennis.com,true,(386) 203-7063,Marketing Manager,3,false,2026-02-15,2026-09-01
501382,101306,6191995,2019-02-28,2019-12-21,sharon.parker@elsriskcorp.com,true,,Chief Executive Officer,1,false,2025-04-05,2026-09-01
501383,101307,6191995,2023-08-30,,jason.wright@elsriskcorp.com,false,(302) 608-5405,Chief Executive Officer,1,false,2024-01-31,2026-09-01
501384,101308,6371722,2021-01-20,,matthew.parker@rcollision.com,true,(215) 740-4835,Chief Executive Officer,1,false,2024-08-30,2026-09-01
501385,101309,6371722,2015-05-06,,stephen.jackson@rcollision.com,true,(829) 274-6965,Business Development Manager,3,false,2025-01-04,2026-09-01
501386,101310,6614705,2018-05-24,,larry.collins@roseliusinsurance.com,true,(391) 589-1240,Chief Executive Officer,1,false,2024-01-12,2026-09-01
501387,101311,6614705,2015-10-26,,thomas.williams@roseliusinsurance.com,true,,Principal,2,false,2026-11-11,2026-09-01
501388,101312,6614705,2020-06-22,2026-10-02,rachel.rivera@roseliusinsurance.com,false,(923) 292-3260,President,1,false,2024-06-01,2026-09-01
501389,101313,6628303,2021-10-06,,samuel.peterson@jmartiniaq.com,true,,Chief Executive Officer,1,false,2024-06-01,2026-09-01
501390,101314,6628303,2017-12-27,,nicole.ramos@jmartiniaq.com,false,(470) 938-7003,Store Manager,3,false,2025-12-10,2026-09-01
501391,101315,6643433,2024-04-24,2024-02-06,,false,(329) 575-9141,Chief Executive Officer,1,false,2024-04-11,2026-09-01
501392,101316,6714398,2020-08-22,2026-04-12,patrick.baker@platinumeventplanning.com,true,(485) 681-3910,Chief Executive Officer,1,false,2025-07-27,2026-09-01
501393,101316,6714398,2020-07-01,,patrick.baker@platinumeventplanning.com,false,(485) 681-3910,Chief Executive Officer,1,false,2026-09-21,2026-09-01
501394,101317,6734986,2015-01-26,,,false,(755) 990-7113,Chief Executive Officer,1,false,2024-04-30,2026-09-01
501395,101318,6734986,2021-06-10,,donald.lopez@somasoftsol.com,false,(260) 293-2903,Managing Partner,1,false,2024-12-30,2026-09-01
501396,101319,6802116,2019-10-29,,,false,,Chief Executive Officer,1,false,2024-01-31,2026-09-01
501397,101319,6802116,2021-09-17,,,false,,Chief Executive Officer,1,false,2025-06-09,2026-09-01
501398,101320,6802116,2021-04-20,,catherine.garcia@concord-optical.com,true,(716) 787-6116,Chief Technology Officer,2,false,2025-04-09,2026-09-01
501399,101321,6802116,2024-09-13,,michael.reed@concord-optical.com,true,(623) 807-4495,Owner,1,false,2025-06-10,2026-09-01
501400,101322,6913343,2017-11-22,,joseph.evans@robertsoncosmeticcenter.com,false,(992) 272-1581,Chief Executive Officer,1,false,2026-04-05,2026-09-01
501401,101323,6913343,2019-11-29,2021-09-18,,false,(418) 945-6897,Chief Operating Officer,2,false,2025-11-21,2026-09-01
501402,101324,6964388,2017-06-16,,,false,(398) 802-9977,Chief Executive Officer,1,false,2025-05-29,2026-09-01
501403,101325,7091241,2019-01-31,,nicholas.harris@elmwoodeye.com,false,(543) 560-2311,Chief Executive Officer,1,false,2025-01-09,2026-09-01
501404,101326,7091241,2016-03-14,2023-01-20,sandra.carter@elmwoodeye.com,true,(541) 984-6317,Chief Executive Officer,1,false,2024-02-26,2026-09-01
501405,101327,7091241,2015-12-08,,,false,,Controller,3,false,2026-08-05,2026-09-01
501406,101328,7091241,2024-01-13,2026-06-30,,false,(219) 345-6382,Director of Sales,3,false,2026-03-07,2026-09-01
501407,101328,7091241,2024-12-28,,,false,(219) 345-6382,Director of Sales,3,false,2024-12-10,2026-09-01
501408,101329,7435667,2018-07-09,,stephanie.richardson@cwbresourcegroup.com,true,,Chief Executive Officer,1,false,2026-01-01,2026-09-01
501409,101330,7435667,2015-11-20,,,false,(977) 916-1831,Founder,1,false,2025-11-21,2026-09-01
501410,101331,7617368,2018-12-20,,lisa.hall@cherawchamber.com,true,(674) 809-1811,Chief Executive Officer,1,false,2026-01-19,2026-09-01
501411,101332,7617368,2018-03-25,,jeffrey.richardson@cherawchamber.com,true,(249) 209-7433,VP of Sales,3,false,2025-09-14,2026-09-01
501412,101333,7617368,2018-11-27,2018-05-09,jennifer.murphy@cherawchamber.com,true,(321) 203-5545,Chief Executive Officer,1,false,2026-05-27,2026-09-01
501413,101333,7617368,2019-08-06,,jennifer.murphy@cherawchamber.com,false,(321) 203-5545,Chief Executive Officer,1,false,2024-05-11,2026-09-01
501414,101334,7641246,2018-11-18,,brandon.gonzalez@easydentalsolutionsok.com,false,(378) 758-6884,Chief Executive Officer,1,false,2026-02-04,2026-09-01
501415,101335,7646341,2019-06-18,,jennifer.campbell@arboretumdental.com,true,(791) 213-1314,Chief Executive Officer,1,false,2024-04-30,2026-09-01
501416,101336,7691938,2023-01-14,,jeffrey.morris@progressivepsychiatric.com,false,(911) 896-3053,Chief Executive Officer,1,false,2025-01-31,2026-09-01
501417,101337,7790115,2018-09-05,2019-10-21,justin.mitchell@thecommononline.org,true,(976) 360-6475,Chief Executive Officer,1,false,2024-01-23,2026-09-01
501418,101338,7826553,2022-01-15,2025-03-18,edward.green@kinshipcareca.org,true,(460) 388-2001,Chief Executive Officer,1,false,2024-11-02,2026-09-01
501419,101339,7906788,2018-12-29,2025-02-22,kevin.gonzalez@noah.la,true,(631) 893-1760,Chief Executive Officer,1,false,2026-04-27,2026-09-01
501420,101340,7930387,2022-08-10,,karen.anderson@pagconsulting.us,true,(831) 206-5613,Chief Executive Officer,1,false,2026-07-23,2026-09-01
501421,101341,7933318,2024-06-15,2025-01-01,larry.bailey@wc-oms.com,true,,Chief Executive Officer,1,false,2024-10-16,2026-09-01
501422,101342,7933318,2020-03-07,,dorothy.reed@wc-oms.com,true,,Director of Engineering,3,false,2024-09-15,2026-09-01
501423,101342,7933318,2022-06-30,,dorothy.reed@wc-oms.com,false,,Director of Engineering,3,false,2024-08-22,2026-09-01
501424,101343,7933318,2017-01-11,2024-11-08,emma.ramos@wc-oms.com,true,(431) 930-1100,Co-Founder,1,false,2024-07-21,2026-09-01
501425,101344,8015992,2020-08-22,,gregory.perez@empirecoachline.com,true,(644) 308-2836,Chief Executive Officer,1,false,2025-11-11,2026-09-01
501426,101345,8015992,2022-09-28,,jessica.gutierrez@empirecoachline.com,false,(782) 967-8598,Co-Founder,1,false,2024-07-11,2026-09-01
501427,101346,8081928,2021-07-11,,,false,(823) 358-9331,Chief Executive Officer,1,false,2024-12-19,2026-09-01
501428,101347,8081928,2020-10-05,2025-05-06,kathleen.morgan@sweetvalue.com,false,(254) 873-2572,VP of Marketing,3,false,2024-04-20,2026-09-01
501429,101348,8141553,2018-02-10,2021-02-15,donna.morgan@killingtonpicorealty.com,true,(260) 458-2452,Chief Executive Officer,1,false,2024-09-26,2026-09-01
501430,101349,8186319,2015-07-27,2018-05-07,,false,,Chief Executive Officer,1,false,2025-03-24,2026-09-01
501431,101350,8186319,2017-09-25,,pamela.cox@christmasair.com,false,(330) 912-2691,Owner,1,false,2024-09-24,2026-09-01
501432,101351,8186319,2017-11-04,,alexander.taylor@christmasair.com,false,,Sales Manager,3,false,2024-04-27,2026-09-01
501433,101352,8188826,2022-08-28,,sandra.cruz@aspiresoftware.com,true,,Chief Executive Officer,1,false,2024-05-31,2026-09-01
501434,101353,18210854,2017-06-12,2025-10-22,justin.gonzalez@aspiresoftware.com,false,(241) 362-9698,Office Manager,3,false,2025-05-22,2026-09-01
501435,101354,8188826,2021-12-14,,jerry.martinez@aspiresoftware.com,false,,Head of Finance,3,false,2024-06-15,2026-09-01
501436,101355,8261622,2016-09-18,2021-09-28,betty.thomas@comeoninantiques.com,true,,Chief Executive Officer,1,false,2026-01-11,2026-09-01
501437,101356,8261622,2019-12-12,,linda.campbell@comeoninantiques.com,true,(460) 507-1592,VP of Operations,3,false,2025-02-06,2026-09-01
501438,101357,8261622,2015-02-04,,ronald.collins@comeoninantiques.com,true,(781) 626-6632,Controller,3,false,2024-12-08,2026-09-01
501439,101358,8385202,2022-06-18,2026-08-25,,false,(461) 421-7732,Chief Executive Officer,1,false,2025-12-04,2026-09-01
501440,101359,8389006,2023-02-14,,dorothy.wright@dandiguaranty.com,true,(351) 854-4933,Chief Executive Officer,1,false,2024-06-22,2026-09-01
501441,101360,8389006,2017-04-03,,angela.garcia@dandiguaranty.com,true,,Principal,2,false,2024-10-01,2026-09-01
501442,101361,8577456,2023-01-23,2025-08-14,paul.collins@coatedfilmconsultants.com,true,,Chief Executive Officer,1,false,2026-03-10,2026-09-01
501443,101362,8577456,2023-02-04,,christine.davis@coatedfilmconsultants.com,true,(664) 611-5395,Principal,2,false,2025-11-18,2026-09-01
501444,101363,8577456,2019-05-29,,ashley.king@coatedfilmconsultants.com,true,(777) 683-5437,Director of Engineering,3,false,2026-10-26,2026-09-01
501445,101364,8577456,2018-02-22,2019-12-27,,false,,Store Manager,3,false,2025-12-03,2026-09-01
501446,101365,8823643,2019-03-01,,mary.kelly@romerotruckingservices.com,true,,Chief Executive Officer,1,false,2026-07-03,2026-09-01
501447,101366,8823643,2019-02-16,,,false,(482) 339-4925,VP of Sales,3,false,2024-08-31,2026-09-01
501448,101367,8833815,2023-09-17,,paul.miller@logcabinfence.com,true,(625) 319-5931,Chief Executive Officer,1,false,2024-04-24,2026-09-01
501449,101368,8977852,2015-11-22,,gregory.collins@hdacare.com,true,(371) 345-2970,Chief Executive Officer,1,false,2024-07-08,2026-09-01
501450,101369,8977852,2019-01-25,,patricia.morgan@hdacare.com,true,,Managing Partner,1,false,2024-12-26,2026-09-01
501451,101370,8978246,2019-07-24,2024-04-01,ryan.king@nutritionem.com,false,(609) 898-6307,Chief Executive Officer,1,false,2025-07-24,2026-09-01
501452,101371,8978246,2024-02-22,2026-06-18,michael.anderson@nutritionem.com,true,(844) 917-6850,HR Manager,3,false,2024-05-08,2026-09-01
501453,101371,8978246,2026-01-22,,michael.anderson@nutritionem.com,false,(844) 917-6850,HR Manager,3,false,2025-10-28,2026-09-01
501454,101372,8978246,2020-06-04,,samuel.brown@nutritionem.com,false,(237) 225-3490,HR Manager,3,false,2024-09-19,2026-09-01
501455,101373,8978246,2015-04-19,,jack.jackson@nutritionem.com,false,(399) 322-7970,Chief Operating Officer,2,false,2024-09-09,2026-09-01
501456,101374,9096063,2015-05-24,2019-06-11,ronald.ortiz@shiftrx.com,true,,Chief Executive Officer,1,false,2025-12-09,2026-09-01
501457,101375,9113827,2016-06-07,,heather.gomez@wearetigerlily.com,true,(696) 452-6635,Chief Executive Officer,1,false,2025-12-22,2026-09-01
501458,101376,9272787,2017-07-12,2021-09-30,debra.ramirez@calgarybinz.com,true,(910) 427-6800,Chief Executive Officer,1,false,2026-11-04,2026-09-01
501459,101377,9272787,2015-07-20,,karen.cruz@calgarybinz.com,true,,Founder,1,false,2026-11-13,2026-09-01
501460,101378,9272787,2024-04-21,,eric.cox@calgarybinz.com,true,(982) 717-3595,Controller,3,false,2024-07-21,2026-09-01
501461,101378,9272787,2024-09-12,,eric.cox@calgarybinz.com,false,(982) 717-3595,Controller,3,false,2024-11-15,2026-09-01
501462,101379,9293157,2022-12-07,,amanda.peterson@myintdesign.com,true,(704) 882-8122,Chief Executive Officer,1,false,2025-06-12,2026-09-01
501463,101380,9337014,2023-06-17,,dorothy.cruz@beauxsimone.com,false,(720) 217-2738,Chief Executive Officer,1,false,2024-11-11,2026-09-01
501464,101381,9337014,2017-01-01,,anthony.ramirez@beauxsimone.com,true,(934) 880-4016,Business Development Manager,3,false,2024-04-27,2026-09-01
501465,101382,9417495,2023-11-23,,,false,,Chief Executive Officer,1,false,2024-08-02,2026-09-01
501466,101383,9417495,2024-08-10,,deborah.young@karenscleaningsolutions.net,true,,Chief Executive Officer,1,false,2024-09-06,2026-09-01
501467,101384,9417495,2016-12-15,,ashley.rodriguez@karenscleaningsolutions.net,false,(273) 425-7313,Head of Product,3,false,2025-08-10,2026-09-01
501468,101385,9472327,2020-05-04,2023-07-28,raymond.stewart@worthingtonhistory.org,false,,Chief Executive Officer,1,false,2024-05-28,2026-09-01
501469,101386,9544123,2024-01-04,2024-10-07,gregory.rodriguez@swpedi.com,false,(389) 261-8817,Chief Executive Officer,1,false,2024-12-11,2026-09-01
501470,101387,9544123,2024-09-20,,elizabeth.martinez@swpedi.com,false,,Chief Operating Officer,2,false,2024-07-02,2026-09-01
501471,101388,9544123,2021-12-15,,kevin.diaz@swpedi.com,true,(969) 933-8045,Co-Founder,1,false,2026-07-18,2026-09-01
501472,101389,9544123,2020-07-02,,pamela.carter@swpedi.com,false,(275) 368-7985,Principal,2,false,2025-01-14,2026-09-01
501473,101390,9619605,2017-04-11,2018-01-11,alexander.brown@madtechnicalsolutions.com,true,(412) 846-6058,Chief Executive Officer,1,false,2026-02-21,2026-09-01
501474,101391,9619605,2017-01-14,2018-08-16,,false,(942) 792-6486,Chief Financial Officer,2,false,2024-04-03,2026-09-01
501475,101392,9648792,2021-04-17,,amanda.brown@backofficemi.com,true,(201) 343-7895,Chief Executive Officer,1,false,2026-06-10,2026-09-01
501476,101393,9648792,2024-02-26,2025-12-12,andrew.torres@backofficemi.com,true,(516) 291-7877,VP of Operations,3,false,2024-03-10,2026-09-01
501477,101394,9734176,2023-04-16,,robert.evans@if1airracing.com,false,,Chief Executive Officer,1,false,2026-05-23,2026-09-01
501478,101395,9753289,2019-08-21,,jeffrey.hernandez@rdequipmentco.com,true,,Chief Executive Officer,1,false,2025-04-25,2026-09-01
501479,101396,9753289,2021-11-10,,sarah.reed@rdequipmentco.com,true,(835) 773-6495,Head of Product,3,false,2026-04-27,2026-09-01
501480,101397,9753289,2017-12-08,,anthony.miller@rdequipmentco.com,true,,VP of Sales,3,false,2025-08-21,2026-09-01
501481,101398,9753289,2019-06-09,,raymond.johnson@rdequipmentco.com,true,(512) 826-2987,VP of Operations,3,false,2025-05-15,2026-09-01
501482,101399,9984512,2020-11-23,,patrick.king@rdp1.com,true,(619) 470-1281,Chief Executive Officer,1,false,2024-12-16,2026-09-01
501483,101400,10041576,2021-07-14,,rebecca.taylor@flexytie.com,false,(745) 857-9558,Chief Executive Officer,1,false,2025-05-25,2026-09-01
501484,101401,10074328,2017-09-28,2020-05-21,maria.kelly@guidedlead.com,false,,Chief Executive Officer,1,false,2026-06-05,2026-09-01
501485,101402,10074328,2021-11-07,2021-08-12,joseph.morris@guidedlead.com,true,,Director of Sales,3,false,2024-10-16,2026-09-01
501486,101403,10074328,2018-09-27,,,false,(408) 951-8560,Director of Engineering,3,false,2025-12-30,2026-09-01
501487,101404,10074328,2018-10-13,,melissa.baker@guidedlead.com,true,,Controller,3,false,2024-01-05,2026-09-01
501488,101405,10108219,2017-06-25,2019-07-02,william.kelly@pinecoastcreative.com,true,,Chief Executive Officer,1,false,2026-01-29,2026-09-01
501489,101405,10108219,2018-02-24,,william.kelly@pinecoastcreative.com,false,,Chief Executive Officer,1,false,2025-08-30,2026-09-01
501490,101406,10108219,2015-05-18,,patrick.campbell@pinecoastcreative.com,false,(886) 958-3223,Chief Operating Officer,2,false,2026-07-25,2026-09-01
501491,101407,10205401,2023-10-06,,anthony.wilson@denvermavens.com,true,(625) 716-7492,Chief Executive Officer,1,false,2024-03-07,2026-09-01
501492,101408,10214081,2016-09-27,2024-11-25,katherine.green@evansopticalengineering.com,true,,Chief Executive Officer,1,false,2026-01-20,2026-09-01
501493,101409,10214081,2018-10-17,2026-06-06,edward.howard@evansopticalengineering.com,true,(487) 632-7403,Chief Operating Officer,2,false,2024-11-22,2026-09-01
501494,101410,10214081,2023-11-23,2023-10-07,samuel.morales@evansopticalengineering.com,false,,Owner,1,false,2025-11-07,2026-09-01
501495,101411,10214081,2017-03-19,2022-04-03,cynthia.king@evansopticalengineering.com,true,(435) 222-4595,President,1,false,2024-09-08,2026-09-01
501496,101412,10215408,2023-05-24,2024-07-23,ryan.campbell@georgianbaytrailers.com,true,,Chief Executive Officer,1,false,2025-03-07,2026-09-01
501497,101412,10215408,2023-12-21,,ryan.campbell@georgianbaytrailers.com,false,,Chief Executive Officer,1,false,2025-04-17,2026-09-01
501498,101413,10215408,2015-04-29,2017-12-15,jason.jackson@georgianbaytrailers.com,false,(699) 374-4850,Head of Finance,3,false,2025-08-29,2026-09-01
501499,101414,10389192,2016-03-09,,justin.williams@pacwell.net,true,,Chief Executive Officer,1,false,2025-01-09,2026-09-01
501500,101415,10389192,2016-09-23,,charles.taylor@pacwell.net,true,(432) 749-8220,Founder,1,false,2024-10-30,2026-09-01
501501,101416,10389192,2015-06-14,,jeffrey.evans@pacwell.net,true,,Co-Founder,1,false,2025-12-03,2026-09-01
501502,101417,10389192,2017-10-10,,janet.wilson@pacwell.net,true,(719) 942-3415,Regional Manager,3,false,2026-07-13,2026-09-01
501503,101418,10478312,2024-03-30,,lisa.gonzalez@ersstore.com,true,,Chief Executive Officer,1,false,2025-04-06,2026-09-01
501504,101419,10478312,2016-12-30,,,false,(832) 457-6815,Director of Engineering,3,false,2024-08-12,2026-09-01
501505,101420,10478312,2017-10-20,2022-02-05,donald.hall@ersstore.com,false,(597) 966-5170,Chief Operating Officer,2,false,2024-02-13,2026-09-01
501506,101421,10478312,2016-12-22,,catherine.ward@ersstore.com,true,,VP of Operations,3,false,2025-06-17,2026-09-01
501507,101422,10756497,2015-02-18,2015-06-20,matthew.harris@kiphamptondds.com,true,(711) 720-6416,Chief Executive Officer,1,false,2024-01-22,2026-09-01
501508,101423,10756497,2021-11-12,,betty.nguyen@kiphamptondds.com,true,(900) 557-2169,Controller,3,false,2026-07-06,2026-09-01
501509,101424,10856840,2023-11-30,2025-01-04,lisa.gomez@kucharskifinancial.com,true,(709) 685-6224,Chief Executive Officer,1,false,2024-02-05,2026-09-01
501510,101425,10856840,2024-01-29,,charles.kim@kucharskifinancial.com,false,,Director of Sales,3,false,2026-01-25,2026-09-01
501511,101426,10930154,2015-11-08,,karen.ramos@gregfayinsurance.com,false,(243) 641-7176,Chief Executive Officer,1,false,2026-11-19,2026-09-01
501512,101426,10930154,2016-11-26,,karen.ramos@gregfayinsurance.com,false,(243) 641-7176,Chief Executive Officer,1,false,2024-07-17,2026-09-01
501513,101427,10930154,2022-05-05,,jerry.evans@gregfayinsurance.com,true,,Chief Financial Officer,2,false,2024-03-30,2026-09-01
501514,101428,10930154,2024-08-05,2024-06-20,kenneth.howard@gregfayinsurance.com,false,,Managing Partner,1,false,2024-11-06,2026-09-01
501515,101429,10930154,2018-04-27,,cynthia.martin@gregfayinsurance.com,true,,Chief Operating Officer,2,false,2024-08-18,2026-09-01
501516,101430,10968652,2021-01-09,2024-06-20,sharon.cooper@internationalintrigue.io,true,,Chief Executive Officer,1,false,2024-09-30,2026-09-01
501517,101431,10968652,2020-08-01,,,false,(381) 783-9232,Business Development Manager,3,false,2026-12-10,2026-09-01
501518,101432,10985816,2019-11-22,,,false,,Chief Executive Officer,1,false,2025-01-01,2026-09-01
501519,101433,10985816,2021-11-10,2023-06-08,,false,(246) 491-3672,Chief Operating Officer,2,false,2024-08-18,2026-09-01
501520,101434,10985816,2016-01-04,,raymond.taylor@middlepathpsychotherapy.com,true,(781) 991-2833,Office Manager,3,false,2024-11-10,2026-09-01
501521,101435,11043509,2017-06-17,,brandon.kim@amyspetnutritioncenter.com,true,,Chief Executive Officer,1,false,2024-02-12,2026-09-01
501522,101436,11043509,2015-01-23,,richard.lee@amyspetnutritioncenter.com,false,,Head of Finance,3,false,2024-11-26,2026-09-01
501523,101437,11085526,2017-01-05,2026-12-10,ronald.harris@peopleandpawsrx.com,true,,Chief Executive Officer,1,false,2025-04-26,2026-09-01
501524,101438,11103757,2020-01-22,,frank.lee@iconceptsmarketing.com,true,(826) 263-1977,Chief Executive Officer,1,false,2024-12-01,2026-09-01
501525,101439,11227508,2022-01-29,,ashley.robinson@volt-enterprises.com,true,,Chief Executive Officer,1,false,2026-04-04,2026-09-01
501526,101440,11227508,2015-01-04,,,false,(512) 995-2780,Marketing Manager,3,false,2025-01-23,2026-09-01
501527,101441,11227508,2017-07-13,,margaret.morris@volt-enterprises.com,false,,General Manager,3,false,2026-11-06,2026-09-01
501528,101442,11389514,2019-07-22,,lisa.reyes@brandedbull.com,true,(982) 953-1324,Chief Executive Officer,1,false,2026-02-28,2026-09-01
501529,101443,11599234,2020-08-22,,raymond.mitchell@murrayshealthandwellness.com,true,,Chief Executive Officer,1,false,2026-05-08,2026-09-01
501530,101444,11599234,2016-12-30,,samantha.morgan@murrayshealthandwellness.com,false,(506) 558-9150,Managing Partner,1,false,2024-11-04,2026-09-01
501531,101445,11599234,2023-07-26,2024-12-25,ashley.martinez@murrayshealthandwellness.com,true,(608) 746-7299,Director of Sales,3,false,2024-07-11,2026-09-01
501532,101446,11692279,2019-12-26,,michelle.ward@oregonpowdercoating.com,true,,Chief Executive Officer,1,false,2024-02-16,2026-09-01
501533,101447,11692279,2015-09-15,,carol.adams@oregonpowdercoating.com,true,(621) 633-5989,HR Manager,3,false,2026-03-22,2026-09-01
501534,101448,11755307,2020-09-16,2026-10-27,stephen.kim@coppercannoncamp.org,true,,Chief Executive Officer,1,false,2025-09-11,2026-09-01
501535,101449,11755307,2017-04-24,,steven.bailey@coppercannoncamp.org,true,(731) 845-6625,Marketing Manager,3,false,2026-12-28,2026-09-01
501536,101450,11859025,2024-01-16,,heather.howard@peergaming.com,false,(370) 878-9433,Chief Executive Officer,1,false,2024-12-16,2026-09-01
501537,101451,11889491,2017-06-26,2026-11-03,john.lee@thepatientwait.com,true,,Chief Executive Officer,1,false,2025-01-24,2026-09-01
501538,101452,11889491,2021-12-09,,,false,(882) 753-4882,Store Manager,3,false,2026-08-28,2026-09-01
501539,101453,11889491,2016-09-03,,robert.cooper@thepatientwait.com,true,(625) 442-1238,Head of Finance,3,false,2026-01-28,2026-09-01
501540,101454,12188544,2022-03-27,2024-01-03,,false,(997) 810-6830,Chief Executive Officer,1,false,2026-03-04,2026-09-01
501541,101455,12267637,2020-04-17,2020-05-23,jerry.reed@givewholehearted.com,false,(869) 321-9696,Chief Executive Officer,1,false,2025-02-21,2026-09-01
501542,101456,12267637,2018-04-25,,sharon.edwards@givewholehearted.com,true,,Chief Technology Officer,2,false,2024-09-26,2026-09-01
501543,101457,12282753,2024-08-03,2024-01-17,ronald.morris@iliff.edu,true,(986) 382-4018,Chief Executive Officer,1,false,2025-03-17,2026-09-01
501544,101458,12282753,2018-06-12,,brenda.phillips@iliff.edu,true,(230) 464-9174,HR Manager,3,false,2025-08-13,2026-09-01
501545,101459,12282753,2019-11-26,,joshua.jones@iliff.edu,false,,Head of Product,3,false,2025-04-19,2026-09-01
501546,101460,12282753,2023-03-04,,,false,(340) 494-6456,Head of Product,3,false,2024-07-27,2026-09-01
501547,101461,12287605,2021-01-04,,scott.davis@longreachhighreach.com,true,(360) 635-5435,Chief Executive Officer,1,false,2025-12-10,2026-09-01
501548,101462,12287605,2016-11-28,,ronald.taylor@longreachhighreach.com,true,(375) 385-6001,Chief Technology Officer,2,false,2025-10-02,2026-09-01
501549,101463,12287605,2019-02-17,,carolyn.stewart@longreachhighreach.com,true,,President,1,false,2024-04-22,2026-09-01
501550,101464,12428921,2016-04-04,,michael.campbell@sigilpricing.com,true,(949) 961-5846,Chief Executive Officer,1,false,2024-08-31,2026-09-01
501551,101465,12428921,2018-03-31,,laura.collins@sigilpricing.com,true,(670) 404-5259,VP of Operations,3,false,2024-03-16,2026-09-01
501552,101466,12428921,2017-03-10,2019-06-11,maria.campbell@sigilpricing.com,true,,Office Manager,3,false,2024-05-20,2026-09-01
501553,101467,12480130,2024-02-09,,samuel.gutierrez@wbhdoors.com,false,(718) 747-3868,Chief Executive Officer,1,false,2024-12-22,2026-09-01
501554,101468,12527972,2023-03-05,2025-11-14,mary.torres@nourishadolescentwellness.com,false,(876) 417-6364,Chief Executive Officer,1,false,2026-11-14,2026-09-01
501555,101469,12527972,2024-09-30,,kenneth.rodriguez@nourishadolescentwellness.com,false,(392) 499-5574,President,1,false,2026-09-08,2026-09-01
501556,101470,12584956,2024-02-15,,charles.ramos@lalbikes.com,true,,Chief Executive Officer,1,false,2025-06-10,2026-09-01
501557,101471,12585570,2017-07-22,,,false,(767) 548-8859,Chief Executive Officer,1,false,2026-12-24,2026-09-01
501558,101472,12585570,2022-11-24,2025-05-02,brandon.ramos@nsgiles.co,true,,Business Development Manager,3,false,2026-12-05,2026-09-01
501559,101473,12726606,2021-07-15,,katherine.nguyen@almadev.ca,false,(886) 829-8500,Chief Executive Officer,1,false,2026-01-29,2026-09-01
501560,101474,12730027,2024-03-12,2026-12-19,kevin.kelly@mainstreetpros.com,true,(878) 846-2212,Chief Executive Officer,1,false,2026-07-14,2026-09-01
501561,101475,12730027,2021-07-06,,,false,,Marketing Manager,3,false,2025-06-21,2026-09-01
501562,101476,12730027,2017-04-24,,,false,,Store Manager,3,false,2024-11-23,2026-09-01
501563,101477,12837033,2020-08-21,,eric.wilson@concretepatiosunlimited.com,true,,Chief Executive Officer,1,false,2024-08-21,2026-09-01
501564,101478,13007034,2024-05-06,2026-08-16,brandon.morales@godfreyfuneralhome.net,true,(937) 786-3734,Chief Executive Officer,1,false,2026-01-28,2026-09-01
501565,101479,13007034,2024-03-25,,carol.kelly@godfreyfuneralhome.net,false,(799) 412-4621,Managing Partner,1,false,2025-10-03,2026-09-01
501566,101480,13105524,2021-07-22,2023-10-16,robert.reyes@wintersking.com,true,,Chief Executive Officer,1,false,2026-12-26,2026-09-01
501567,101481,13105524,2022-04-01,,matthew.taylor@wintersking.com,true,,Principal,2,false,2025-05-13,2026-09-01
501568,101482,13234526,2018-11-06,,jonathan.gonzalez@portabletoiletskansas.com,true,(411) 610-2141,Chief Executive Officer,1,false,2026-12-23,2026-09-01
501569,101483,13234526,2019-12-07,2026-09-28,paul.adams@portabletoiletskansas.com,true,,Director of Sales,3,false,2026-04-01,2026-09-01
501570,101484,13242348,2019-02-11,,donald.richardson@doubledoutdoortravel.com,false,(969) 640-2480,Chief Executive Officer,1,false,2025-05-19,2026-09-01
501571,101485,13245341,2018-04-03,2025-08-12,deborah.carter@everestconsultus.com,true,(318) 303-7223,Chief Executive Officer,1,false,2024-10-01,2026-09-01
501572,101486,13255817,2015-05-24,,jacob.morales@graceimports.com,true,(899) 622-2254,Chief Executive Officer,1,false,2026-08-03,2026-09-01
501573,101487,13255817,2021-01-02,,anna.kim@graceimports.com,true,,Head of Product,3,false,2025-09-05,2026-09-01
501574,101488,13255817,2016-05-24,2023-07-04,,false,,VP of Marketing,3,false,2024-01-03,2026-09-01
501575,101489,13255817,2019-09-16,2020-07-04,,false,,Chief Financial Officer,2,false,2026-11-08,2026-09-01
501576,101490,13309415,2021-06-13,,kimberly.wright@bayouredhotsauce.com,true,(222) 789-7746,Chief Executive Officer,1,false,2026-04-03,2026-09-01
501577,101491,13357943,2024-08-05,,gregory.cox@canyonstateaz.com,true,,Chief Executive Officer,1,false,2025-11-04,2026-09-01
501578,101492,13357943,2015-03-29,,larry.thompson@canyonstateaz.com,true,(664) 472-4220,Marketing Manager,3,false,2024-09-02,2026-09-01
501579,101493,13357943,2017-04-11,,brandon.rogers@canyonstateaz.com,false,(477) 994-1575,Regional Manager,3,false,2026-10-28,2026-09-01
501580,101494,13379544,2020-09-30,,nicholas.murphy@pierintl.com,true,(315) 557-4162,Chief Executive Officer,1,false,2024-02-17,2026-09-01
501581,101495,13379544,2023-10-31,2023-03-22,katherine.rivera@pierintl.com,true,,Owner,1,false,2024-05-18,2026-09-01
501582,101496,13379544,2015-12-15,,margaret.phillips@pierintl.com,true,,Chief Operating Officer,2,false,2025-12-30,2026-09-01
501583,101497,13379544,2022-12-07,,,false,(267) 220-1927,Owner,1,false,2025-07-11,2026-09-01
501584,101498,13445908,2022-02-11,,,false,(830) 516-2618,Chief Executive Officer,1,false,2024-10-22,2026-09-01
501585,101499,13609495,2015-11-17,,cynthia.brown@panhandlecancercare.com,true,,Chief Executive Officer,1,false,2024-10-22,2026-09-01
501586,101500,13609495,2016-12-07,,karen.roberts@panhandlecancercare.com,false,(861) 889-4505,Chief Executive Officer,1,false,2024-04-15,2026-09-01
501587,101500,13609495,2017-09-17,,karen.roberts@panhandlecancercare.com,false,(861) 889-4505,Chief Executive Officer,1,false,2026-02-22,2026-09-01
501588,101501,13692754,2021-09-01,,,false,(997) 235-1520,Chief Executive Officer,1,false,2025-04-29,2026-09-01
501589,101502,13692754,2021-05-28,,karen.cooper@dotakesmedia.ca,true,,Store Manager,3,false,2024-03-04,2026-09-01
501590,101502,13692754,2023-08-11,,karen.cooper@dotakesmedia.ca,false,,Store Manager,3,false,2026-09-01,2026-09-01
501591,101503,13776855,2017-02-15,,,false,(830) 672-2465,Chief Executive Officer,1,false,2024-03-11,2026-09-01
501592,101504,13776855,2021-01-23,,sarah.nelson@commonwealthindustrial.net,true,,Chief Operating Officer,2,false,2026-11-09,2026-09-01
501593,101505,13893059,2023-11-20,2025-10-12,christopher.white@cornerstonecollective.com,false,(992) 486-7676,Chief Executive Officer,1,false,2024-12-08,2026-09-01
501594,101506,13913158,2017-05-29,,,false,,Chief Executive Officer,1,false,2025-07-06,2026-09-01
501595,101507,13913158,2021-07-17,2026-01-02,michelle.young@fruveg.com,true,(880) 947-1278,Owner,1,false,2026-08-29,2026-09-01
501596,101508,13913158,2017-01-18,,maria.hill@fruveg.com,true,,Director of Sales,3,false,2025-10-08,2026-09-01
501597,101509,13913158,2020-03-22,,george.jackson@fruveg.com,true,,Owner,1,false,2024-02-19,2026-09-01
501598,101510,13933785,2016-11-30,,,false,(527) 749-2489,Chief Executive Officer,1,false,2026-04-08,2026-09-01
501599,101511,13933785,2020-05-15,,joseph.carter@heyfrankie.com,true,(748) 623-5182,Chief Technology Officer,2,false,2026-11-18,2026-09-01
501600,101512,13990467,2017-11-26,2025-05-27,cynthia.carter@f3vc.com,false,,Chief Executive Officer,1,false,2024-06-30,2026-09-01
501601,101513,14045906,2015-07-26,,,false,,Chief Executive Officer,1,false,2026-12-19,2026-09-01
501602,101514,14070547,2020-12-01,,betty.gomez@jaxfiresprinkler.com,false,,Chief Executive Officer,1,false,2025-01-18,2026-09-01
501603,101515,14070547,2022-09-12,,betty.adams@jaxfiresprinkler.com,false,(404) 961-9055,Chief Executive Officer,1,false,2024-01-30,2026-09-01
501604,101516,14070547,2017-06-11,2017-03-26,,false,,Head of Product,3,false,2024-02-07,2026-09-01
501605,101517,14079328,2020-11-04,,donna.phillips@scaifeprotection.com,true,,Chief Executive Officer,1,false,2024-07-03,2026-09-01
501606,101518,14080385,2022-09-08,,james.williams@sandrastokescpa.com,true,(355) 440-3275,Chief Executive Officer,1,false,2026-12-25,2026-09-01
501607,101519,14084572,2017-09-30,2017-04-05,ryan.richardson@ynotpc.com,true,,Chief Executive Officer,1,false,2026-11-20,2026-09-01
501608,101520,14084572,2016-02-01,,anna.baker@ynotpc.com,false,,VP of Sales,3,false,2026-07-01,2026-09-01
501609,101521,14087930,2023-07-21,2025-04-25,,false,,Chief Executive Officer,1,false,2026-04-21,2026-09-01
501610,101521,14087930,2024-10-20,,,false,,Chief Executive Officer,1,false,2026-02-07,2026-09-01
501611,101522,14087930,2021-07-11,,frank.king@csacalgary.com,false,,Principal,2,false,2026-04-08,2026-09-01
501612,101523,14087930,2021-03-04,2021-03-07,karen.williams@csacalgary.com,true,,Owner,1,false,2024-07-06,2026-09-01
501613,101524,14108199,2024-12-27,,sarah.lewis@turneromara.com,false,,Chief Executive Officer,1,false,2025-12-10,2026-09-01
501614,101525,14156358,2017-06-29,,dorothy.moore@fdtr.net,true,,Chief Executive Officer,1,false,2024-01-18,2026-09-01
501615,101526,14160588,2019-09-11,,,false,,Chief Executive Officer,1,false,2024-12-27,2026-09-01
501616,101527,14169699,2017-04-01,,brian.reed@padronpool.com,false,(230) 291-3879,Chief Executive Officer,1,false,2026-05-24,2026-09-01
501617,101528,14169699,2015-02-17,,joseph.jones@padronpool.com,true,(470) 745-7131,Co-Founder,1,false,2025-10-27,2026-09-01
501618,101529,14169699,2019-04-13,,mark.davis@padronpool.com,true,(972) 464-6112,Regional Manager,3,false,2025-09-17,2026-09-01
501619,101530,14169699,2019-04-18,,michael.hernandez@padronpool.com,false,(424) 849-5912,Owner,1,false,2024-06-29,2026-09-01
501620,101531,14383636,2018-07-25,,,false,(747) 373-3673,Chief Executive Officer,1,false,2024-09-15,2026-09-01
501621,101532,17968989,2020-01-30,,karen.king@neighborly.com,true,,Marketing Manager,3,false,2026-05-06,2026-09-01
501622,101533,14523832,2022-03-02,2022-01-31,deborah.hall@trigmoving.com,false,(878) 363-1984,Chief Executive Officer,1,false,2024-08-10,2026-09-01
501623,101534,14523832,2017-08-21,,thomas.scott@trigmoving.com,false,(508) 349-3057,VP of Operations,3,false,2025-03-05,2026-09-01
501624,101535,14523832,2016-09-16,,timothy.cooper@trigmoving.com,false,(971) 587-9973,VP of Operations,3,false,2025-11-19,2026-09-01
501625,101536,14722746,2023-08-06,2026-10-05,steven.cox@inopro.ca,true,(483) 489-2440,Chief Executive Officer,1,false,2026-10-06,2026-09-01
501626,101537,14722746,2024-08-11,,amanda.allen@inopro.ca,false,(674) 455-1041,Managing Partner,1,false,2025-04-06,2026-09-01
501627,101538,14986704,2018-11-23,,paul.cook@missionorganiccenter.com,true,(614) 465-1299,Chief Executive Officer,1,false,2024-03-30,2026-09-01
501628,101539,14986704,2017-03-14,,raymond.rodriguez@missionorganiccenter.com,false,,Chief Operating Officer,2,false,2025-01-16,2026-09-01
501629,101540,15003291,2021-03-05,,,false,(307) 808-8319,Chief Executive Officer,1,false,2024-04-11,2026-09-01
501630,101541,15003291,2024-02-14,2024-08-07,james.walker@bellaskitchenandwellness.com,true,(414) 504-8779,Store Manager,3,false,2026-10-13,2026-09-01
501631,101542,15003291,2023-10-03,,deborah.miller@bellaskitchenandwellness.com,true,(768) 624-1746,Principal,2,false,2026-03-05,2026-09-01
501632,101543,15048922,2024-03-18,,amanda.ward@bainsdevelopmentsltd.co.uk,true,(491) 851-8645,Chief Executive Officer,1,false,2024-01-20,2026-09-01
501633,101544,15173053,2021-03-13,,carol.lewis@elitemanda.com,false,(308) 636-1450,Chief Executive Officer,1,false,2026-08-20,2026-09-01
501634,101545,15173053,2021-09-06,,robert.stewart@elitemanda.com,true,,Owner,1,false,2026-02-25,2026-09-01
501635,101546,15173053,2015-06-15,,alexander.cruz@elitemanda.com,true,(696) 546-4714,Office Manager,3,false,2024-08-05,2026-09-01
501636,101547,15173053,2015-03-03,,sarah.reyes@elitemanda.com,true,,Chief Executive Officer,1,false,2026-01-20,2026-09-01
501637,101548,15192645,2021-07-24,2025-04-24,nicholas.jones@tacturasolutions.com,true,(366) 324-7401,Chief Executive Officer,1,false,2026-02-22,2026-09-01
501638,101549,15192645,2022-08-26,,christine.nguyen@tacturasolutions.com,false,(220) 598-8249,Marketing Manager,3,false,2024-08-30,2026-09-01
501639,101550,15214782,2024-02-14,,george.jackson@childrenfirstdumfries.com,true,,Chief Executive Officer,1,false,2024-11-16,2026-09-01
501640,101551,15214782,2021-06-25,2024-04-14,jack.anderson@childrenfirstdumfries.com,true,(834) 751-4639,Chief Financial Officer,2,false,2025-03-27,2026-09-01
501641,101551,15214782,2022-09-10,,jack.anderson@childrenfirstdumfries.com,false,(834) 751-4639,Chief Financial Officer,2,false,2024-08-07,2026-09-01
501642,101552,15214782,2024-08-15,2024-10-28,deborah.martinez@childrenfirstdumfries.com,false,(276) 215-6183,Head of Finance,3,false,2024-05-25,2026-09-01
501643,101553,15260061,2019-09-19,2020-09-28,maria.peterson@3dpotter.com,true,(979) 482-9170,Chief Executive Officer,1,false,2026-05-19,2026-09-01
501644,101554,15260061,2018-10-12,,stephanie.young@3dpotter.com,true,,President,1,false,2024-08-15,2026-09-01
501645,101555,15260061,2016-07-02,2020-03-04,,false,(704) 537-2613,Regional Manager,3,false,2026-10-16,2026-09-01
501646,101556,15264187,2023-03-27,,kimberly.martin@archocell.ca,false,(672) 364-4720,Chief Executive Officer,1,false,2025-08-22,2026-09-01
501647,101557,15282464,2017-12-15,,melissa.scott@steelhandsbrewing.com,true,,Chief Executive Officer,1,false,2025-04-15,2026-09-01
501648,101558,15282464,2018-07-26,,,false,,Head of Finance,3,false,2025-04-12,2026-09-01
501649,101559,15282464,2024-06-29,,patricia.collins@steelhandsbrewing.com,true,(274) 508-9245,Regional Manager,3,false,2025-01-05,2026-09-01
501650,101560,15481176,2020-01-21,2025-10-15,daniel.nelson@bybeachcity.com,true,,Chief Executive Officer,1,false,2024-04-03,2026-09-01
501651,101561,15487054,2022-10-03,2025-05-21,sarah.johnson@showercandy.com,false,(610) 687-7841,Chief Executive Officer,1,false,2026-12-19,2026-09-01
501652,101562,15487054,2023-12-10,2025-12-07,christopher.morris@showercandy.com,true,(616) 887-1494,General Manager,3,false,2025-04-23,2026-09-01
501653,101563,15496686,2021-09-07,,heather.mitchell@eyedoctor-westorange.com,true,(960) 285-6363,Chief Executive Officer,1,false,2025-06-11,2026-09-01
501654,101564,15496686,2015-08-25,,brian.brown@eyedoctor-westorange.com,true,(529) 621-8376,Head of Product,3,false,2026-08-06,2026-09-01
501655,101565,15500191,2020-05-07,2024-07-06,steven.lee@lifelnhcs.com,true,(465) 350-3964,Chief Executive Officer,1,false,2024-09-23,2026-09-01
501656,101566,15500570,2015-11-04,,linda.thompson@allianceanswer.com,true,,Chief Executive Officer,1,false,2026-09-30,2026-09-01
501657,101567,15515710,2018-01-03,,gary.wilson@rootcellar.ca,true,(580) 316-5734,Chief Executive Officer,1,false,2025-04-21,2026-09-01
501658,101567,15515710,2018-12-26,,gary.wilson@rootcellar.ca,false,(580) 316-5734,Chief Executive Officer,1,false,2024-07-31,2026-09-01
501659,101568,15536211,2019-09-26,,justin.johnson@custompluscollision.com,true,,Chief Executive Officer,1,false,2026-07-11,2026-09-01
501660,101569,15536211,2015-11-26,,,false,,Regional Manager,3,false,2025-02-01,2026-09-01
501661,101570,15536211,2015-02-14,,,false,,Regional Manager,3,false,2025-08-19,2026-09-01
501662,101571,15558490,2023-10-11,,timothy.collins@waterwaysmarinaoc.com,true,(651) 363-5565,Chief Executive Officer,1,false,2024-01-11,2026-09-01
501663,101572,15564023,2021-06-03,2025-05-07,john.gomez@lilyinjune.com,false,,Chief Executive Officer,1,false,2024-04-07,2026-09-01
501664,101573,15564023,2020-01-28,,linda.lee@lilyinjune.com,true,(328) 640-7877,Regional Manager,3,false,2024-12-17,2026-09-01
501665,101574,15564023,2017-04-21,,susan.cox@lilyinjune.com,false,,Chief Operating Officer,2,false,2026-02-04,2026-09-01
501666,101574,15564023,2017-01-02,,susan.cox@lilyinjune.com,false,,Chief Operating Officer,2,false,2026-11-01,2026-09-01
501667,101575,15564023,2019-01-28,,thomas.reyes@lilyinjune.com,true,(628) 966-9112,Managing Partner,1,false,2024-02-14,2026-09-01
501668,101576,15567138,2015-05-14,2015-10-11,christine.wilson@pizzakit.ca,true,,Chief Executive Officer,1,false,2024-12-21,2026-09-01
501669,101577,15567138,2016-12-10,2017-11-18,nancy.white@pizzakit.ca,false,,Director of Engineering,3,false,2024-05-17,2026-09-01
501670,101577,15567138,2018-02-05,,nancy.white@pizzakit.ca,false,,Director of Engineering,3,false,2025-11-09,2026-09-01
501671,101578,15570703,2024-08-04,,linda.anderson@agnetmedia.com,true,(899) 234-4703,Chief Executive Officer,1,false,2025-08-06,2026-09-01
501672,101579,15589333,2016-10-30,,matthew.young@batemanlabs.com,false,,Chief Executive Officer,1,false,2024-02-24,2026-09-01
501673,101580,15595628,2016-04-27,2026-11-04,jonathan.robinson@inheritco.com,true,(829) 337-1924,Chief Executive Officer,1,false,2025-02-09,2026-09-01
501674,101581,15595628,2016-10-17,2016-03-01,dennis.wright@inheritco.com,true,,Marketing Manager,3,false,2025-07-03,2026-09-01
501675,101582,15595628,2017-01-10,,jeffrey.nelson@inheritco.com,false,(837) 300-3169,Principal,2,false,2025-04-14,2026-09-01
501676,101583,15597800,2018-07-28,2023-09-15,raymond.phillips@foxinnovation.com,true,,Chief Executive Officer,1,false,2026-03-27,2026-09-01
501677,101584,15606459,2021-05-28,,susan.jackson@madeatartcamp.com,true,(434) 227-1073,Chief Executive Officer,1,false,2026-12-27,2026-09-01
501678,101585,15609132,2022-10-01,2023-11-11,sarah.wright@mindfullivinggroup.org,true,,Chief Executive Officer,1,false,2025-10-12,2026-09-01
501679,101586,15643476,2020-06-10,,jerry.moore@harringtonmovstg.com,true,(250) 729-8235,Chief Executive Officer,1,false,2024-10-13,2026-09-01
501680,101587,15647824,2021-08-16,2021-01-31,thomas.mitchell@kilroys.com,true,(917) 752-2793,Chief Executive Officer,1,false,2026-09-16,2026-09-01
501681,101588,15647824,2021-06-11,2023-05-06,karen.lopez@kilroys.com,true,,Sales Manager,3,false,2024-12-14,2026-09-01
501682,101589,15665402,2022-11-05,,sharon.rivera@harborfinancialgroupllc.com,true,(754) 375-6253,Chief Executive Officer,1,false,2024-10-03,2026-09-01
501683,101590,15665402,2022-05-21,,,false,(607) 693-3053,Chief Operating Officer,2,false,2024-12-10,2026-09-01
501684,101591,15665402,2015-11-25,,sharon.scott@harborfinancialgroupllc.com,true,(526) 954-7115,Chief Financial Officer,2,false,2024-11-21,2026-09-01
501685,101592,15665402,2017-01-21,,,false,,Director of Engineering,3,false,2026-04-10,2026-09-01
501686,101593,15668620,2023-11-02,2026-12-09,,false,(379) 808-1187,Chief Executive Officer,1,false,2026-05-05,2026-09-01
501687,101594,15668620,2019-06-21,2022-11-04,emma.allen@awassos.com,true,,Chief Technology Officer,2,false,2024-04-17,2026-09-01
501688,101595,15668620,2020-05-08,,barbara.perez@awassos.com,true,,Director of Engineering,3,false,2024-02-08,2026-09-01
501689,101596,15676476,2019-04-15,,michael.hernandez@ospreyengineers.com,true,(295) 288-4640,Chief Executive Officer,1,false,2026-05-09,2026-09-01
501690,101597,15676476,2018-02-24,,maria.sanchez@ospreyengineers.com,true,(238) 528-7553,General Manager,3,false,2026-05-06,2026-09-01
501691,101598,15691792,2015-02-20,,thomas.gomez@globalhealthrcenter.com,true,(402) 620-2878,Chief Executive Officer,1,false,2025-06-14,2026-09-01
501692,101599,15691792,2017-03-30,,mary.johnson@globalhealthrcenter.com,true,,Co-Founder,1,false,2025-07-19,2026-09-01
501693,101600,15691792,2020-04-08,,,false,(670) 382-8600,VP of Operations,3,false,2026-03-06,2026-09-01
501694,101601,15691792,2024-08-18,,jason.jackson@globalhealthrcenter.com,true,(970) 232-7913,Office Manager,3,false,2025-08-21,2026-09-01
501695,101602,15692108,2018-06-14,2020-12-30,emily.diaz@nmconstructionsd.com,false,,Chief Executive Officer,1,false,2026-10-13,2026-09-01
501696,101603,15692108,2021-06-03,2021-02-14,carol.gonzalez@nmconstructionsd.com,false,(401) 713-7368,VP of Marketing,3,false,2025-08-23,2026-09-01
501697,101604,15692108,2023-07-15,2026-02-19,barbara.murphy@nmconstructionsd.com,true,,Director of Engineering,3,false,2025-07-29,2026-09-01
501698,101605,15692108,2022-04-28,2022-01-07,daniel.hill@nmconstructionsd.com,true,(923) 472-2035,Chief Operating Officer,2,false,2025-04-10,2026-09-01
501699,101606,15735817,2024-05-14,,,false,(440) 528-1262,Chief Executive Officer,1,false,2025-03-27,2026-09-01
501700,101607,15756926,2015-07-29,,michael.flores@plantbasedmavens.com,true,(482) 417-8488,Chief Executive Officer,1,false,2026-07-13,2026-09-01
501701,101608,15756926,2019-08-24,,jack.gonzalez@plantbasedmavens.com,false,,Director of Engineering,3,false,2026-03-05,2026-09-01
501702,101609,15761257,2020-05-01,,david.mitchell@granbyconsulting.com,false,,Chief Executive Officer,1,false,2024-08-13,2026-09-01
501703,101609,15761257,2022-11-24,,david.mitchell@granbyconsulting.com,false,,Chief Executive Officer,1,false,2025-09-22,2026-09-01
501704,101610,15761257,2018-04-03,,,false,(775) 594-1334,Head of Product,3,false,2026-01-14,2026-09-01
501705,101611,15767284,2022-11-10,,john.baker@greenheronpartners.com,true,(222) 614-8716,Chief Executive Officer,1,false,2024-10-04,2026-09-01
501706,101612,15767284,2023-09-14,2023-02-03,jeffrey.wright@greenheronpartners.com,true,(686) 788-5607,Chief Operating Officer,2,false,2026-07-14,2026-09-01
501707,101613,15767284,2023-07-10,,ashley.ramirez@greenheronpartners.com,true,,General Manager,3,false,2024-04-05,2026-09-01
501708,101614,15772519,2016-07-23,,pamela.turner@3tg-tech.com,true,(852) 509-3261,Chief Executive Officer,1,false,2024-04-30,2026-09-01
501709,101615,15772519,2022-08-28,,rachel.rogers@3tg-tech.com,false,(279) 758-7577,Managing Partner,1,false,2026-03-11,2026-09-01
501710,101616,15772519,2020-04-27,2026-07-04,stephanie.brown@3tg-tech.com,true,(366) 791-1242,Founder,1,false,2026-11-08,2026-09-01
501711,101617,15789530,2017-04-24,,jonathan.lee@enoriveracademy.org,true,,Chief Executive Officer,1,false,2025-04-25,2026-09-01
501712,101618,15789530,2018-08-31,,rebecca.adams@enoriveracademy.org,true,,Co-Founder,1,false,2024-02-09,2026-09-01
501713,101619,15789530,2019-04-08,,cynthia.lopez@enoriveracademy.org,false,(628) 660-1438,Director of Engineering,3,false,2025-11-27,2026-09-01
501714,101620,15789530,2021-10-23,,jason.flores@enoriveracademy.org,true,,Marketing Manager,3,false,2025-07-10,2026-09-01
501715,101621,15800795,2021-07-03,,catherine.scott@sivcare.com,true,(551) 860-9645,Chief Executive Officer,1,false,2024-04-16,2026-09-01
501716,101622,15800795,2024-07-13,,rachel.jackson@sivcare.com,false,(794) 940-3325,HR Manager,3,false,2024-01-04,2026-09-01
501717,101623,15800795,2015-08-11,,cynthia.morgan@sivcare.com,true,,Marketing Manager,3,false,2026-04-24,2026-09-01
501718,101624,15800795,2015-05-08,,nicholas.smith@sivcare.com,true,,Founder,1,false,2026-11-26,2026-09-01
501719,101625,15810468,2024-07-16,2024-10-28,david.collins@riverregionacademy.com,true,,Chief Executive Officer,1,false,2025-11-25,2026-09-01
501720,101626,15810468,2019-09-13,,nancy.kim@riverregionacademy.com,true,(482) 290-2233,Chief Operating Officer,2,false,2024-08-18,2026-09-01
501721,101627,15810468,2020-04-18,,katherine.nguyen@riverregionacademy.com,false,,Director of Sales,3,false,2024-03-08,2026-09-01
501722,101628,15818021,2022-04-20,2023-06-03,donald.richardson@dyskami.ca,true,,Chief Executive Officer,1,false,2026-12-04,2026-09-01
501723,101629,15818021,2015-02-14,,samantha.thompson@dyskami.ca,false,,Office Manager,3,false,2024-10-19,2026-09-01
501724,101630,15818021,2021-09-09,2022-01-04,alexander.king@dyskami.ca,true,,Business Development Manager,3,false,2024-11-15,2026-09-01
501725,101631,15818049,2018-07-27,2026-07-30,,false,(500) 448-7151,Chief Executive Officer,1,false,2025-09-23,2026-09-01
501726,101631,15818049,2019-12-28,,,false,(500) 448-7151,Chief Executive Officer,1,false,2025-03-31,2026-09-01
501727,101632,15818049,2023-06-15,2025-12-27,stephanie.davis@midwestrestorationpros.com,true,,Chief Technology Officer,2,false,2026-01-22,2026-09-01
501728,101633,15825303,2018-12-13,,robert.young@onemanhandyman.org,true,(759) 350-2947,Chief Executive Officer,1,false,2026-10-17,2026-09-01
501729,101634,15833777,2019-07-10,,carolyn.phillips@awglobal.tech,true,,Chief Executive Officer,1,false,2026-12-19,2026-09-01
501730,101635,15870087,2020-11-18,,thomas.mitchell@smokebudapp.com,false,,Chief Executive Officer,1,false,2026-04-21,2026-09-01
501731,101636,15870087,2016-12-25,2019-11-13,,false,(274) 664-7687,Owner,1,false,2026-02-11,2026-09-01
501732,101637,15870735,2019-03-05,,scott.martin@hftx.org,true,(707) 661-4068,Chief Executive Officer,1,false,2025-09-08,2026-09-01
501733,101638,15870735,2024-09-20,,margaret.adams@hftx.org,true,,VP of Marketing,3,false,2025-05-20,2026-09-01
501734,101639,15870998,2015-02-10,2016-06-28,shirley.harris@sbrtechnologies.com,false,,Chief Executive Officer,1,false,2024-04-11,2026-09-01
501735,101640,15875566,2017-04-16,,cynthia.phillips@azurebluevacations.com,true,,Chief Executive Officer,1,false,2025-10-20,2026-09-01
501736,101641,15875566,2019-11-16,,michelle.robinson@azurebluevacations.com,true,(233) 805-9849,HR Manager,3,false,2026-02-24,2026-09-01
501737,101642,15882633,2021-04-07,,christine.moore@automationspecialistsinc.com,true,(304) 837-5276,Chief Executive Officer,1,false,2024-03-10,2026-09-01
501738,101643,15882633,2015-01-18,2023-03-05,helen.martin@automationspecialistsinc.com,false,,Director of Engineering,3,false,2024-01-06,2026-09-01
501739,101644,15882633,2020-05-21,2023-04-04,sandra.baker@automationspecialistsinc.com,true,(640) 785-6459,Sales Manager,3,false,2024-01-14,2026-09-01
501740,101645,15889618,2016-11-25,2026-11-19,michelle.morales@vantageinnovationlab.com,true,,Chief Executive Officer,1,false,2025-04-07,2026-09-01
501741,101646,16356291,2016-08-23,,,false,(879) 383-1737,Sales Manager,3,false,2024-05-25,2026-09-01
501742,101647,15889618,2017-02-16,2019-01-24,stephanie.gonzalez@vantageinnovationlab.com,true,(415) 670-1660,Principal,2,false,2025-09-27,2026-09-01
501743,101648,15893352,2023-05-30,,laura.torres@tumeryk.com,true,,Chief Executive Officer,1,false,2024-09-20,2026-09-01
501744,101649,15900975,2021-08-26,,,false,(873) 370-9818,Chief Executive Officer,1,false,2025-07-02,2026-09-01
501745,101650,15900975,2024-02-16,2025-12-26,timothy.adams@saaintl.com,true,,Chief Financial Officer,2,false,2025-12-06,2026-09-01
501746,101651,15900975,2017-12-03,2025-12-24,,false,(297) 528-8403,Head of Finance,3,false,2026-03-14,2026-09-01
501747,101652,15922196,2018-03-13,2020-10-03,christine.anderson@atsbc.com,true,,Chief Executive Officer,1,false,2024-01-26,2026-09-01
501748,101653,15929906,2015-11-30,,michelle.thomas@agidel-insurance.com,false,(759) 353-3919,Chief Executive Officer,1,false,2025-03-04,2026-09-01
501749,101654,15963777,2022-10-11,,charles.garcia@fullcircledigital.marketing,true,,Chief Executive Officer,1,false,2026-12-29,2026-09-01
501750,101655,15968113,2022-10-05,,dorothy.lee@highland-ds.com,true,,Chief Executive Officer,1,false,2025-02-21,2026-09-01
501751,101656,15987541,2023-07-19,,rebecca.taylor@mdrpsy.com,true,(715) 719-1875,Chief Executive Officer,1,false,2024-03-28,2026-09-01
501752,101657,15990030,2018-11-05,2022-06-24,,false,(766) 546-1770,Chief Executive Officer,1,false,2025-05-08,2026-09-01
501753,101658,15990030,2023-12-16,,,false,(233) 502-8451,President,1,false,2024-11-21,2026-09-01
501754,101659,15990030,2020-05-09,,anna.torres@noahsarkroofingaz.com,true,(894) 207-8799,Head of Product,3,false,2025-07-24,2026-09-01
501755,101660,15990030,2022-03-08,,betty.jackson@noahsarkroofingaz.com,false,(744) 895-3254,Head of Finance,3,false,2024-05-10,2026-09-01
501756,101661,15992611,2015-02-25,2023-08-15,helen.kelly@soundinnovations.com,false,,Chief Executive Officer,1,false,2026-12-30,2026-09-01
501757,101662,15992611,2019-05-10,,rebecca.morales@soundinnovations.com,false,(659) 206-4540,Owner,1,false,2024-04-16,2026-09-01
501758,101663,15992611,2024-04-19,2024-03-31,timothy.white@soundinnovations.com,false,,Founder,1,false,2026-12-23,2026-09-01
501759,101664,16028569,2023-04-23,2023-03-01,andrew.johnson@material-methods.com,false,,Chief Executive Officer,1,false,2024-10-04,2026-09-01
501760,101664,16028569,2024-06-21,,andrew.johnson@material-methods.com,false,,Chief Executive Officer,1,false,2025-11-25,2026-09-01
501761,101665,16028569,2021-05-17,,mary.ramirez@material-methods.com,true,(671) 975-7078,Chief Operating Officer,2,false,2025-04-18,2026-09-01
501762,101666,16029139,2017-11-21,,lisa.gomez@waterequity.com,true,(704) 502-6270,Chief Executive Officer,1,false,2024-10-07,2026-09-01
501763,101666,16029139,2018-08-09,,lisa.gomez@waterequity.com,false,(704) 502-6270,Chief Executive Officer,1,false,2025-07-30,2026-09-01
501764,101667,16029139,2020-10-05,2026-04-02,sharon.garcia@waterequity.com,false,,Chief Technology Officer,2,false,2024-09-04,2026-09-01
501765,101668,16063712,2016-05-20,,brian.hall@indigenousculinary.ca,true,(902) 579-3447,Chief Executive Officer,1,false,2025-10-06,2026-09-01
501766,101669,16063712,2024-06-04,2026-05-16,,false,(618) 305-7881,Director of Sales,3,false,2024-03-03,2026-09-01
501767,101670,16080118,2015-09-15,,samantha.martin@yivster.com,true,,Chief Executive Officer,1,false,2024-05-25,2026-09-01
501768,101671,16080220,2018-11-21,,james.rodriguez@rdva.com,true,(523) 633-1884,Chief Executive Officer,1,false,2026-02-03,2026-09-01
501769,101672,16127258,2022-12-16,,elizabeth.clark@whoopywipes.com,false,,Chief Executive Officer,1,false,2026-01-18,2026-09-01
501770,101673,16128955,2024-07-03,,kenneth.reyes@1416lagrange.com,true,(645) 961-5920,Chief Executive Officer,1,false,2026-05-29,2026-09-01
501771,101674,16128955,2018-08-13,,jessica.kelly@1416lagrange.com,true,,President,1,false,2026-07-31,2026-09-01
501772,101675,16130227,2024-03-01,2026-09-08,melissa.reyes@quint.co,false,,Chief Executive Officer,1,false,2024-09-29,2026-09-01
501773,101676,16130227,2024-09-27,,ashley.morris@quint.co,false,,Director of Sales,3,false,2025-05-06,2026-09-01
501774,101677,16130227,2017-11-23,2022-04-24,ashley.smith@quint.co,true,(671) 585-4061,Director of Sales,3,false,2024-11-22,2026-09-01
501775,101678,16130227,2022-09-10,2025-03-24,charles.brown@quint.co,false,(247) 339-4904,Managing Partner,1,false,2024-01-01,2026-09-01
501776,101679,16131288,2024-03-12,,sandra.thompson@primevault.com,false,(888) 694-6429,Chief Executive Officer,1,false,2025-07-04,2026-09-01
501777,101680,16131288,2019-12-18,,margaret.hill@primevault.com,true,,Owner,1,false,2024-05-22,2026-09-01
501778,101681,16135949,2019-06-20,,jessica.brown@txproblemsolvers.com,false,(943) 718-1553,Chief Executive Officer,1,false,2026-09-06,2026-09-01
501779,101681,16135949,2021-06-26,,jessica.brown@txproblemsolvers.com,false,(943) 718-1553,Chief Executive Officer,1,false,2024-01-08,2026-09-01
501780,101682,16135949,2019-03-31,,paul.young@txproblemsolvers.com,true,,Chief Financial Officer,2,false,2025-10-03,2026-09-01
501781,101683,16135949,2018-03-24,2018-06-03,heather.parker@txproblemsolvers.com,true,,General Manager,3,false,2025-09-01,2026-09-01
501782,101684,16135949,2022-07-29,,amy.edwards@txproblemsolvers.com,true,,Owner,1,false,2026-01-21,2026-09-01
501783,101685,16138711,2024-11-25,,rebecca.moore@stargate.finance,false,(565) 849-7611,Chief Executive Officer,1,false,2026-04-23,2026-09-01
501784,101686,16138711,2021-09-03,,charles.johnson@stargate.finance,true,,VP of Operations,3,false,2024-08-01,2026-09-01
501785,101687,16153461,2019-10-17,2025-12-15,emma.kelly@accessibility101.org,true,(279) 463-9291,Chief Executive Officer,1,false,2025-10-04,2026-09-01
501786,101687,16153461,2020-07-31,,emma.kelly@accessibility101.org,false,(279) 463-9291,Chief Executive Officer,1,false,2025-03-01,2026-09-01
501787,101688,16175070,2016-06-19,2024-01-22,rebecca.parker@gautobody.com,true,(463) 590-2661,Chief Executive Officer,1,false,2026-12-28,2026-09-01
501788,101689,16197608,2021-08-20,,susan.nelson@jabbeybell.com,true,,Chief Executive Officer,1,false,2025-09-14,2026-09-01
501789,101690,16197608,2019-06-17,,sandra.allen@jabbeybell.com,true,(852) 365-6587,VP of Operations,3,false,2026-10-03,2026-09-01
501790,101691,16197608,2020-11-23,,lisa.edwards@jabbeybell.com,true,(331) 409-8376,General Manager,3,false,2024-04-28,2026-09-01
501791,101692,16213172,2018-06-07,,donna.rodriguez@aicontrolsolutions.com,true,,Chief Executive Officer,1,false,2025-07-09,2026-09-01
501792,101693,16213172,2021-05-12,,rachel.martinez@aicontrolsolutions.com,true,(903) 654-5412,Regional Manager,3,false,2025-05-09,2026-09-01
501793,101694,16217420,2018-07-29,,jeffrey.martin@operatoracademy.org,true,,Chief Executive Officer,1,false,2026-04-12,2026-09-01
501794,101695,16217422,2018-09-04,,anna.davis@operatoracademy.org,true,(735) 608-6283,VP of Marketing,3,false,2026-10-07,2026-09-01
501795,101696,16217420,2018-01-29,2018-08-03,,false,(460) 681-8060,Director of Engineering,3,false,2026-03-02,2026-09-01
501796,101697,16218779,2018-08-24,2019-12-19,carol.gutierrez@milfordrentals.com,true,,Chief Executive Officer,1,false,2025-09-11,2026-09-01
501797,101698,16218779,2023-12-28,,thomas.nguyen@milfordrentals.com,false,(503) 205-3354,Regional Manager,3,false,2026-12-19,2026-09-01
501798,101699,16226169,2024-01-31,,jason.williams@joinkoala.co,false,(246) 837-5887,Chief Executive Officer,1,false,2025-03-10,2026-09-01
501799,101700,16226169,2022-10-12,,,false,,Sales Manager,3,false,2024-04-09,2026-09-01
501800,101701,16228884,2024-06-05,2024-11-09,mark.brown@heyrhody.com,true,(789) 698-3210,Chief Executive Officer,1,false,2024-08-12,2026-09-01
501801,101702,16228884,2020-03-15,2024-03-26,margaret.wright@heyrhody.com,true,(505) 525-1692,Director of Sales,3,false,2026-10-04,2026-09-01
501802,101703,16228884,2018-08-11,,samantha.rodriguez@heyrhody.com,true,,General Manager,3,false,2025-04-01,2026-09-01
501803,101704,16234093,2018-12-20,,carol.howard@fullcanopy.com,true,(245) 438-2474,Chief Executive Officer,1,false,2024-10-13,2026-09-01
501804,101705,16234093,2016-09-21,2017-01-29,sarah.parker@fullcanopy.com,true,(679) 395-6114,VP of Marketing,3,false,2026-06-20,2026-09-01
501805,101706,16234726,2017-04-05,2022-11-09,jonathan.parker@nixonpeabodytrustcompany.com,true,(903) 735-3604,Chief Executive Officer,1,false,2024-09-21,2026-09-01
501806,101707,16234726,2024-01-15,,joseph.flores@nixonpeabodytrustcompany.com,false,(605) 913-9426,Head of Product,3,false,2026-05-10,2026-09-01
501807,101708,16250675,2017-05-09,2021-12-22,mark.perez@rejuvenation-specialists.com,false,(692) 499-9459,Chief Executive Officer,1,false,2024-01-06,2026-09-01
501808,101709,16250675,2022-03-15,,jack.campbell@rejuvenation-specialists.com,false,,Chief Operating Officer,2,false,2024-07-07,2026-09-01
501809,101710,16279016,2019-09-18,,maria.lopez@essexgolf.com,false,(761) 807-1383,Chief Executive Officer,1,false,2026-07-31,2026-09-01
501810,101711,16279016,2022-01-02,,donna.jackson@essexgolf.com,true,,VP of Sales,3,false,2024-11-06,2026-09-01
501811,101712,16292129,2023-12-19,,alexander.kelly@alliedemployerservices.com,true,,Chief Executive Officer,1,false,2026-07-06,2026-09-01
501812,101712,16292129,2024-07-28,,alexander.kelly@alliedemployerservices.com,false,,Chief Executive Officer,1,false,2026-08-12,2026-09-01
501813,101713,16297252,2021-10-03,2024-05-24,justin.adams@worldbosshq.com,true,,Chief Executive Officer,1,false,2026-03-10,2026-09-01
501814,101714,16297252,2020-09-27,,rebecca.murphy@worldbosshq.com,false,,Managing Partner,1,false,2024-02-16,2026-09-01
501815,101715,16297252,2016-09-10,2020-06-22,elizabeth.cooper@worldbosshq.com,true,,Chief Executive Officer,1,false,2025-01-04,2026-09-01
501816,101716,16297252,2021-02-19,,laura.clark@worldbosshq.com,true,(847) 541-2445,HR Manager,3,false,2024-11-12,2026-09-01
501817,101717,16297972,2024-10-16,2026-07-20,,false,(932) 978-1600,Chief Executive Officer,1,false,2024-09-27,2026-09-01
501818,101718,16297972,2017-07-06,2024-12-03,angela.moore@mycobraplan.com,true,(596) 766-4784,Regional Manager,3,false,2026-06-13,2026-09-01
501819,101719,16319450,2018-12-22,,ryan.garcia@amplify.security,false,(430) 395-6543,Chief Executive Officer,1,false,2026-09-24,2026-09-01
501820,101720,16319450,2024-01-12,,,false,,Head of Finance,3,false,2025-03-22,2026-09-01
501821,101721,16369314,2016-06-04,,benjamin.garcia@plangraphics.com,true,,Chief Executive Officer,1,false,2025-03-31,2026-09-01
501822,101722,16377190,2017-03-23,,emily.king@reeldealobx.com,true,(863) 530-1806,Chief Executive Officer,1,false,2024-08-21,2026-09-01
501823,101723,16377190,2023-05-05,2026-08-01,angela.morgan@reeldealobx.com,true,(746) 816-2223,Regional Manager,3,false,2026-07-11,2026-09-01
501824,101724,16377190,2024-01-08,,,false,(437) 854-5957,Managing Partner,1,false,2025-06-30,2026-09-01
501825,101725,16377797,2016-07-05,,kimberly.evans@virtualworlds.museum,true,(267) 642-4570,Chief Executive Officer,1,false,2026-10-18,2026-09-01
501826,101726,16377797,2020-08-02,,patricia.robinson@virtualworlds.museum,true,,Chief Financial Officer,2,false,2024-11-24,2026-09-01
501827,101727,16451989,2018-05-14,2026-04-05,christopher.cruz@motekjewelry.com,true,(432) 432-3868,Chief Executive Officer,1,false,2025-12-11,2026-09-01
501828,101728,16451989,2017-04-29,2025-11-30,brenda.clark@motekjewelry.com,true,(598) 224-8644,VP of Marketing,3,false,2026-08-22,2026-09-01
501829,101729,16451989,2023-05-02,,kevin.bailey@motekjewelry.com,true,,Director of Sales,3,false,2025-08-03,2026-09-01
501830,101730,16454296,2023-11-01,,gary.wright@pulmonary-performance.com,true,,Chief Executive Officer,1,false,2026-09-09,2026-09-01
501831,101731,16454296,2021-04-22,2026-06-18,jason.rodriguez@pulmonary-performance.com,true,,Founder,1,false,2025-08-12,2026-09-01
501832,101731,16454296,2021-09-21,,jason.rodriguez@pulmonary-performance.com,false,,Founder,1,false,2024-09-13,2026-09-01
501833,101732,16454296,2024-02-08,2025-12-13,charles.perez@pulmonary-performance.com,true,(447) 406-1469,Managing Partner,1,false,2024-03-01,2026-09-01
501834,101733,16454296,2019-08-30,,stephanie.reed@pulmonary-performance.com,true,(391) 319-4090,HR Manager,3,false,2026-02-12,2026-09-01
501835,101734,16502240,2022-08-17,,elizabeth.smith@propertystewards.com,false,(337) 331-3189,Chief Executive Officer,1,false,2024-03-22,2026-09-01
501836,101735,16502240,2020-06-22,,catherine.gomez@propertystewards.com,true,(767) 426-7897,Chief Financial Officer,2,false,2024-07-11,2026-09-01
501837,101736,16543984,2017-10-01,,,false,,Chief Executive Officer,1,false,2025-12-18,2026-09-01
501838,101737,16543984,2024-09-27,,emily.phillips@holtmeadow.com,true,(644) 514-3295,VP of Operations,3,false,2024-08-13,2026-09-01
501839,101738,16546892,2018-12-29,,dennis.taylor@graystrategicpartners.com,false,(827) 848-6486,Chief Executive Officer,1,false,2025-01-09,2026-09-01
501840,101739,16563147,2022-08-30,2025-01-30,kimberly.lopez@plfpa.org,true,(413) 477-5727,Chief Executive Officer,1,false,2024-10-15,2026-09-01
501841,101740,16563147,2020-04-04,,margaret.peterson@plfpa.org,true,,Managing Partner,1,false,2024-05-15,2026-09-01
501842,101741,16596258,2019-01-04,2021-12-03,edward.hernandez@burketaxlaw.com,true,,Chief Executive Officer,1,false,2026-07-26,2026-09-01
501843,101742,16600538,2017-03-06,2022-12-05,kenneth.ramirez@rezeksolutions.com,true,(635) 297-9418,Chief Executive Officer,1,false,2026-10-25,2026-09-01
501844,101742,16600538,2017-07-24,,kenneth.ramirez@rezeksolutions.com,false,(635) 297-9418,Chief Executive Officer,1,false,2026-09-10,2026-09-01
501845,101743,16600538,2015-12-12,,,false,,VP of Sales,3,false,2024-05-12,2026-09-01
501846,101744,16610598,2018-08-04,,,false,(615) 846-9593,Chief Executive Officer,1,false,2024-09-20,2026-09-01
501847,101745,16610598,2016-08-07,,gary.peterson@ezcapital.com,true,(761) 867-1037,Marketing Manager,3,false,2025-02-09,2026-09-01
501848,101746,16657133,2022-07-28,,elizabeth.mitchell@lvpaiutegolf.com,true,(907) 543-1309,Chief Executive Officer,1,false,2024-12-10,2026-09-01
501849,101747,16657133,2020-05-21,2023-07-14,,false,(227) 613-7698,President,1,false,2024-06-03,2026-09-01
501850,101748,16657133,2016-01-26,,matthew.miller@lvpaiutegolf.com,true,,Head of Finance,3,false,2025-05-26,2026-09-01
501851,101749,16684396,2022-05-06,2025-09-20,,false,,Chief Executive Officer,1,false,2024-04-04,2026-09-01
501852,101750,16684396,2018-06-10,2024-06-16,emily.jones@oaecheer.com,false,,President,1,false,2025-04-11,2026-09-01
501853,101751,16684396,2016-04-23,,sandra.ramos@oaecheer.com,false,,Director of Engineering,3,false,2025-06-04,2026-09-01
501854,101752,16815306,2016-12-13,,alexander.torres@magnoliaroofssc.com,true,,Chief Executive Officer,1,false,2025-12-31,2026-09-01
501855,101753,16815306,2022-06-04,,lisa.cook@magnoliaroofssc.com,true,(840) 448-5533,Regional Manager,3,false,2026-01-08,2026-09-01
501856,101754,16815306,2024-05-12,,jason.smith@magnoliaroofssc.com,true,,Office Manager,3,false,2024-12-29,2026-09-01
501857,101755,16884669,2024-07-09,,stephanie.mitchell@rcclinicalresearch.com,true,(424) 455-7624,Chief Executive Officer,1,false,2025-08-13,2026-09-01
501858,101756,16884669,2023-07-30,,andrew.morales@rcclinicalresearch.com,true,,Regional Manager,3,false,2025-04-22,2026-09-01
501859,101757,16884669,2023-05-22,2024-08-16,melissa.young@rcclinicalresearch.com,false,(617) 330-6555,Managing Partner,1,false,2026-03-06,2026-09-01
501860,101758,16884669,2020-04-28,2025-02-17,helen.turner@rcclinicalresearch.com,true,,Principal,2,false,2026-05-06,2026-09-01
501861,101759,16971031,2021-08-14,,stephen.lewis@smtrucking.ns.ca,true,(503) 779-8706,Chief Executive Officer,1,false,2024-06-07,2026-09-01
501862,101760,16971031,2019-06-01,,timothy.peterson@smtrucking.ns.ca,true,(712) 285-2663,Director of Engineering,3,false,2025-02-06,2026-09-01
501863,101761,16971031,2024-01-17,2024-09-24,,false,,Co-Founder,1,false,2026-02-16,2026-09-01
501864,101761,16971031,2024-12-06,,,false,,Co-Founder,1,false,2024-01-09,2026-09-01
501865,101762,16993387,2019-05-11,,emily.morgan@netegrityconsultants.com,false,(347) 966-3694,Chief Executive Officer,1,false,2026-04-10,2026-09-01
501866,101763,16993387,2015-02-16,2020-11-18,brenda.moore@netegrityconsultants.com,true,(966) 799-5924,Chief Financial Officer,2,false,2024-06-12,2026-09-01
501867,101764,16993387,2021-05-12,,jessica.taylor@netegrityconsultants.com,true,(592) 935-5786,President,1,false,2026-07-13,2026-09-01
501868,101765,16993387,2017-06-22,,betty.ramos@netegrityconsultants.com,false,(429) 423-6384,Chief Executive Officer,1,false,2026-03-08,2026-09-01
501869,101766,17026262,2021-09-30,2021-05-19,jerry.kelly@usefinbox.com,true,,Chief Executive Officer,1,false,2024-06-15,2026-09-01
501870,101767,17034068,2020-12-25,,andrew.ramirez@barrelandflow.com,false,(410) 902-5483,Chief Executive Officer,1,false,2025-06-27,2026-09-01
501871,101768,17121545,2023-08-27,2024-09-30,scott.ramirez@belmarroofing.com,true,(927) 804-2360,Chief Executive Officer,1,false,2024-11-26,2026-09-01
501872,101769,17121545,2019-07-14,,anna.lopez@belmarroofing.com,true,(627) 627-2950,Founder,1,false,2024-05-28,2026-09-01
501873,101770,17299650,2017-03-19,2017-09-09,ashley.nguyen@4fcfood.com,true,(261) 414-6230,Chief Executive Officer,1,false,2024-07-15,2026-09-01
501874,101771,17299650,2018-08-19,,,false,(591) 260-2308,Principal,2,false,2024-07-21,2026-09-01
501875,101772,17336893,2016-01-12,2025-06-04,amy.anderson@qualityproduceinc.com,true,(870) 290-5740,Chief Executive Officer,1,false,2025-09-04,2026-09-01
501876,101773,17336893,2021-10-24,2025-11-22,justin.flores@qualityproduceinc.com,true,,Office Manager,3,false,2026-11-10,2026-09-01
501877,101774,17336893,2021-03-19,,joshua.reyes@qualityproduceinc.com,false,(819) 273-4913,Director of Sales,3,false,2026-10-19,2026-09-01
501878,101775,17337166,2015-09-30,,gregory.carter@adtlab.com,false,(877) 389-7365,Chief Executive Officer,1,false,2025-12-06,2026-09-01
501879,101776,17337166,2015-01-09,2023-02-24,nancy.young@adtlab.com,false,(957) 519-2229,Head of Product,3,false,2024-05-13,2026-09-01
501880,101777,17337166,2020-11-23,,paul.miller@adtlab.com,true,(828) 482-9529,Marketing Manager,3,false,2026-03-10,2026-09-01
501881,101778,17337166,2019-02-21,2026-01-19,william.nelson@adtlab.com,true,(426) 259-1501,General Manager,3,false,2025-11-28,2026-09-01
501882,101779,17341865,2017-01-24,,gregory.phillips@jferrellcustomtrucks.com,true,,Chief Executive Officer,1,false,2026-07-22,2026-09-01
501883,101780,17369431,2024-05-28,2026-02-13,,false,(869) 481-2822,Chief Executive Officer,1,false,2026-11-08,2026-09-01
501884,101781,17369431,2023-10-31,,edward.johnson@altitudets.com,true,,Sales Manager,3,false,2024-07-29,2026-09-01
501885,101782,17522583,2016-05-13,,,false,(396) 713-2823,Chief Executive Officer,1,false,2024-11-26,2026-09-01
501886,101783,17522583,2021-03-27,2021-02-23,maria.gonzalez@lime42.com,true,,Owner,1,false,2026-08-22,2026-09-01
501887,101784,17898777,2015-06-09,,,false,,Chief Executive Officer,1,false,2025-07-02,2026-09-01
501888,101785,17906822,2016-04-26,,sandra.mitchell@justsayso.co,true,(207) 647-5739,Chief Executive Officer,1,false,2026-01-06,2026-09-01
501889,101786,17906822,2015-04-30,2015-05-21,ashley.hall@justsayso.co,true,(675) 736-4936,Managing Partner,1,false,2024-02-18,2026-09-01
501890,101787,17906822,2018-05-19,2021-09-25,kenneth.cruz@justsayso.co,true,(929) 537-4974,President,1,false,2024-09-15,2026-09-01
501891,101788,17911076,2022-03-12,,richard.king@mdcoolingservices.com,true,,Chief Executive Officer,1,false,2025-04-02,2026-09-01
501892,101788,17911076,2023-03-31,,richard.king@mdcoolingservices.com,false,,Chief Executive Officer,1,false,2025-12-06,2026-09-01
501893,101789,17911076,2020-03-18,,ryan.torres@mdcoolingservices.com,true,(927) 225-4724,Office Manager,3,false,2024-10-25,2026-09-01
501894,101790,17952585,2023-08-13,2024-07-23,helen.cruz@greenpowerls.com,false,,Chief Executive Officer,1,false,2024-01-02,2026-09-01
501895,101791,17952585,2019-01-11,,scott.kelly@greenpowerls.com,true,(250) 906-5883,Controller,3,false,2026-05-28,2026-09-01
501896,101791,17952585,2019-05-17,,scott.kelly@greenpowerls.com,false,(250) 906-5883,Controller,3,false,2024-04-09,2026-09-01
501897,101792,17952585,2019-03-01,,stephen.adams@greenpowerls.com,false,(439) 663-5478,Director of Sales,3,false,2026-03-28,2026-09-01
501898,101793,17962431,2020-05-15,,barbara.lewis@erosionconstructionsolutions.com,true,(724) 487-4185,Chief Executive Officer,1,false,2024-11-25,2026-09-01
501899,101794,17962431,2023-09-05,,joshua.ramos@erosionconstructionsolutions.com,true,,Director of Sales,3,false,2025-01-04,2026-09-01
501900,101795,17973612,2023-01-28,,mary.morgan@aromha.com,false,(329) 515-2812,Chief Executive Officer,1,false,2026-03-26,2026-09-01
501901,101796,17973612,2018-02-28,,catherine.jackson@aromha.com,true,,Head of Product,3,false,2024-02-28,2026-09-01
501902,101797,17973612,2016-10-26,2020-02-20,joshua.rogers@aromha.com,true,,Office Manager,3,false,2025-05-04,2026-09-01
501903,101798,17974687,2024-02-02,2026-03-03,gregory.jackson@haggenmillerlumber.com,false,(284) 529-9811,Chief Executive Officer,1,false,2025-07-26,2026-09-01
501904,101798,17974687,2024-10-13,,gregory.jackson@haggenmillerlumber.com,false,(284) 529-9811,Chief Executive Officer,1,false,2026-06-10,2026-09-01
501905,101799,17977663,2016-10-04,,,false,,Chief Executive Officer,1,false,2024-09-25,2026-09-01
501906,101799,17977663,2016-06-27,,,false,,Chief Executive Officer,1,false,2026-04-14,2026-09-01
501907,101800,18054742,2016-05-31,,jerry.thompson@michaelwenrich.com,true,(205) 605-4625,Chief Executive Officer,1,false,2025-03-17,2026-09-01
501908,101801,18054742,2015-02-01,2016-01-05,emma.thompson@michaelwenrich.com,true,(509) 744-6870,VP of Sales,3,false,2024-04-09,2026-09-01
501909,101802,18103004,2015-09-11,2015-06-27,ashley.ramirez@aerocollision.com,false,,Chief Executive Officer,1,false,2025-11-30,2026-09-01
501910,101803,18104196,2023-04-19,,lisa.baker@slcollisionhawthorne.com,true,,Chief Executive Officer,1,false,2025-09-25,2026-09-01
501911,101803,18104196,2025-07-09,,lisa.baker@slcollisionhawthorne.com,false,,Chief Executive Officer,1,false,2024-10-19,2026-09-01
501912,101804,18111290,2019-04-27,,paul.hall@foxautoservices.com,true,,Chief Executive Officer,1,false,2026-12-30,2026-09-01
501913,101805,18125494,2023-06-28,,edward.nguyen@chart-tank.com,true,(321) 829-5844,Chief Executive Officer,1,false,2024-08-01,2026-09-01
501914,101806,18127519,2021-06-15,2021-12-21,,false,,Chief Executive Officer,1,false,2025-10-19,2026-09-01
501915,101807,18127519,2023-02-02,,linda.hall@cofdance.com,false,,Founder,1,false,2025-05-18,2026-09-01
501916,101808,18137108,2018-10-05,2019-09-12,kathleen.peterson@celerityrisk.com,false,(847) 637-4350,Chief Executive Officer,1,false,2026-09-22,2026-09-01
501917,101809,18183674,2019-02-14,,amanda.howard@fourscoresolutions.com,true,(491) 862-9398,Chief Executive Officer,1,false,2024-06-20,2026-09-01
501918,101810,18199271,2017-11-29,,nicole.flores@vssports.us,true,(274) 412-3346,Chief Executive Officer,1,false,2026-10-25,2026-09-01
501919,101811,18199271,2020-05-14,,catherine.young@vssports.us,true,,Director of Sales,3,false,2025-06-12,2026-09-01
501920,101812,18199271,2021-05-24,2024-10-28,larry.morgan@vssports.us,true,(708) 622-6611,Business Development Manager,3,false,2026-12-08,2026-09-01
501921,101813,18257239,2017-06-22,,christine.brown@hackettmiller.com,true,(486) 523-6659,Chief Executive Officer,1,false,2026-09-28,2026-09-01
501922,101814,18257239,2023-06-05,,rachel.diaz@hackettmiller.com,true,,Director of Engineering,3,false,2026-04-21,2026-09-01
501923,101815,18257239,2024-02-17,,jeffrey.lewis@hackettmiller.com,false,(363) 368-5565,Marketing Manager,3,false,2026-01-22,2026-09-01
501924,101816,18270455,2024-09-18,,sarah.green@happyglobalinc.com,false,(312) 346-1888,Chief Executive Officer,1,false,2026-07-05,2026-09-01
501925,101817,18270455,2022-11-16,2024-06-21,justin.taylor@happyglobalinc.com,true,(436) 957-6235,Chief Technology Officer,2,false,2025-03-17,2026-09-01
501926,101818,18285805,2018-03-21,,sarah.martinez@alloydelectrical.co.uk,true,(763) 906-1102,Chief Executive Officer,1,false,2026-08-07,2026-09-01
501927,101819,18285805,2020-02-23,2022-07-31,joshua.parker@alloydelectrical.co.uk,true,(498) 914-1850,Owner,1,false,2026-12-20,2026-09-01
501928,101820,18285805,2017-03-01,,james.white@alloydelectrical.co.uk,true,(347) 992-4981,VP of Operations,3,false,2024-11-15,2026-09-01
501929,101821,18287926,2018-04-11,,rachel.wright@lawhive.com,false,(227) 250-9486,Chief Executive Officer,1,false,2026-03-05,2026-09-01
501930,101822,18287926,2019-09-29,,stephanie.cruz@lawhive.com,true,(409) 970-4481,Regional Manager,3,false,2026-02-19,2026-09-01
501931,101822,18287926,2021-11-09,,stephanie.cruz@lawhive.com,false,(409) 970-4481,Regional Manager,3,false,2024-12-06,2026-09-01
501932,101823,18287926,2022-10-27,2022-01-18,timothy.lewis@lawhive.com,true,(941) 957-2405,Chief Technology Officer,2,false,2025-06-02,2026-09-01
501933,101824,18287926,2021-04-22,,betty.smith@lawhive.com,true,(813) 336-1393,VP of Operations,3,false,2025-07-27,2026-09-01
501934,101825,18288919,2018-11-14,,joseph.harris@breakaway365.com,true,,Chief Executive Officer,1,false,2024-05-02,2026-09-01
501935,101826,18288919,2018-03-16,2018-10-07,maria.lopez@breakaway365.com,false,(721) 790-1585,Founder,1,false,2024-05-05,2026-09-01
501936,101827,18288919,2020-09-15,,michael.smith@breakaway365.com,true,,Co-Founder,1,false,2025-11-07,2026-09-01
501937,101828,18534448,2020-10-15,,susan.scott@vazirgroup.com,true,(212) 305-7607,Chief Executive Officer,1,false,2026-07-05,2026-09-01
501938,101829,18534448,2021-10-27,2026-03-10,michelle.collins@vazirgroup.com,true,,Marketing Manager,3,false,2024-07-29,2026-09-01
501939,101830,18731612,2023-12-17,,frank.bailey@cakemembers.com,true,,Chief Executive Officer,1,false,2024-06-23,2026-09-01
501940,101831,18731612,2018-12-30,,rachel.wilson@cakemembers.com,true,,Office Manager,3,false,2025-02-17,2026-09-01
501941,101832,19502984,2017-11-12,,david.stewart@healthyme.io,true,(412) 583-4106,Chief Executive Officer,1,false,2025-12-13,2026-09-01
501942,101833,19504018,2022-05-25,2024-08-16,karen.cooper@marathonwastetransfer.com,true,,Chief Executive Officer,1,false,2026-09-14,2026-09-01
501943,101834,19504018,2024-02-18,2026-05-21,,false,,Founder,1,false,2026-05-26,2026-09-01
501944,101835,21591525,2017-11-10,,anthony.smith@leverage.build,true,(640) 806-4636,Chief Executive Officer,1,false,2024-05-05,2026-09-01
501945,101836,21591525,2018-05-13,,karen.rogers@leverage.build,true,,Owner,1,false,2024-01-10,2026-09-01
501946,101837,21596673,2016-05-10,,matthew.smith@training.algonquincollege.com,true,(680) 666-2899,Chief Executive Officer,1,false,2024-10-14,2026-09-01
501947,101838,21596673,2023-10-01,,thomas.johnson@training.algonquincollege.com,false,(599) 403-1017,Chief Technology Officer,2,false,2024-06-18,2026-09-01
501948,101839,21601593,2024-07-08,,emily.jackson@extellis.com,true,(253) 557-8920,Chief Executive Officer,1,false,2026-08-19,2026-09-01
501949,101840,21602130,2023-08-19,,carolyn.diaz@savagegroup.biz,false,,Chief Executive Officer,1,false,2026-02-12,2026-09-01
501950,101841,21602130,2016-09-15,2025-03-29,susan.carter@savagegroup.biz,true,(216) 217-7007,VP of Sales,3,false,2024-10-10,2026-09-01
501951,101842,21610442,2024-05-24,2024-06-04,carolyn.campbell@hbeventrentals.com,true,,Chief Executive Officer,1,false,2025-05-14,2026-09-01
501952,101843,21620494,2022-12-13,,,false,(244) 270-7503,Chief Executive Officer,1,false,2024-11-06,2026-09-01
501953,101844,21620494,2018-11-29,,christine.young@dunrovinranchmontana.com,true,,Chief Executive Officer,1,false,2025-06-19,2026-09-01
501954,101845,21620494,2018-03-29,,amy.ramos@dunrovinranchmontana.com,true,(408) 425-6220,Head of Product,3,false,2026-01-03,2026-09-01
501955,101846,21654670,2022-12-21,,paul.kelly@nateshoney.com,true,,Chief Executive Officer,1,false,2026-03-04,2026-09-01
501956,101847,21662789,2020-10-24,2024-05-28,donald.martin@northpathpm.com,true,,Chief Executive Officer,1,false,2025-06-24,2026-09-01
501957,101848,21662789,2018-04-03,2018-05-21,barbara.murphy@northpathpm.com,true,(710) 885-3105,Principal,2,false,2024-10-16,2026-09-01
501958,101848,21662789,2020-03-12,,barbara.murphy@northpathpm.com,false,(710) 885-3105,Principal,2,false,2024-04-11,2026-09-01
501959,101849,21700759,2024-11-09,,edward.williams@antoneverest.com,true,(867) 407-1934,Chief Executive Officer,1,false,2025-04-25,2026-09-01
501960,101850,21700759,2024-02-08,2024-04-29,brenda.baker@antoneverest.com,false,(590) 812-4289,Sales Manager,3,false,2024-03-18,2026-09-01
501961,101851,21711142,2022-03-21,,scott.ramos@tcpalmerlaw.com,false,,Chief Executive Officer,1,false,2025-07-24,2026-09-01
501962,101852,21711142,2021-12-21,,eric.anderson@tcpalmerlaw.com,false,(384) 839-1828,Managing Partner,1,false,2025-06-21,2026-09-01
501963,101853,21726663,2020-10-30,2026-06-01,rebecca.diaz@virchowmed.com,true,(343) 340-8030,Chief Executive Officer,1,false,2026-07-28,2026-09-01
501964,101854,21726663,2015-10-29,,ronald.perez@virchowmed.com,true,(555) 935-4609,VP of Marketing,3,false,2024-06-29,2026-09-01
501965,101854,21726663,2016-12-15,,ronald.perez@virchowmed.com,false,(555) 935-4609,VP of Marketing,3,false,2025-03-10,2026-09-01
501966,101855,21731058,2021-04-03,,jack.young@centrum-ai.com,false,,Chief Executive Officer,1,false,2025-09-23,2026-09-01
501967,101856,21731058,2022-04-06,2026-01-31,amy.sanchez@centrum-ai.com,false,(617) 951-6832,Sales Manager,3,false,2026-09-21,2026-09-01
501968,101857,21733211,2015-04-11,2023-11-23,richard.rogers@circuitevsolutions.com,true,(738) 880-6857,Chief Executive Officer,1,false,2024-11-26,2026-09-01
501969,101858,21733211,2019-10-08,,gregory.ortiz@circuitevsolutions.com,true,,Director of Sales,3,false,2026-11-20,2026-09-01
501970,101858,21733211,2020-02-03,,gregory.ortiz@circuitevsolutions.com,false,,Director of Sales,3,false,2026-07-05,2026-09-01
501971,101859,21735743,2016-03-10,2019-10-30,william.gomez@composer.me,true,(447) 525-9772,Chief Executive Officer,1,false,2026-09-10,2026-09-01
501972,101860,21735743,2015-04-13,,lisa.peterson@composer.me,false,(707) 589-5855,Sales Manager,3,false,2026-01-26,2026-09-01
501973,101861,21760697,2024-03-24,2025-12-22,kenneth.brown@everforth.com,true,(392) 785-2146,Chief Executive Officer,1,false,2025-12-19,2026-09-01
501974,101862,21760697,2016-04-12,,jerry.cruz@everforth.com,true,,Managing Partner,1,false,2026-05-27,2026-09-01
501975,101862,21760697,2018-01-09,,jerry.cruz@everforth.com,false,,Managing Partner,1,false,2024-03-30,2026-09-01
501976,101863,21766110,2023-09-06,2024-02-06,kimberly.wright@abcsandrock.com,false,(841) 438-1272,Chief Executive Officer,1,false,2024-07-27,2026-09-01
501977,101864,21766110,2022-03-21,,eric.edwards@abcsandrock.com,true,,Owner,1,false,2024-03-14,2026-09-01
501978,101865,21775494,2017-07-19,,dennis.williams@capitalprocessservice.com,true,,Chief Executive Officer,1,false,2025-03-07,2026-09-01
501979,101866,21859623,2016-07-22,2025-01-09,robert.roberts@kentongrantconsulting.com,true,(594) 866-7938,Chief Executive Officer,1,false,2026-01-14,2026-09-01
501980,101867,21859623,2015-04-12,,amy.sanchez@kentongrantconsulting.com,true,,Store Manager,3,false,2024-07-07,2026-09-01
501981,101868,22984284,2015-09-26,2024-08-16,michelle.gomez@waypointca.com,true,,Chief Executive Officer,1,false,2026-05-07,2026-09-01
501982,101869,22984284,2023-10-27,2024-04-13,timothy.murphy@waypointca.com,true,(474) 718-4248,General Manager,3,false,2025-12-24,2026-09-01
501983,101870,22984284,2019-05-24,,anthony.campbell@waypointca.com,true,(706) 421-8113,Sales Manager,3,false,2025-05-07,2026-09-01
