id,firstname,middlename,lastname,linkedin,facebook,twitter,website,city,state,country,deleted,statecode,countrycode,modifieddate,loaddate
100001,Patricia,,Scott,https://www.linkedin.com/in/patricia-scott-27,,,,,,United States,false,,US,2024-07-28,2026-09-01
100002,Alexander,,Cooper,,,,,,,United States,false,,US,2026-05-14,2026-09-01
100003,Karen,,Ramirez,https://www.linkedin.com/in/karen-ramirez-53,,,,,,United States,false,,US,2024-07-28,2026-09-01
100004,Jonathan,,Thomas,https://www.linkedin.com/in/jonathan-thomas-58,,,,,,United States,false,,US,2024-06-10,2026-09-01
100005,Stephen,,Nguyen,https://www.linkedin.com/in/stephen-nguyen-89,,,,,,United States,false,,US,2026-01-10,2026-09-01
100006,Pamela,,Harris,https://www.linkedin.com/in/pamela-harris-15,,,,,,United States,false,,US,2025-04-11,2026-09-01
100007,Andrew,,Rodriguez,https://www.linkedin.com/in/andrew-rodriguez-82,,,,,,United States,false,,US,2025-10-06,2026-09-01
100008,Justin,,Phillips,https://www.linkedin.com/in/justin-phillips-27,,,,,,United States,false,,US,2026-11-09,2026-09-01
100009,Amy,,Lopez,https://www.linkedin.com/in/amy-lopez-24,,,,,,United States,false,,US,2024-11-09,2026-09-01
100010,Ryan,,Smith,https://www.linkedin.com/in/ryan-smith-43,,,,,,United States,false,,US,2026-10-22,2026-09-01
100011,Maria,,Thompson,https://www.linkedin.com/in/maria-thompson-23,,,,,,United States,false,,US,2025-09-03,2026-09-01
100012,Maria,,Morgan,https://www.linkedin.com/in/maria-morgan-26,,,,,,United States,false,,US,2026-08-31,2026-09-01
100013,Stephen,,Perez,https://www.linkedin.com/in/stephen-perez-87,,,,,,United States,false,,US,2026-05-16,2026-09-01
100014,Margaret,,Cooper,https://www.linkedin.com/in/margaret-cooper-98,,,,,,United States,false,,US,2025-02-15,2026-09-01
100015,Christine,,Morales,https://www.linkedin.com/in/christine-morales-26,,,,,,United States,false,,US,2026-08-26,2026-09-01
100016,Alexander,,Gonzalez,,,,,,,United States,false,,US,2025-11-25,2026-09-01
100017,Susan,,Young,https://www.linkedin.com/in/susan-young-78,,,,,,United States,false,,US,2026-07-07,2026-09-01
100018,Sarah,,Diaz,https://www.linkedin.com/in/sarah-diaz-69,,,,,,United States,false,,US,2025-05-26,2026-09-01
100019,Linda,,Howard,https://www.linkedin.com/in/linda-howard-17,,,,,,United States,false,,US,2025-10-04,2026-09-01
100020,Stephanie,,Thomas,https://www.linkedin.com/in/stephanie-thomas-82,,,,,,United States,false,,US,2025-05-19,2026-09-01
100021,Justin,,Kim,,,,,,,United States,false,,US,2024-06-16,2026-09-01
100022,Rebecca,,Howard,https://www.linkedin.com/in/rebecca-howard-50,,,,,,United States,false,,US,2025-06-18,2026-09-01
100023,Katherine,,Ortiz,,,,,,,United States,false,,US,2025-09-05,2026-09-01
100024,Gregory,,Wilson,https://www.linkedin.com/in/gregory-wilson-27,,,,,,United States,false,,US,2025-06-25,2026-09-01
100025,Joseph,,Wilson,https://www.linkedin.com/in/joseph-wilson-29,,,,,,United States,false,,US,2025-07-11,2026-09-01
100026,Paul,,Cox,https://www.linkedin.com/in/paul-cox-53,,,,,,United States,false,,US,2025-02-20,2026-09-01
100027,Daniel,,Evans,,,,,,,United States,false,,US,2025-11-11,2026-09-01
100028,Timothy,,Young,https://www.linkedin.com/in/timothy-young-99,,,,,,United States,false,,US,2024-08-09,2026-09-01
100029,Edward,,Jones,https://www.linkedin.com/in/edward-jones-38,,,,,,United States,false,,US,2025-02-12,2026-09-01
100030,Ryan,,Hall,https://www.linkedin.com/in/ryan-hall-39,,,,,,United States,false,,US,2025-04-01,2026-09-01
100031,Jessica,,Hill,https://www.linkedin.com/in/jessica-hill-95,,,,,,United States,false,,US,2026-04-16,2026-09-01
100032,Dorothy,,Phillips,https://www.linkedin.com/in/dorothy-phillips-80,,,,,,United States,false,,US,2024-09-17,2026-09-01
100033,Jack,,Perez,https://www.linkedin.com/in/jack-perez-46,,,,,,United States,false,,US,2026-11-21,2026-09-01
100034,Gregory,,Richardson,https://www.linkedin.com/in/gregory-richardson-40,,,,,,United States,false,,US,2025-09-27,2026-09-01
100035,Mark,,Sanchez,,,,,,,United States,false,,US,2024-04-04,2026-09-01
100036,Ashley,,Stewart,https://www.linkedin.com/in/ashley-stewart-19,,,,,,United States,false,,US,2026-07-21,2026-09-01
100037,Heather,,Gutierrez,https://www.linkedin.com/in/heather-gutierrez-40,,,,,,United States,false,,US,2025-07-16,2026-09-01
100038,Patrick,,Ramirez,,,,,,,United States,false,,US,2026-04-14,2026-09-01
100039,Kevin,,Cooper,https://www.linkedin.com/in/kevin-cooper-17,,,,,,United States,false,,US,2025-02-27,2026-09-01
100040,Gary,,Brown,https://www.linkedin.com/in/gary-brown-95,,,,,,United States,false,,US,2026-04-08,2026-09-01
100041,Cynthia,,White,,,,,,,United States,false,,US,2026-02-15,2026-09-01
100042,Dorothy,,Ramirez,https://www.linkedin.com/in/dorothy-ramirez-53,,,,,,United States,false,,US,2026-02-15,2026-09-01
100043,Larry,,Ramirez,https://www.linkedin.com/in/larry-ramirez-42,,,,,,United States,false,,US,2026-01-25,2026-09-01
100044,Nancy,,Cox,https://www.linkedin.com/in/nancy-cox-24,,,,,,United States,false,,US,2024-12-01,2026-09-01
100045,Jennifer,,Hall,https://www.linkedin.com/in/jennifer-hall-94,,,,,,United States,false,,US,2026-01-28,2026-09-01
100046,David,,Cook,https://www.linkedin.com/in/david-cook-11,,,,,,United States,false,,US,2026-05-10,2026-09-01
100047,Barbara,,Scott,https://www.linkedin.com/in/barbara-scott-41,,,,,,United States,false,,US,2026-08-09,2026-09-01
100048,Scott,,Scott,https://www.linkedin.com/in/scott-scott-76,,,,,,United States,false,,US,2025-01-26,2026-09-01
100049,Stephanie,,Young,https://www.linkedin.com/in/stephanie-young-84,,,,,,United States,false,,US,2026-01-25,2026-09-01
100050,Kenneth,,Thomas,https://www.linkedin.com/in/kenneth-thomas-98,,,,,,United States,false,,US,2025-01-14,2026-09-01
100051,Matthew,,Ramirez,https://www.linkedin.com/in/matthew-ramirez-45,,,,,,United States,false,,US,2026-12-10,2026-09-01
100052,Scott,,Torres,https://www.linkedin.com/in/scott-torres-34,,,,,,United States,false,,US,2025-08-29,2026-09-01
100053,Debra,,Miller,https://www.linkedin.com/in/debra-miller-82,,,,,,United States,false,,US,2025-09-14,2026-09-01
100054,William,,Young,,,,,,,United States,false,,US,2026-05-02,2026-09-01
100055,Elizabeth,,Lee,,,,,,,United States,false,,US,2026-07-11,2026-09-01
100056,Benjamin,,Ramos,https://www.linkedin.com/in/benjamin-ramos-35,,,,,,United States,false,,US,2026-05-20,2026-09-01
100057,Joseph,,Cooper,https://www.linkedin.com/in/joseph-cooper-29,,,,,,United States,false,,US,2025-06-28,2026-09-01
100058,Christopher,,Martinez,,,,,,,United States,false,,US,2025-09-21,2026-09-01
100059,Samantha,,Morales,https://www.linkedin.com/in/samantha-morales-70,,,,,,United States,false,,US,2025-12-13,2026-09-01
100060,Timothy,,Nelson,https://www.linkedin.com/in/timothy-nelson-23,,,,,,United States,false,,US,2024-11-25,2026-09-01
100061,Amy,,Cruz,https://www.linkedin.com/in/amy-cruz-36,,,,,,United States,false,,US,2025-06-30,2026-09-01
100062,Stephen,,Taylor,https://www.linkedin.com/in/stephen-taylor-66,,,,,,United States,false,,US,2026-09-19,2026-09-01
100063,Jacob,,Young,https://www.linkedin.com/in/jacob-young-28,,,,,,United States,false,,US,2026-02-24,2026-09-01
100064,Matthew,,Kim,https://www.linkedin.com/in/matthew-kim-27,,,,,,United States,false,,US,2024-05-22,2026-09-01
100065,Matthew,,Walker,https://www.linkedin.com/in/matthew-walker-39,,,,,,United States,false,,US,2026-04-21,2026-09-01
100066,Emma,,Nelson,https://www.linkedin.com/in/emma-nelson-66,,,,,,United States,false,,US,2024-07-23,2026-09-01
100067,Shirley,,Collins,,,,,,,United States,false,,US,2024-10-22,2026-09-01
100068,Sandra,,Lopez,https://www.linkedin.com/in/sandra-lopez-22,,,,,,United States,false,,US,2024-07-24,2026-09-01
100069,Jeffrey,,Perez,https://www.linkedin.com/in/jeffrey-perez-13,,,,,,United States,false,,US,2024-04-04,2026-09-01
100070,Dorothy,,Davis,https://www.linkedin.com/in/dorothy-davis-57,,,,,,United States,false,,US,2026-06-01,2026-09-01
100071,Christopher,,Young,https://www.linkedin.com/in/christopher-young-82,,,,,,United States,false,,US,2025-01-03,2026-09-01
100072,Heather,,Miller,https://www.linkedin.com/in/heather-miller-73,,,,,,United States,false,,US,2025-08-09,2026-09-01
100073,Heather,,Robinson,https://www.linkedin.com/in/heather-robinson-55,,,,,,United States,false,,US,2025-03-24,2026-09-01
100074,Samantha,,Harris,https://www.linkedin.com/in/samantha-harris-96,,,,,,United States,false,,US,2024-10-07,2026-09-01
100075,Ronald,,Bailey,https://www.linkedin.com/in/ronald-bailey-60,,,,,,United States,false,,US,2024-01-29,2026-09-01
100076,Kimberly,,Morgan,,,,,,,United States,false,,US,2026-01-24,2026-09-01
100077,Alexander,,King,https://www.linkedin.com/in/alexander-king-91,,,,,,United States,false,,US,2026-01-30,2026-09-01
100078,Anna,,Turner,https://www.linkedin.com/in/anna-turner-29,,,,,,United States,false,,US,2026-04-29,2026-09-01
100079,Katherine,,Gonzalez,https://www.linkedin.com/in/katherine-gonzalez-88,,,,,,United States,false,,US,2026-04-15,2026-09-01
100080,Emily,,Jones,https://www.linkedin.com/in/emily-jones-37,,,,,,United States,false,,US,2026-06-27,2026-09-01
100081,Anthony,,Ramos,https://www.linkedin.com/in/anthony-ramos-39,,,,,,United States,false,,US,2025-11-03,2026-09-01
100082,Heather,,Jackson,https://www.linkedin.com/in/heather-jackson-86,,,,,,United States,false,,US,2024-01-06,2026-09-01
100083,Emily,,Jackson,https://www.linkedin.com/in/emily-jackson-79,,,,,,United States,false,,US,2025-05-28,2026-09-01
100084,Stephanie,,Diaz,https://www.linkedin.com/in/stephanie-diaz-72,,,,,,United States,false,,US,2026-06-27,2026-09-01
100085,Elizabeth,,Hernandez,https://www.linkedin.com/in/elizabeth-hernandez-28,,,,,,United States,false,,US,2024-05-14,2026-09-01
100086,Stephanie,,Turner,https://www.linkedin.com/in/stephanie-turner-50,,,,,,United States,false,,US,2026-05-24,2026-09-01
100087,Kenneth,,Allen,https://www.linkedin.com/in/kenneth-allen-29,,,,,,United States,false,,US,2026-08-29,2026-09-01
100088,David,,Lopez,https://www.linkedin.com/in/david-lopez-21,,,,,,United States,false,,US,2026-06-03,2026-09-01
100089,Helen,,Ward,https://www.linkedin.com/in/helen-ward-81,,,,,,United States,false,,US,2024-02-23,2026-09-01
100090,Nicole,,Wright,,,,,,,United States,false,,US,2025-07-13,2026-09-01
100091,Rachel,,Flores,https://www.linkedin.com/in/rachel-flores-54,,,,,,United States,false,,US,2024-01-13,2026-09-01
100092,Lisa,,Jackson,https://www.linkedin.com/in/lisa-jackson-61,,,,,,United States,false,,US,2024-05-22,2026-09-01
100093,Sarah,,Allen,https://www.linkedin.com/in/sarah-allen-25,,,,,,United States,false,,US,2024-01-16,2026-09-01
100094,Jennifer,,Parker,,,,,,,United States,false,,US,2024-06-08,2026-09-01
100095,Kenneth,,Kelly,https://www.linkedin.com/in/kenneth-kelly-61,,,,,,United States,false,,US,2026-05-05,2026-09-01
100096,Donna,,Anderson,https://www.linkedin.com/in/donna-anderson-51,,,,,,United States,false,,US,2024-12-17,2026-09-01
100097,Daniel,,Murphy,https://www.linkedin.com/in/daniel-murphy-82,,,,,,United States,false,,US,2026-07-08,2026-09-01
100098,Debra,,Reed,https://www.linkedin.com/in/debra-reed-89,,,,,,United States,false,,US,2025-10-23,2026-09-01
100099,Barbara,,Ward,https://www.linkedin.com/in/barbara-ward-59,,,,,,United States,false,,US,2026-08-05,2026-09-01
100100,Justin,,Peterson,https://www.linkedin.com/in/justin-peterson-15,,,,,,United States,false,,US,2026-07-10,2026-09-01
100101,Pamela,,Harris,https://www.linkedin.com/in/pamela-harris-70,,,,,,United States,false,,US,2026-10-23,2026-09-01
100102,Karen,,Davis,https://www.linkedin.com/in/karen-davis-53,,,,,,United States,false,,US,2024-06-21,2026-09-01
100103,Kevin,,Taylor,https://www.linkedin.com/in/kevin-taylor-97,,,,,,United States,false,,US,2026-12-14,2026-09-01
100104,Barbara,,Diaz,https://www.linkedin.com/in/barbara-diaz-12,,,,,,United States,false,,US,2026-01-12,2026-09-01
100105,Lisa,,Richardson,https://www.linkedin.com/in/lisa-richardson-31,,,,,,United States,false,,US,2026-06-15,2026-09-01
100106,Sandra,,Morgan,https://www.linkedin.com/in/sandra-morgan-70,,,,,,United States,false,,US,2025-02-01,2026-09-01
100107,Melissa,,Kelly,https://www.linkedin.com/in/melissa-kelly-69,,,,,,United States,false,,US,2025-07-31,2026-09-01
100108,Heather,,Carter,https://www.linkedin.com/in/heather-carter-63,,,,,,United States,false,,US,2024-11-27,2026-09-01
100109,Donald,,Roberts,https://www.linkedin.com/in/donald-roberts-57,,,,,,United States,false,,US,2025-04-04,2026-09-01
100110,Patricia,,Green,https://www.linkedin.com/in/patricia-green-93,,,,,,United States,false,,US,2025-11-17,2026-09-01
100111,Donald,,Hill,,,,,,,United States,false,,US,2025-05-03,2026-09-01
100112,Rebecca,,Richardson,https://www.linkedin.com/in/rebecca-richardson-24,,,,,,United States,false,,US,2026-10-20,2026-09-01
100113,Scott,,Morgan,,,,,,,United States,false,,US,2026-11-21,2026-09-01
100114,Gregory,,Wilson,https://www.linkedin.com/in/gregory-wilson-52,,,,,,United States,false,,US,2024-09-30,2026-09-01
100115,Ryan,,Jones,https://www.linkedin.com/in/ryan-jones-15,,,,,,United States,false,,US,2025-02-12,2026-09-01
100116,Jennifer,,Green,https://www.linkedin.com/in/jennifer-green-75,,,,,,United States,false,,US,2026-03-26,2026-09-01
100117,Anna,,Stewart,https://www.linkedin.com/in/anna-stewart-92,,,,,,United States,false,,US,2025-01-26,2026-09-01
100118,Michelle,,Edwards,https://www.linkedin.com/in/michelle-edwards-64,,,,,,United States,false,,US,2024-12-07,2026-09-01
100119,Frank,,Cruz,https://www.linkedin.com/in/frank-cruz-15,,,,,,United States,false,,US,2025-12-23,2026-09-01
100120,Melissa,,Mitchell,https://www.linkedin.com/in/melissa-mitchell-19,,,,,,United States,false,,US,2024-10-08,2026-09-01
100121,Shirley,,Campbell,https://www.linkedin.com/in/shirley-campbell-93,,,,,,United States,false,,US,2025-07-24,2026-09-01
100122,Carolyn,,Cruz,https://www.linkedin.com/in/carolyn-cruz-97,,,,,,United States,false,,US,2025-10-16,2026-09-01
100123,Christine,,Hall,https://www.linkedin.com/in/christine-hall-80,,,,,,United States,false,,US,2025-08-17,2026-09-01
100124,Carolyn,,Morris,https://www.linkedin.com/in/carolyn-morris-62,,,,,,United States,false,,US,2024-05-31,2026-09-01
100125,Stephen,,Ramos,https://www.linkedin.com/in/stephen-ramos-26,,,,,,United States,false,,US,2026-06-05,2026-09-01
100126,Nicholas,,Davis,https://www.linkedin.com/in/nicholas-davis-76,,,,,,United States,false,,US,2024-11-09,2026-09-01
100127,Joshua,,Perez,https://www.linkedin.com/in/joshua-perez-38,,,,,,United States,false,,US,2025-12-09,2026-09-01
100128,Anna,,Nguyen,https://www.linkedin.com/in/anna-nguyen-48,,,,,,United States,false,,US,2026-09-16,2026-09-01
100129,Ashley,,Phillips,https://www.linkedin.com/in/ashley-phillips-19,,,,,,United States,false,,US,2024-05-02,2026-09-01
100130,Charles,,Cruz,https://www.linkedin.com/in/charles-cruz-69,,,,,,United States,false,,US,2025-02-21,2026-09-01
100131,Amy,,Williams,,,,,,,United States,false,,US,2026-03-16,2026-09-01
100132,Nicholas,,Collins,https://www.linkedin.com/in/nicholas-collins-37,,,,,,United States,false,,US,2025-12-23,2026-09-01
100133,Michael,,Miller,https://www.linkedin.com/in/michael-miller-86,,,,,,United States,false,,US,2026-08-21,2026-09-01
100134,Carol,,Bailey,https://www.linkedin.com/in/carol-bailey-28,,,,,,United States,false,,US,2025-02-11,2026-09-01
100135,Nicole,,Rogers,https://www.linkedin.com/in/nicole-rogers-15,,,,,,United States,false,,US,2024-04-02,2026-09-01
100136,John,,Moore,https://www.linkedin.com/in/john-moore-70,,,,,,United States,false,,US,2026-11-29,2026-09-01
100137,Nancy,,Ortiz,https://www.linkedin.com/in/nancy-ortiz-89,,,,,,United States,false,,US,2026-02-17,2026-09-01
100138,Christopher,,Young,,,,,,,United States,false,,US,2024-08-13,2026-09-01
100139,Anna,,Rivera,https://www.linkedin.com/in/anna-rivera-97,,,,,,United States,false,,US,2025-06-25,2026-09-01
100140,Brandon,,Morris,https://www.linkedin.com/in/brandon-morris-41,,,,,,United States,false,,US,2025-07-25,2026-09-01
100141,Christopher,,Nguyen,,,,,,,United States,false,,US,2024-06-10,2026-09-01
100142,Brian,,Cruz,https://www.linkedin.com/in/brian-cruz-71,,,,,,United States,false,,US,2025-03-14,2026-09-01
100143,Betty,,Morgan,https://www.linkedin.com/in/betty-morgan-81,,,,,,United States,false,,US,2025-07-10,2026-09-01
100144,Sarah,,Wilson,https://www.linkedin.com/in/sarah-wilson-85,,,,,,United States,false,,US,2025-05-05,2026-09-01
100145,Susan,,Nelson,https://www.linkedin.com/in/susan-nelson-92,,,,,,United States,false,,US,2026-12-09,2026-09-01
100146,Amy,,Moore,https://www.linkedin.com/in/amy-moore-69,,,,,,United States,false,,US,2025-07-12,2026-09-01
100147,Lisa,,Moore,https://www.linkedin.com/in/lisa-moore-41,,,,,,United States,false,,US,2024-01-14,2026-09-01
100148,Kimberly,,Roberts,https://www.linkedin.com/in/kimberly-roberts-44,,,,,,United States,false,,US,2025-11-06,2026-09-01
100149,Karen,,Collins,https://www.linkedin.com/in/karen-collins-87,,,,,,United States,false,,US,2026-02-04,2026-09-01
100150,William,,Ortiz,https://www.linkedin.com/in/william-ortiz-56,,,,,,United States,false,,US,2024-06-08,2026-09-01
100151,Larry,,Anderson,,,,,,,United States,false,,US,2026-11-01,2026-09-01
100152,Michelle,,Williams,https://www.linkedin.com/in/michelle-williams-10,,,,,,United States,false,,US,2025-03-22,2026-09-01
100153,Justin,,Martinez,,,,,,,United States,false,,US,2025-12-06,2026-09-01
100154,Daniel,,Morgan,https://www.linkedin.com/in/daniel-morgan-26,,,,,,United States,false,,US,2025-04-01,2026-09-01
100155,Matthew,,Anderson,,,,,,,United States,false,,US,2026-05-08,2026-09-01
100156,Anna,,Ramirez,https://www.linkedin.com/in/anna-ramirez-17,,,,,,United States,false,,US,2024-10-13,2026-09-01
100157,Nicholas,,Nguyen,https://www.linkedin.com/in/nicholas-nguyen-83,,,,,,United States,false,,US,2025-10-15,2026-09-01
100158,Rebecca,,Evans,,,,,,,United States,false,,US,2026-02-09,2026-09-01
100159,Brenda,,Ortiz,,,,,,,United States,false,,US,2025-05-12,2026-09-01
100160,Steven,,Clark,https://www.linkedin.com/in/steven-clark-20,,,,,,United States,false,,US,2026-07-10,2026-09-01
100161,Melissa,,Lopez,https://www.linkedin.com/in/melissa-lopez-34,,,,,,United States,false,,US,2024-04-15,2026-09-01
100162,Andrew,,Carter,https://www.linkedin.com/in/andrew-carter-87,,,,,,United States,false,,US,2024-03-21,2026-09-01
100163,Justin,,Howard,https://www.linkedin.com/in/justin-howard-47,,,,,,United States,false,,US,2024-11-08,2026-09-01
100164,Betty,,Nelson,https://www.linkedin.com/in/betty-nelson-82,,,,,,United States,false,,US,2025-05-18,2026-09-01
100165,Elizabeth,,Miller,https://www.linkedin.com/in/elizabeth-miller-62,,,,,,United States,false,,US,2024-10-08,2026-09-01
100166,Benjamin,,Robinson,,,,,,,United States,false,,US,2024-11-05,2026-09-01
100167,Mary,,Ramirez,https://www.linkedin.com/in/mary-ramirez-57,,,,,,United States,false,,US,2024-05-03,2026-09-01
100168,Ryan,,Reed,https://www.linkedin.com/in/ryan-reed-99,,,,,,United States,false,,US,2025-04-07,2026-09-01
100169,Joshua,,Hernandez,https://www.linkedin.com/in/joshua-hernandez-93,,,,,,United States,false,,US,2024-03-05,2026-09-01
100170,Barbara,,Phillips,https://www.linkedin.com/in/barbara-phillips-80,,,,,,United States,false,,US,2026-09-01,2026-09-01
100171,Linda,,Johnson,https://www.linkedin.com/in/linda-johnson-20,,,,,,United States,false,,US,2026-10-20,2026-09-01
100172,Brandon,,Kim,https://www.linkedin.com/in/brandon-kim-51,,,,,,United States,false,,US,2024-03-01,2026-09-01
100173,Samantha,,Wright,https://www.linkedin.com/in/samantha-wright-67,,,,,,United States,false,,US,2026-10-01,2026-09-01
100174,Susan,,Lopez,,,,,,,United States,false,,US,2025-09-23,2026-09-01
100175,Barbara,,Kim,https://www.linkedin.com/in/barbara-kim-51,,,,,,United States,false,,US,2026-02-27,2026-09-01
100176,Andrew,,Murphy,,,,,,,United States,false,,US,2024-12-08,2026-09-01
100177,Susan,,Moore,https://www.linkedin.com/in/susan-moore-60,,,,,,United States,false,,US,2025-11-11,2026-09-01
100178,Frank,,Sanchez,https://www.linkedin.com/in/frank-sanchez-32,,,,,,United States,false,,US,2026-03-26,2026-09-01
100179,Kenneth,,Nguyen,https://www.linkedin.com/in/kenneth-nguyen-91,,,,,,United States,false,,US,2026-10-02,2026-09-01
100180,Timothy,,Murphy,,,,,,,United States,false,,US,2025-09-12,2026-09-01
100181,Donald,,Allen,https://www.linkedin.com/in/donald-allen-64,,,,,,United States,false,,US,2026-02-11,2026-09-01
100182,Elizabeth,,Edwards,https://www.linkedin.com/in/elizabeth-edwards-71,,,,,,United States,false,,US,2026-03-31,2026-09-01
100183,Jerry,,Ramos,https://www.linkedin.com/in/jerry-ramos-29,,,,,,United States,false,,US,2025-12-07,2026-09-01
100184,Anthony,,Gutierrez,https://www.linkedin.com/in/anthony-gutierrez-70,,,,,,United States,false,,US,2024-07-18,2026-09-01
100185,Jeffrey,,Edwards,https://www.linkedin.com/in/jeffrey-edwards-48,,,,,,United States,false,,US,2024-04-01,2026-09-01
100186,Lisa,,White,https://www.linkedin.com/in/lisa-white-65,,,,,,United States,false,,US,2026-03-21,2026-09-01
100187,Patricia,,Ward,https://www.linkedin.com/in/patricia-ward-67,,,,,,United States,false,,US,2026-05-29,2026-09-01
100188,Alexander,,Hill,https://www.linkedin.com/in/alexander-hill-85,,,,,,United States,false,,US,2024-06-22,2026-09-01
100189,Alexander,,Moore,https://www.linkedin.com/in/alexander-moore-40,,,,,,United States,false,,US,2025-09-17,2026-09-01
100190,Sarah,,White,https://www.linkedin.com/in/sarah-white-67,,,,,,United States,false,,US,2024-04-19,2026-09-01
100191,Amanda,,Johnson,https://www.linkedin.com/in/amanda-johnson-34,,,,,,United States,false,,US,2026-02-25,2026-09-01
100192,Amy,,Peterson,https://www.linkedin.com/in/amy-peterson-83,,,,,,United States,false,,US,2024-08-21,2026-09-01
100193,Andrew,,Cooper,https://www.linkedin.com/in/andrew-cooper-56,,,,,,United States,false,,US,2024-03-26,2026-09-01
100194,Maria,,Cruz,https://www.linkedin.com/in/maria-cruz-64,,,,,,United States,false,,US,2024-07-28,2026-09-01
100195,Alexander,,Gonzalez,,,,,,,United States,false,,US,2026-04-22,2026-09-01
100196,Linda,,Scott,https://www.linkedin.com/in/linda-scott-26,,,,,,United States,false,,US,2024-09-28,2026-09-01
100197,Janet,,Lopez,https://www.linkedin.com/in/janet-lopez-68,,,,,,United States,false,,US,2026-01-03,2026-09-01
100198,David,,Morgan,https://www.linkedin.com/in/david-morgan-64,,,,,,United States,false,,US,2025-03-09,2026-09-01
100199,Amy,,Wright,https://www.linkedin.com/in/amy-wright-46,,,,,,United States,false,,US,2025-11-22,2026-09-01
100200,Barbara,,Gonzalez,,,,,,,United States,false,,US,2026-09-03,2026-09-01
100201,Elizabeth,,Taylor,https://www.linkedin.com/in/elizabeth-taylor-76,,,,,,United States,false,,US,2026-06-30,2026-09-01
100202,David,,Ortiz,https://www.linkedin.com/in/david-ortiz-88,,,,,,United States,false,,US,2024-12-02,2026-09-01
100203,Jeffrey,,Hall,https://www.linkedin.com/in/jeffrey-hall-90,,,,,,United States,false,,US,2024-11-06,2026-09-01
100204,Gregory,,Hill,https://www.linkedin.com/in/gregory-hill-87,,,,,,United States,false,,US,2026-11-09,2026-09-01
100205,Matthew,,Gomez,https://www.linkedin.com/in/matthew-gomez-16,,,,,,United States,false,,US,2025-05-05,2026-09-01
100206,Jennifer,,Davis,https://www.linkedin.com/in/jennifer-davis-60,,,,,,United States,false,,US,2026-11-03,2026-09-01
100207,Angela,,Clark,https://www.linkedin.com/in/angela-clark-29,,,,,,United States,false,,US,2025-10-31,2026-09-01
100208,Brandon,,Cox,,,,,,,United States,false,,US,2024-12-25,2026-09-01
100209,Kimberly,,Perez,https://www.linkedin.com/in/kimberly-perez-44,,,,,,United States,false,,US,2024-08-29,2026-09-01
100210,Jerry,,Brown,https://www.linkedin.com/in/jerry-brown-64,,,,,,United States,false,,US,2025-07-11,2026-09-01
100211,Shirley,,Rodriguez,https://www.linkedin.com/in/shirley-rodriguez-83,,,,,,United States,false,,US,2024-06-06,2026-09-01
100212,Nicholas,,Miller,https://www.linkedin.com/in/nicholas-miller-76,,,,,,United States,false,,US,2024-04-04,2026-09-01
100213,Mary,,Mitchell,https://www.linkedin.com/in/mary-mitchell-82,,,,,,United States,false,,US,2025-09-14,2026-09-01
100214,Jack,,Richardson,https://www.linkedin.com/in/jack-richardson-57,,,,,,United States,false,,US,2026-10-07,2026-09-01
100215,Gary,,Davis,https://www.linkedin.com/in/gary-davis-28,,,,,,United States,false,,US,2025-07-27,2026-09-01
100216,Samantha,,Gomez,,,,,,,United States,false,,US,2024-05-07,2026-09-01
100217,Sharon,,Taylor,https://www.linkedin.com/in/sharon-taylor-43,,,,,,United States,false,,US,2025-10-07,2026-09-01
100218,Anthony,,Edwards,https://www.linkedin.com/in/anthony-edwards-43,,,,,,United States,false,,US,2024-09-02,2026-09-01
100219,Barbara,,Lee,https://www.linkedin.com/in/barbara-lee-48,,,,,,United States,false,,US,2024-03-23,2026-09-01
100220,Margaret,,Adams,,,,,,,United States,false,,US,2025-05-23,2026-09-01
100221,Amanda,,Gomez,https://www.linkedin.com/in/amanda-gomez-96,,,,,,United States,false,,US,2025-09-04,2026-09-01
100222,Jason,,Thompson,https://www.linkedin.com/in/jason-thompson-33,,,,,,United States,false,,US,2025-07-17,2026-09-01
100223,Sarah,,Turner,https://www.linkedin.com/in/sarah-turner-77,,,,,,United States,false,,US,2025-05-25,2026-09-01
100224,Patricia,,Green,https://www.linkedin.com/in/patricia-green-13,,,,,,United States,false,,US,2025-07-29,2026-09-01
100225,Jack,,Davis,https://www.linkedin.com/in/jack-davis-38,,,,,,United States,false,,US,2026-03-06,2026-09-01
100226,Amanda,,Thompson,https://www.linkedin.com/in/amanda-thompson-85,,,,,,United States,false,,US,2025-10-13,2026-09-01
100227,Jack,,Rivera,https://www.linkedin.com/in/jack-rivera-13,,,,,,United States,false,,US,2025-12-21,2026-09-01
100228,Elizabeth,,Mitchell,https://www.linkedin.com/in/elizabeth-mitchell-94,,,,,,United States,false,,US,2026-03-21,2026-09-01
100229,Emma,,Gonzalez,https://www.linkedin.com/in/emma-gonzalez-51,,,,,,United States,false,,US,2024-10-06,2026-09-01
100230,Charles,,Parker,https://www.linkedin.com/in/charles-parker-72,,,,,,United States,false,,US,2025-10-11,2026-09-01
100231,Susan,,Murphy,,,,,,,United States,false,,US,2024-06-08,2026-09-01
100232,Donald,,Hall,https://www.linkedin.com/in/donald-hall-31,,,,,,United States,false,,US,2024-06-30,2026-09-01
100233,Edward,,Hall,https://www.linkedin.com/in/edward-hall-22,,,,,,United States,false,,US,2026-09-08,2026-09-01
100234,Pamela,,Lewis,https://www.linkedin.com/in/pamela-lewis-19,,,,,,United States,false,,US,2024-03-09,2026-09-01
100235,Anthony,,Harris,https://www.linkedin.com/in/anthony-harris-80,,,,,,United States,false,,US,2025-06-27,2026-09-01
100236,George,,Smith,https://www.linkedin.com/in/george-smith-47,,,,,,United States,false,,US,2026-09-10,2026-09-01
100237,Michelle,,Gomez,https://www.linkedin.com/in/michelle-gomez-94,,,,,,United States,false,,US,2025-06-26,2026-09-01
100238,Barbara,,Cooper,https://www.linkedin.com/in/barbara-cooper-57,,,,,,United States,false,,US,2026-02-20,2026-09-01
100239,Melissa,,White,https://www.linkedin.com/in/melissa-white-43,,,,,,United States,false,,US,2026-06-19,2026-09-01
100240,Pamela,,Richardson,,,,,,,United States,false,,US,2026-07-08,2026-09-01
100241,Daniel,,Perez,https://www.linkedin.com/in/daniel-perez-34,,,,,,United States,false,,US,2024-09-15,2026-09-01
100242,Jennifer,,Diaz,,,,,,,United States,false,,US,2026-06-10,2026-09-01
100243,Betty,,Jackson,https://www.linkedin.com/in/betty-jackson-43,,,,,,United States,false,,US,2025-10-16,2026-09-01
100244,Melissa,,Williams,https://www.linkedin.com/in/melissa-williams-48,,,,,,United States,false,,US,2025-09-28,2026-09-01
100245,Emily,,Morales,https://www.linkedin.com/in/emily-morales-97,,,,,,United States,false,,US,2024-07-20,2026-09-01
100246,Sandra,,Moore,https://www.linkedin.com/in/sandra-moore-66,,,,,,United States,false,,US,2025-10-19,2026-09-01
100247,Andrew,,Turner,https://www.linkedin.com/in/andrew-turner-21,,,,,,United States,false,,US,2025-01-19,2026-09-01
100248,Donald,,Mitchell,https://www.linkedin.com/in/donald-mitchell-67,,,,,,United States,false,,US,2024-12-29,2026-09-01
100249,Jacob,,Ramos,https://www.linkedin.com/in/jacob-ramos-54,,,,,,United States,false,,US,2024-11-30,2026-09-01
100250,Daniel,,Kim,https://www.linkedin.com/in/daniel-kim-38,,,,,,United States,false,,US,2025-05-31,2026-09-01
100251,Alexander,,Gutierrez,https://www.linkedin.com/in/alexander-gutierrez-60,,,,,,United States,false,,US,2024-07-28,2026-09-01
100252,James,,Rogers,https://www.linkedin.com/in/james-rogers-57,,,,,,United States,false,,US,2025-08-01,2026-09-01
100253,Scott,,Phillips,https://www.linkedin.com/in/scott-phillips-97,,,,,,United States,false,,US,2024-10-13,2026-09-01
100254,Raymond,,Brown,https://www.linkedin.com/in/raymond-brown-47,,,,,,United States,false,,US,2025-06-15,2026-09-01
100255,Rebecca,,Phillips,https://www.linkedin.com/in/rebecca-phillips-14,,,,,,United States,false,,US,2025-01-23,2026-09-01
100256,Cynthia,,Thomas,https://www.linkedin.com/in/cynthia-thomas-91,,,,,,United States,false,,US,2024-05-25,2026-09-01
100257,Jacob,,Harris,https://www.linkedin.com/in/jacob-harris-97,,,,,,United States,false,,US,2026-02-20,2026-09-01
100258,Nancy,,Kelly,https://www.linkedin.com/in/nancy-kelly-72,,,,,,United States,false,,US,2024-06-29,2026-09-01
100259,Thomas,,Ward,https://www.linkedin.com/in/thomas-ward-64,,,,,,United States,false,,US,2026-04-06,2026-09-01
100260,Jason,,Morris,https://www.linkedin.com/in/jason-morris-14,,,,,,United States,false,,US,2026-12-29,2026-09-01
100261,Debra,,Moore,https://www.linkedin.com/in/debra-moore-72,,,,,,United States,false,,US,2026-01-05,2026-09-01
100262,Jessica,,Campbell,https://www.linkedin.com/in/jessica-campbell-14,,,,,,United States,false,,US,2026-02-07,2026-09-01
100263,Samantha,,Allen,https://www.linkedin.com/in/samantha-allen-89,,,,,,United States,false,,US,2024-04-09,2026-09-01
100264,Gregory,,Gutierrez,https://www.linkedin.com/in/gregory-gutierrez-87,,,,,,United States,false,,US,2024-10-07,2026-09-01
100265,Rebecca,,Wilson,https://www.linkedin.com/in/rebecca-wilson-89,,,,,,United States,false,,US,2024-08-29,2026-09-01
100266,Karen,,Lopez,https://www.linkedin.com/in/karen-lopez-19,,,,,,United States,false,,US,2024-07-26,2026-09-01
100267,Steven,,Robinson,https://www.linkedin.com/in/steven-robinson-47,,,,,,United States,false,,US,2025-06-24,2026-09-01
100268,Amanda,,Cruz,https://www.linkedin.com/in/amanda-cruz-44,,,,,,United States,false,,US,2024-07-09,2026-09-01
100269,Kathleen,,Turner,https://www.linkedin.com/in/kathleen-turner-31,,,,,,United States,false,,US,2024-08-19,2026-09-01
100270,Thomas,,Davis,https://www.linkedin.com/in/thomas-davis-30,,,,,,United States,false,,US,2024-07-31,2026-09-01
100271,Patrick,,Ortiz,https://www.linkedin.com/in/patrick-ortiz-83,,,,,,United States,false,,US,2025-04-03,2026-09-01
100272,Samuel,,Roberts,,,,,,,United States,false,,US,2024-04-21,2026-09-01
100273,Mary,,Lee,https://www.linkedin.com/in/mary-lee-70,,,,,,United States,false,,US,2026-10-12,2026-09-01
100274,Amy,,Williams,,,,,,,United States,false,,US,2026-04-24,2026-09-01
100275,Carol,,Campbell,https://www.linkedin.com/in/carol-campbell-38,,,,,,United States,false,,US,2026-07-19,2026-09-01
100276,Kevin,,Bailey,https://www.linkedin.com/in/kevin-bailey-86,,,,,,United States,false,,US,2026-08-26,2026-09-01
100277,Matthew,,Thomas,https://www.linkedin.com/in/matthew-thomas-60,,,,,,United States,false,,US,2025-03-17,2026-09-01
100278,Ryan,,Harris,https://www.linkedin.com/in/ryan-harris-23,,,,,,United States,false,,US,2026-04-28,2026-09-01
100279,Daniel,,Howard,https://www.linkedin.com/in/daniel-howard-26,,,,,,United States,false,,US,2024-07-31,2026-09-01
100280,Deborah,,Kim,https://www.linkedin.com/in/deborah-kim-51,,,,,,United States,false,,US,2026-10-29,2026-09-01
100281,Deborah,,Turner,https://www.linkedin.com/in/deborah-turner-98,,,,,,United States,false,,US,2025-05-23,2026-09-01
100282,Dorothy,,Anderson,https://www.linkedin.com/in/dorothy-anderson-81,,,,,,United States,false,,US,2026-09-10,2026-09-01
100283,Justin,,Kelly,https://www.linkedin.com/in/justin-kelly-63,,,,,,United States,false,,US,2026-12-29,2026-09-01
100284,Brandon,,Bailey,https://www.linkedin.com/in/brandon-bailey-92,,,,,,United States,false,,US,2026-03-07,2026-09-01
100285,Donald,,Rogers,https://www.linkedin.com/in/donald-rogers-99,,,,,,United States,false,,US,2025-08-12,2026-09-01
100286,Patrick,,Mitchell,https://www.linkedin.com/in/patrick-mitchell-79,,,,,,United States,false,,US,2025-02-06,2026-09-01
100287,Heather,,Harris,https://www.linkedin.com/in/heather-harris-32,,,,,,United States,false,,US,2024-06-01,2026-09-01
100288,Lisa,,Thompson,https://www.linkedin.com/in/lisa-thompson-25,,,,,,United States,false,,US,2026-02-11,2026-09-01
100289,Jennifer,,Diaz,https://www.linkedin.com/in/jennifer-diaz-43,,,,,,United States,false,,US,2024-09-23,2026-09-01
100290,Donald,,Ward,https://www.linkedin.com/in/donald-ward-41,,,,,,United States,false,,US,2024-03-22,2026-09-01
100291,Angela,,Edwards,https://www.linkedin.com/in/angela-edwards-47,,,,,,United States,false,,US,2025-01-29,2026-09-01
100292,Dorothy,,Rogers,,,,,,,United States,false,,US,2024-07-15,2026-09-01
100293,Catherine,,Martin,,,,,,,United States,false,,US,2025-11-10,2026-09-01
100294,John,,Lopez,,,,,,,United States,false,,US,2024-12-30,2026-09-01
100295,Steven,,Bailey,,,,,,,United States,false,,US,2025-04-11,2026-09-01
100296,Kimberly,,Evans,https://www.linkedin.com/in/kimberly-evans-90,,,,,,United States,false,,US,2026-04-08,2026-09-01
100297,Catherine,,Hall,https://www.linkedin.com/in/catherine-hall-92,,,,,,United States,false,,US,2026-11-15,2026-09-01
100298,Michael,,Peterson,https://www.linkedin.com/in/michael-peterson-80,,,,,,United States,false,,US,2024-05-29,2026-09-01
100299,Donna,,Rodriguez,https://www.linkedin.com/in/donna-rodriguez-35,,,,,,United States,false,,US,2026-09-24,2026-09-01
100300,Nancy,,Smith,https://www.linkedin.com/in/nancy-smith-38,,,,,,United States,false,,US,2026-06-12,2026-09-01
100301,Emily,,Campbell,,,,,,,United States,false,,US,2025-11-10,2026-09-01
100302,Kathleen,,Reyes,https://www.linkedin.com/in/kathleen-reyes-49,,,,,,United States,false,,US,2026-09-24,2026-09-01
100303,Stephen,,Wilson,https://www.linkedin.com/in/stephen-wilson-87,,,,,,United States,false,,US,2024-06-16,2026-09-01
100304,Charles,,Thompson,https://www.linkedin.com/in/charles-thompson-82,,,,,,United States,false,,US,2024-10-26,2026-09-01
100305,Eric,,Campbell,https://www.linkedin.com/in/eric-campbell-68,,,,,,United States,false,,US,2024-04-05,2026-09-01
100306,Jennifer,,Adams,,,,,,,United States,false,,US,2026-12-03,2026-09-01
100307,Gary,,Morris,https://www.linkedin.com/in/gary-morris-10,,,,,,United States,false,,US,2026-10-24,2026-09-01
100308,Sarah,,Cruz,https://www.linkedin.com/in/sarah-cruz-19,,,,,,United States,false,,US,2026-11-19,2026-09-01
100309,Samuel,,Scott,https://www.linkedin.com/in/samuel-scott-33,,,,,,United States,false,,US,2024-11-18,2026-09-01
100310,Robert,,Torres,https://www.linkedin.com/in/robert-torres-37,,,,,,United States,false,,US,2026-07-08,2026-09-01
100311,Nicole,,Stewart,https://www.linkedin.com/in/nicole-stewart-31,,,,,,United States,false,,US,2025-03-25,2026-09-01
100312,Nicole,,Gonzalez,https://www.linkedin.com/in/nicole-gonzalez-88,,,,,,United States,false,,US,2024-03-20,2026-09-01
100313,Jonathan,,Cook,https://www.linkedin.com/in/jonathan-cook-21,,,,,,United States,false,,US,2026-09-14,2026-09-01
100314,Gregory,,Taylor,https://www.linkedin.com/in/gregory-taylor-79,,,,,,United States,false,,US,2024-01-03,2026-09-01
100315,Frank,,Green,https://www.linkedin.com/in/frank-green-23,,,,,,United States,false,,US,2024-11-12,2026-09-01
100316,Jason,,Howard,https://www.linkedin.com/in/jason-howard-78,,,,,,United States,false,,US,2026-05-17,2026-09-01
100317,Charles,,Gonzalez,https://www.linkedin.com/in/charles-gonzalez-61,,,,,,United States,false,,US,2025-11-24,2026-09-01
100318,Stephen,,Ward,https://www.linkedin.com/in/stephen-ward-16,,,,,,United States,false,,US,2024-11-25,2026-09-01
100319,Linda,,Thompson,https://www.linkedin.com/in/linda-thompson-66,,,,,,United States,false,,US,2024-01-22,2026-09-01
100320,Betty,,Gutierrez,https://www.linkedin.com/in/betty-gutierrez-14,,,,,,United States,false,,US,2026-11-11,2026-09-01
100321,Eric,,Robinson,https://www.linkedin.com/in/eric-robinson-96,,,,,,United States,false,,US,2024-03-14,2026-09-01
100322,George,,Walker,https://www.linkedin.com/in/george-walker-30,,,,,,United States,false,,US,2024-06-26,2026-09-01
100323,Ryan,,Ramos,https://www.linkedin.com/in/ryan-ramos-71,,,,,,United States,false,,US,2024-08-26,2026-09-01
100324,Kimberly,,Rodriguez,https://www.linkedin.com/in/kimberly-rodriguez-38,,,,,,United States,false,,US,2025-04-15,2026-09-01
100325,Lisa,,Harris,https://www.linkedin.com/in/lisa-harris-35,,,,,,United States,false,,US,2025-04-25,2026-09-01
100326,Jack,,Walker,https://www.linkedin.com/in/jack-walker-36,,,,,,United States,false,,US,2025-04-14,2026-09-01
100327,Pamela,,Scott,https://www.linkedin.com/in/pamela-scott-75,,,,,,United States,false,,US,2025-07-27,2026-09-01
100328,Ronald,,Lewis,https://www.linkedin.com/in/ronald-lewis-26,,,,,,United States,false,,US,2024-04-20,2026-09-01
100329,Shirley,,Diaz,https://www.linkedin.com/in/shirley-diaz-79,,,,,,United States,false,,US,2024-03-07,2026-09-01
100330,Nicholas,,Hall,https://www.linkedin.com/in/nicholas-hall-97,,,,,,United States,false,,US,2024-12-23,2026-09-01
100331,Brenda,,Parker,https://www.linkedin.com/in/brenda-parker-35,,,,,,United States,false,,US,2024-10-25,2026-09-01
100332,Jack,,Martin,https://www.linkedin.com/in/jack-martin-11,,,,,,United States,false,,US,2024-12-27,2026-09-01
100333,Rebecca,,Murphy,,,,,,,United States,false,,US,2026-11-24,2026-09-01
100334,Jonathan,,Thompson,https://www.linkedin.com/in/jonathan-thompson-46,,,,,,United States,false,,US,2025-12-28,2026-09-01
100335,Dorothy,,Rogers,https://www.linkedin.com/in/dorothy-rogers-67,,,,,,United States,false,,US,2024-06-09,2026-09-01
100336,Jeffrey,,Campbell,https://www.linkedin.com/in/jeffrey-campbell-76,,,,,,United States,false,,US,2026-07-11,2026-09-01
100337,Richard,,Rodriguez,https://www.linkedin.com/in/richard-rodriguez-70,,,,,,United States,false,,US,2024-04-20,2026-09-01
100338,Karen,,Hernandez,https://www.linkedin.com/in/karen-hernandez-59,,,,,,United States,false,,US,2025-09-25,2026-09-01
100339,Dorothy,,Stewart,https://www.linkedin.com/in/dorothy-stewart-79,,,,,,United States,false,,US,2025-07-11,2026-09-01
100340,Stephen,,Cruz,,,,,,,United States,false,,US,2024-12-28,2026-09-01
100341,Emma,,Kim,https://www.linkedin.com/in/emma-kim-91,,,,,,United States,false,,US,2026-06-09,2026-09-01
100342,Matthew,,Evans,https://www.linkedin.com/in/matthew-evans-65,,,,,,United States,false,,US,2026-03-19,2026-09-01
100343,Ashley,,Lee,https://www.linkedin.com/in/ashley-lee-92,,,,,,United States,false,,US,2026-03-09,2026-09-01
100344,Laura,,Wright,https://www.linkedin.com/in/laura-wright-72,,,,,,United States,false,,US,2025-01-19,2026-09-01
100345,Dorothy,,Williams,https://www.linkedin.com/in/dorothy-williams-78,,,,,,United States,false,,US,2024-02-15,2026-09-01
100346,Kevin,,Hernandez,https://www.linkedin.com/in/kevin-hernandez-28,,,,,,United States,false,,US,2024-04-24,2026-09-01
100347,Andrew,,Gomez,,,,,,,United States,false,,US,2026-08-20,2026-09-01
100348,Lisa,,Harris,https://www.linkedin.com/in/lisa-harris-42,,,,,,United States,false,,US,2026-02-20,2026-09-01
100349,Joshua,,Sanchez,https://www.linkedin.com/in/joshua-sanchez-16,,,,,,United States,false,,US,2025-03-22,2026-09-01
100350,Joseph,,Walker,https://www.linkedin.com/in/joseph-walker-51,,,,,,United States,false,,US,2024-01-31,2026-09-01
100351,Benjamin,,Davis,,,,,,,United States,false,,US,2024-11-11,2026-09-01
100352,Rachel,,Morgan,https://www.linkedin.com/in/rachel-morgan-26,,,,,,United States,false,,US,2026-09-26,2026-09-01
100353,Sandra,,Green,https://www.linkedin.com/in/sandra-green-92,,,,,,United States,false,,US,2025-12-12,2026-09-01
100354,Jeffrey,,Harris,,,,,,,United States,false,,US,2026-02-12,2026-09-01
100355,Stephen,,Martin,https://www.linkedin.com/in/stephen-martin-51,,,,,,United States,false,,US,2026-04-19,2026-09-01
100356,Samuel,,Adams,,,,,,,United States,false,,US,2026-12-07,2026-09-01
100357,Mary,,Clark,https://www.linkedin.com/in/mary-clark-20,,,,,,United States,false,,US,2026-08-16,2026-09-01
100358,Samantha,,Davis,https://www.linkedin.com/in/samantha-davis-63,,,,,,United States,false,,US,2026-01-25,2026-09-01
100359,Patrick,,Davis,https://www.linkedin.com/in/patrick-davis-44,,,,,,United States,false,,US,2026-12-19,2026-09-01
100360,Lisa,,Peterson,https://www.linkedin.com/in/lisa-peterson-53,,,,,,United States,false,,US,2024-11-19,2026-09-01
100361,Donald,,Reed,https://www.linkedin.com/in/donald-reed-58,,,,,,United States,false,,US,2025-06-04,2026-09-01
100362,Robert,,Scott,https://www.linkedin.com/in/robert-scott-75,,,,,,United States,false,,US,2024-11-12,2026-09-01
100363,Richard,,Jones,https://www.linkedin.com/in/richard-jones-29,,,,,,United States,false,,US,2024-10-10,2026-09-01
100364,Kimberly,,Campbell,https://www.linkedin.com/in/kimberly-campbell-41,,,,,,United States,false,,US,2025-04-22,2026-09-01
100365,Katherine,,Cox,https://www.linkedin.com/in/katherine-cox-91,,,,,,United States,false,,US,2026-02-22,2026-09-01
100366,Ronald,,Edwards,https://www.linkedin.com/in/ronald-edwards-83,,,,,,United States,false,,US,2026-10-30,2026-09-01
100367,Barbara,,Lewis,https://www.linkedin.com/in/barbara-lewis-60,,,,,,United States,false,,US,2024-10-30,2026-09-01
100368,Shirley,,Young,https://www.linkedin.com/in/shirley-young-44,,,,,,United States,false,,US,2026-05-30,2026-09-01
100369,Dorothy,,Kelly,,,,,,,United States,false,,US,2026-04-27,2026-09-01
100370,Jason,,Campbell,https://www.linkedin.com/in/jason-campbell-51,,,,,,United States,false,,US,2025-12-06,2026-09-01
100371,Scott,,Brown,https://www.linkedin.com/in/scott-brown-31,,,,,,United States,false,,US,2025-12-17,2026-09-01
100372,Rachel,,Richardson,https://www.linkedin.com/in/rachel-richardson-69,,,,,,United States,false,,US,2024-01-18,2026-09-01
100373,Patrick,,Gonzalez,https://www.linkedin.com/in/patrick-gonzalez-72,,,,,,United States,false,,US,2026-12-24,2026-09-01
100374,Ronald,,Lee,,,,,,,United States,false,,US,2025-12-21,2026-09-01
100375,Patricia,,Bailey,https://www.linkedin.com/in/patricia-bailey-38,,,,,,United States,false,,US,2024-11-06,2026-09-01
100376,Carol,,Gomez,https://www.linkedin.com/in/carol-gomez-21,,,,,,United States,false,,US,2026-02-21,2026-09-01
100377,Eric,,Ward,https://www.linkedin.com/in/eric-ward-97,,,,,,United States,false,,US,2025-04-10,2026-09-01
100378,Janet,,Brown,https://www.linkedin.com/in/janet-brown-62,,,,,,United States,false,,US,2026-04-22,2026-09-01
100379,Joshua,,Cruz,https://www.linkedin.com/in/joshua-cruz-91,,,,,,United States,false,,US,2025-07-14,2026-09-01
100380,Karen,,Harris,,,,,,,United States,false,,US,2025-01-13,2026-09-01
100381,Jeffrey,,Ward,https://www.linkedin.com/in/jeffrey-ward-51,,,,,,United States,false,,US,2026-07-26,2026-09-01
100382,Ashley,,Diaz,https://www.linkedin.com/in/ashley-diaz-15,,,,,,United States,false,,US,2026-02-18,2026-09-01
100383,Raymond,,Green,https://www.linkedin.com/in/raymond-green-83,,,,,,United States,false,,US,2026-12-11,2026-09-01
100384,Samuel,,Jones,https://www.linkedin.com/in/samuel-jones-67,,,,,,United States,false,,US,2026-07-24,2026-09-01
100385,Betty,,Collins,,,,,,,United States,false,,US,2025-10-25,2026-09-01
100386,Frank,,Lee,https://www.linkedin.com/in/frank-lee-25,,,,,,United States,false,,US,2024-07-05,2026-09-01
100387,Joseph,,Edwards,https://www.linkedin.com/in/joseph-edwards-20,,,,,,United States,false,,US,2026-12-08,2026-09-01
100388,James,,Cox,https://www.linkedin.com/in/james-cox-40,,,,,,United States,false,,US,2025-03-20,2026-09-01
100389,Emma,,Stewart,https://www.linkedin.com/in/emma-stewart-66,,,,,,United States,false,,US,2024-06-11,2026-09-01
100390,Daniel,,Lee,https://www.linkedin.com/in/daniel-lee-88,,,,,,United States,false,,US,2024-12-29,2026-09-01
100391,David,,Nguyen,https://www.linkedin.com/in/david-nguyen-25,,,,,,United States,false,,US,2025-07-16,2026-09-01
100392,Kevin,,Ortiz,https://www.linkedin.com/in/kevin-ortiz-36,,,,,,United States,false,,US,2025-03-04,2026-09-01
100393,Brandon,,Davis,,,,,,,United States,false,,US,2026-12-19,2026-09-01
100394,Jack,,Clark,https://www.linkedin.com/in/jack-clark-63,,,,,,United States,false,,US,2026-04-27,2026-09-01
100395,Jennifer,,Nelson,https://www.linkedin.com/in/jennifer-nelson-91,,,,,,United States,false,,US,2025-03-10,2026-09-01
100396,Mary,,Sanchez,https://www.linkedin.com/in/mary-sanchez-42,,,,,,United States,false,,US,2024-05-18,2026-09-01
100397,Raymond,,Green,https://www.linkedin.com/in/raymond-green-12,,,,,,United States,false,,US,2025-03-02,2026-09-01
100398,Benjamin,,Morgan,https://www.linkedin.com/in/benjamin-morgan-83,,,,,,United States,false,,US,2026-03-08,2026-09-01
100399,Lisa,,Kim,,,,,,,United States,false,,US,2025-09-23,2026-09-01
100400,Patrick,,Green,https://www.linkedin.com/in/patrick-green-44,,,,,,United States,false,,US,2026-04-27,2026-09-01
100401,Barbara,,Murphy,https://www.linkedin.com/in/barbara-murphy-57,,,,,,United States,false,,US,2026-07-14,2026-09-01
100402,Barbara,,Nelson,https://www.linkedin.com/in/barbara-nelson-15,,,,,,United States,false,,US,2024-07-30,2026-09-01
100403,Eric,,Flores,,,,,,,United States,false,,US,2025-10-01,2026-09-01
100404,Samantha,,Clark,https://www.linkedin.com/in/samantha-clark-34,,,,,,United States,false,,US,2025-08-09,2026-09-01
100405,Daniel,,Kim,https://www.linkedin.com/in/daniel-kim-90,,,,,,United States,false,,US,2026-07-02,2026-09-01
100406,Brandon,,Rivera,https://www.linkedin.com/in/brandon-rivera-35,,,,,,United States,false,,US,2026-12-28,2026-09-01
100407,Christine,,Nelson,https://www.linkedin.com/in/christine-nelson-51,,,,,,United States,false,,US,2026-07-17,2026-09-01
100408,Gary,,Brown,,,,,,,United States,false,,US,2024-08-19,2026-09-01
100409,Charles,,Morris,https://www.linkedin.com/in/charles-morris-53,,,,,,United States,false,,US,2025-03-02,2026-09-01
100410,Gary,,Anderson,https://www.linkedin.com/in/gary-anderson-69,,,,,,United States,false,,US,2025-10-28,2026-09-01
100411,Brenda,,Gonzalez,https://www.linkedin.com/in/brenda-gonzalez-32,,,,,,United States,false,,US,2025-09-22,2026-09-01
100412,Stephanie,,Rodriguez,https://www.linkedin.com/in/stephanie-rodriguez-97,,,,,,United States,false,,US,2026-02-15,2026-09-01
100413,Michael,,Smith,https://www.linkedin.com/in/michael-smith-55,,,,,,United States,false,,US,2024-08-12,2026-09-01
100414,Paul,,Brown,https://www.linkedin.com/in/paul-brown-99,,,,,,United States,false,,US,2026-03-18,2026-09-01
100415,Benjamin,,Green,https://www.linkedin.com/in/benjamin-green-61,,,,,,United States,false,,US,2026-02-20,2026-09-01
100416,Sharon,,Cooper,https://www.linkedin.com/in/sharon-cooper-32,,,,,,United States,false,,US,2026-08-30,2026-09-01
100417,Joseph,,Howard,https://www.linkedin.com/in/joseph-howard-98,,,,,,United States,false,,US,2024-06-12,2026-09-01
100418,Christopher,,Ortiz,https://www.linkedin.com/in/christopher-ortiz-45,,,,,,United States,false,,US,2026-08-10,2026-09-01
100419,Eric,,Hernandez,https://www.linkedin.com/in/eric-hernandez-88,,,,,,United States,false,,US,2024-06-30,2026-09-01
100420,Nancy,,Kelly,,,,,,,United States,false,,US,2025-08-20,2026-09-01
100421,Jack,,Richardson,,,,,,,United States,false,,US,2026-09-19,2026-09-01
100422,John,,Baker,https://www.linkedin.com/in/john-baker-28,,,,,,United States,false,,US,2024-11-11,2026-09-01
100423,Amy,,Evans,https://www.linkedin.com/in/amy-evans-40,,,,,,United States,false,,US,2026-06-20,2026-09-01
100424,Raymond,,Perez,https://www.linkedin.com/in/raymond-perez-54,,,,,,United States,false,,US,2024-04-21,2026-09-01
100425,Andrew,,Nelson,https://www.linkedin.com/in/andrew-nelson-22,,,,,,United States,false,,US,2025-06-06,2026-09-01
100426,Katherine,,Howard,https://www.linkedin.com/in/katherine-howard-96,,,,,,United States,false,,US,2025-05-10,2026-09-01
100427,Matthew,,Jones,,,,,,,United States,false,,US,2024-07-07,2026-09-01
100428,Gregory,,Reed,https://www.linkedin.com/in/gregory-reed-33,,,,,,United States,false,,US,2024-08-15,2026-09-01
100429,Jason,,Adams,https://www.linkedin.com/in/jason-adams-19,,,,,,United States,false,,US,2025-07-21,2026-09-01
100430,Betty,,Ward,https://www.linkedin.com/in/betty-ward-92,,,,,,United States,false,,US,2026-10-04,2026-09-01
100431,Susan,,Jackson,https://www.linkedin.com/in/susan-jackson-65,,,,,,United States,false,,US,2025-03-23,2026-09-01
100432,Brandon,,Wilson,https://www.linkedin.com/in/brandon-wilson-43,,,,,,United States,false,,US,2024-07-30,2026-09-01
100433,John,,Martinez,,,,,,,United States,false,,US,2025-05-28,2026-09-01
100434,Carol,,Hernandez,https://www.linkedin.com/in/carol-hernandez-47,,,,,,United States,false,,US,2025-02-19,2026-09-01
100435,Daniel,,Peterson,,,,,,,United States,false,,US,2026-02-25,2026-09-01
100436,Gregory,,Harris,https://www.linkedin.com/in/gregory-harris-59,,,,,,United States,false,,US,2024-08-06,2026-09-01
100437,Eric,,Collins,https://www.linkedin.com/in/eric-collins-78,,,,,,United States,false,,US,2024-11-01,2026-09-01
100438,Jack,,Howard,https://www.linkedin.com/in/jack-howard-19,,,,,,United States,false,,US,2024-03-16,2026-09-01
100439,Brandon,,Lewis,,,,,,,United States,false,,US,2025-02-19,2026-09-01
100440,Jason,,Baker,https://www.linkedin.com/in/jason-baker-96,,,,,,United States,false,,US,2026-04-03,2026-09-01
100441,Justin,,Garcia,,,,,,,United States,false,,US,2026-02-09,2026-09-01
100442,Heather,,Lee,,,,,,,United States,false,,US,2026-09-24,2026-09-01
100443,Amy,,Ward,https://www.linkedin.com/in/amy-ward-90,,,,,,United States,false,,US,2025-09-08,2026-09-01
100444,Nicholas,,Lewis,https://www.linkedin.com/in/nicholas-lewis-90,,,,,,United States,false,,US,2025-03-02,2026-09-01
100445,Emily,,Miller,https://www.linkedin.com/in/emily-miller-29,,,,,,United States,false,,US,2026-08-29,2026-09-01
100446,Amy,,Thompson,https://www.linkedin.com/in/amy-thompson-15,,,,,,United States,false,,US,2024-04-20,2026-09-01
100447,Samuel,,Campbell,https://www.linkedin.com/in/samuel-campbell-65,,,,,,United States,false,,US,2025-05-29,2026-09-01
100448,Daniel,,Roberts,https://www.linkedin.com/in/daniel-roberts-68,,,,,,United States,false,,US,2025-02-01,2026-09-01
100449,Benjamin,,Rivera,https://www.linkedin.com/in/benjamin-rivera-35,,,,,,United States,false,,US,2025-11-18,2026-09-01
100450,Margaret,,Ramos,https://www.linkedin.com/in/margaret-ramos-69,,,,,,United States,false,,US,2025-07-25,2026-09-01
100451,Mary,,Diaz,https://www.linkedin.com/in/mary-diaz-41,,,,,,United States,false,,US,2025-05-22,2026-09-01
100452,Margaret,,Taylor,https://www.linkedin.com/in/margaret-taylor-40,,,,,,United States,false,,US,2024-07-04,2026-09-01
100453,Robert,,Morris,https://www.linkedin.com/in/robert-morris-30,,,,,,United States,false,,US,2026-07-29,2026-09-01
100454,Pamela,,Howard,,,,,,,United States,false,,US,2026-07-20,2026-09-01
100455,George,,Reyes,https://www.linkedin.com/in/george-reyes-56,,,,,,United States,false,,US,2026-01-20,2026-09-01
100456,Dennis,,Howard,https://www.linkedin.com/in/dennis-howard-99,,,,,,United States,false,,US,2025-03-05,2026-09-01
100457,Dennis,,Lewis,https://www.linkedin.com/in/dennis-lewis-44,,,,,,United States,false,,US,2026-10-28,2026-09-01
100458,Debra,,Diaz,https://www.linkedin.com/in/debra-diaz-18,,,,,,United States,false,,US,2026-02-02,2026-09-01
100459,Debra,,Cooper,https://www.linkedin.com/in/debra-cooper-70,,,,,,United States,false,,US,2025-12-11,2026-09-01
100460,Rebecca,,Cruz,https://www.linkedin.com/in/rebecca-cruz-12,,,,,,United States,false,,US,2025-08-20,2026-09-01
100461,Michelle,,Perez,https://www.linkedin.com/in/michelle-perez-39,,,,,,United States,false,,US,2026-09-18,2026-09-01
100462,Melissa,,Torres,https://www.linkedin.com/in/melissa-torres-16,,,,,,United States,false,,US,2024-10-30,2026-09-01
100463,Brenda,,Jones,https://www.linkedin.com/in/brenda-jones-54,,,,,,United States,false,,US,2024-10-29,2026-09-01
100464,Kenneth,,Martin,,,,,,,United States,false,,US,2026-11-05,2026-09-01
100465,Kevin,,Nguyen,https://www.linkedin.com/in/kevin-nguyen-47,,,,,,United States,false,,US,2024-10-28,2026-09-01
100466,Larry,,Cruz,https://www.linkedin.com/in/larry-cruz-24,,,,,,United States,false,,US,2026-09-07,2026-09-01
100467,Jennifer,,Moore,https://www.linkedin.com/in/jennifer-moore-24,,,,,,United States,false,,US,2025-09-22,2026-09-01
100468,Jeffrey,,Turner,https://www.linkedin.com/in/jeffrey-turner-46,,,,,,United States,false,,US,2024-12-01,2026-09-01
100469,Janet,,Diaz,https://www.linkedin.com/in/janet-diaz-63,,,,,,United States,false,,US,2024-10-12,2026-09-01
100470,Emma,,Kim,,,,,,,United States,false,,US,2025-03-01,2026-09-01
100471,Paul,,Turner,https://www.linkedin.com/in/paul-turner-98,,,,,,United States,false,,US,2025-05-16,2026-09-01
100472,Patricia,,Thomas,https://www.linkedin.com/in/patricia-thomas-73,,,,,,United States,false,,US,2024-05-16,2026-09-01
100473,Samantha,,Rivera,,,,,,,United States,false,,US,2025-08-20,2026-09-01
100474,Joshua,,Wright,https://www.linkedin.com/in/joshua-wright-98,,,,,,United States,false,,US,2026-01-12,2026-09-01
100475,Richard,,Morgan,https://www.linkedin.com/in/richard-morgan-28,,,,,,United States,false,,US,2024-01-27,2026-09-01
100476,Joseph,,Taylor,https://www.linkedin.com/in/joseph-taylor-71,,,,,,United States,false,,US,2025-12-14,2026-09-01
100477,Michelle,,Campbell,,,,,,,United States,false,,US,2026-06-24,2026-09-01
100478,Scott,,Gutierrez,https://www.linkedin.com/in/scott-gutierrez-53,,,,,,United States,false,,US,2024-12-18,2026-09-01
100479,Patrick,,Hill,,,,,,,United States,false,,US,2024-08-30,2026-09-01
100480,Heather,,Ward,https://www.linkedin.com/in/heather-ward-82,,,,,,United States,false,,US,2024-05-19,2026-09-01
100481,Richard,,Howard,https://www.linkedin.com/in/richard-howard-77,,,,,,United States,false,,US,2025-03-20,2026-09-01
100482,Carolyn,,Harris,https://www.linkedin.com/in/carolyn-harris-31,,,,,,United States,false,,US,2024-01-09,2026-09-01
100483,Joseph,,Roberts,https://www.linkedin.com/in/joseph-roberts-86,,,,,,United States,false,,US,2025-09-30,2026-09-01
100484,Alexander,,Mitchell,https://www.linkedin.com/in/alexander-mitchell-96,,,,,,United States,false,,US,2026-10-03,2026-09-01
100485,Alexander,,Wilson,https://www.linkedin.com/in/alexander-wilson-76,,,,,,United States,false,,US,2024-06-23,2026-09-01
100486,Jessica,,Jackson,https://www.linkedin.com/in/jessica-jackson-98,,,,,,United States,false,,US,2024-07-27,2026-09-01
100487,Sarah,,Brown,,,,,,,United States,false,,US,2024-04-18,2026-09-01
100488,Eric,,Murphy,https://www.linkedin.com/in/eric-murphy-35,,,,,,United States,false,,US,2025-08-24,2026-09-01
100489,Gregory,,Murphy,https://www.linkedin.com/in/gregory-murphy-43,,,,,,United States,false,,US,2025-12-04,2026-09-01
100490,Sharon,,Moore,https://www.linkedin.com/in/sharon-moore-59,,,,,,United States,false,,US,2026-09-25,2026-09-01
100491,Amy,,Ramos,https://www.linkedin.com/in/amy-ramos-88,,,,,,United States,false,,US,2025-12-23,2026-09-01
100492,Patricia,,Baker,https://www.linkedin.com/in/patricia-baker-64,,,,,,United States,false,,US,2025-12-07,2026-09-01
100493,Amanda,,Evans,https://www.linkedin.com/in/amanda-evans-94,,,,,,United States,false,,US,2025-05-15,2026-09-01
100494,Ashley,,Walker,https://www.linkedin.com/in/ashley-walker-85,,,,,,United States,false,,US,2024-06-22,2026-09-01
100495,Sharon,,Sanchez,https://www.linkedin.com/in/sharon-sanchez-19,,,,,,United States,false,,US,2025-03-14,2026-09-01
100496,Emma,,Baker,https://www.linkedin.com/in/emma-baker-82,,,,,,United States,false,,US,2026-12-23,2026-09-01
100497,Jacob,,Diaz,https://www.linkedin.com/in/jacob-diaz-19,,,,,,United States,false,,US,2025-09-10,2026-09-01
100498,Brandon,,Parker,https://www.linkedin.com/in/brandon-parker-90,,,,,,United States,false,,US,2024-05-02,2026-09-01
100499,Eric,,Sanchez,https://www.linkedin.com/in/eric-sanchez-28,,,,,,United States,false,,US,2025-05-07,2026-09-01
100500,Gary,,Bailey,https://www.linkedin.com/in/gary-bailey-64,,,,,,United States,false,,US,2024-03-16,2026-09-01
100501,Robert,,Davis,https://www.linkedin.com/in/robert-davis-20,,,,,,United States,false,,US,2025-10-04,2026-09-01
100502,Nicole,,Hill,https://www.linkedin.com/in/nicole-hill-62,,,,,,United States,false,,US,2026-01-14,2026-09-01
100503,Christine,,Lopez,https://www.linkedin.com/in/christine-lopez-27,,,,,,United States,false,,US,2025-04-28,2026-09-01
100504,Joseph,,Green,https://www.linkedin.com/in/joseph-green-70,,,,,,United States,false,,US,2025-05-19,2026-09-01
100505,Michael,,Walker,https://www.linkedin.com/in/michael-walker-59,,,,,,United States,false,,US,2025-09-25,2026-09-01
100506,Samantha,,Campbell,https://www.linkedin.com/in/samantha-campbell-97,,,,,,United States,false,,US,2024-09-06,2026-09-01
100507,Jerry,,Evans,https://www.linkedin.com/in/jerry-evans-45,,,,,,United States,false,,US,2024-06-13,2026-09-01
100508,Heather,,Morales,https://www.linkedin.com/in/heather-morales-62,,,,,,United States,false,,US,2025-11-12,2026-09-01
100509,Carolyn,,Diaz,https://www.linkedin.com/in/carolyn-diaz-22,,,,,,United States,false,,US,2024-11-24,2026-09-01
100510,Sarah,,King,https://www.linkedin.com/in/sarah-king-85,,,,,,United States,false,,US,2025-11-01,2026-09-01
100511,Paul,,Sanchez,,,,,,,United States,false,,US,2026-01-22,2026-09-01
100512,Lisa,,Gomez,https://www.linkedin.com/in/lisa-gomez-83,,,,,,United States,false,,US,2025-04-04,2026-09-01
100513,Mark,,Clark,https://www.linkedin.com/in/mark-clark-44,,,,,,United States,false,,US,2025-08-12,2026-09-01
100514,Catherine,,Murphy,https://www.linkedin.com/in/catherine-murphy-65,,,,,,United States,false,,US,2025-02-27,2026-09-01
100515,Frank,,Gomez,https://www.linkedin.com/in/frank-gomez-59,,,,,,United States,false,,US,2026-05-16,2026-09-01
100516,Nicole,,Kim,https://www.linkedin.com/in/nicole-kim-15,,,,,,United States,false,,US,2024-01-11,2026-09-01
100517,Carol,,Reyes,,,,,,,United States,false,,US,2025-10-11,2026-09-01
100518,Patrick,,Ortiz,https://www.linkedin.com/in/patrick-ortiz-43,,,,,,United States,false,,US,2024-08-27,2026-09-01
100519,John,,Stewart,https://www.linkedin.com/in/john-stewart-69,,,,,,United States,false,,US,2026-06-12,2026-09-01
100520,Raymond,,Jackson,,,,,,,United States,false,,US,2024-07-10,2026-09-01
100521,Shirley,,Kelly,https://www.linkedin.com/in/shirley-kelly-19,,,,,,United States,false,,US,2025-05-19,2026-09-01
100522,Jerry,,Murphy,https://www.linkedin.com/in/jerry-murphy-52,,,,,,United States,false,,US,2024-02-23,2026-09-01
100523,Paul,,Thomas,https://www.linkedin.com/in/paul-thomas-85,,,,,,United States,false,,US,2024-08-05,2026-09-01
100524,Dorothy,,Martin,,,,,,,United States,false,,US,2026-07-31,2026-09-01
100525,Amanda,,Gonzalez,https://www.linkedin.com/in/amanda-gonzalez-75,,,,,,United States,false,,US,2025-02-13,2026-09-01
100526,Gary,,Edwards,https://www.linkedin.com/in/gary-edwards-70,,,,,,United States,false,,US,2025-07-03,2026-09-01
100527,Joshua,,Martin,https://www.linkedin.com/in/joshua-martin-97,,,,,,United States,false,,US,2025-09-07,2026-09-01
100528,Ashley,,Gutierrez,https://www.linkedin.com/in/ashley-gutierrez-82,,,,,,United States,false,,US,2024-04-07,2026-09-01
100529,Stephen,,Martinez,https://www.linkedin.com/in/stephen-martinez-75,,,,,,United States,false,,US,2024-08-08,2026-09-01
100530,Alexander,,Wilson,https://www.linkedin.com/in/alexander-wilson-12,,,,,,United States,false,,US,2024-01-12,2026-09-01
100531,Ronald,,Anderson,,,,,,,United States,false,,US,2026-09-04,2026-09-01
100532,Katherine,,Jackson,https://www.linkedin.com/in/katherine-jackson-65,,,,,,United States,false,,US,2025-01-25,2026-09-01
100533,Laura,,Howard,https://www.linkedin.com/in/laura-howard-47,,,,,,United States,false,,US,2026-03-13,2026-09-01
100534,Michael,,Nelson,,,,,,,United States,false,,US,2026-06-03,2026-09-01
100535,Samuel,,Hall,https://www.linkedin.com/in/samuel-hall-65,,,,,,United States,false,,US,2024-02-12,2026-09-01
100536,Charles,,Torres,https://www.linkedin.com/in/charles-torres-70,,,,,,United States,false,,US,2025-12-05,2026-09-01
100537,Charles,,Richardson,https://www.linkedin.com/in/charles-richardson-98,,,,,,United States,false,,US,2024-06-25,2026-09-01
100538,Christine,,Morris,,,,,,,United States,false,,US,2025-02-12,2026-09-01
100539,Charles,,Cox,https://www.linkedin.com/in/charles-cox-63,,,,,,United States,false,,US,2026-10-08,2026-09-01
100540,Angela,,Cox,https://www.linkedin.com/in/angela-cox-16,,,,,,United States,false,,US,2026-06-15,2026-09-01
100541,Ryan,,Anderson,https://www.linkedin.com/in/ryan-anderson-88,,,,,,United States,false,,US,2024-07-27,2026-09-01
100542,Brenda,,Garcia,https://www.linkedin.com/in/brenda-garcia-31,,,,,,United States,false,,US,2024-08-29,2026-09-01
100543,Karen,,Ortiz,https://www.linkedin.com/in/karen-ortiz-39,,,,,,United States,false,,US,2024-10-09,2026-09-01
100544,Jason,,Evans,https://www.linkedin.com/in/jason-evans-68,,,,,,United States,false,,US,2026-11-23,2026-09-01
100545,Carolyn,,Gutierrez,https://www.linkedin.com/in/carolyn-gutierrez-63,,,,,,United States,false,,US,2026-04-03,2026-09-01
100546,Debra,,Peterson,https://www.linkedin.com/in/debra-peterson-50,,,,,,United States,false,,US,2025-12-05,2026-09-01
100547,William,,Jones,https://www.linkedin.com/in/william-jones-59,,,,,,United States,false,,US,2024-09-15,2026-09-01
100548,Eric,,Cooper,https://www.linkedin.com/in/eric-cooper-21,,,,,,United States,false,,US,2026-11-13,2026-09-01
100549,Stephen,,Flores,https://www.linkedin.com/in/stephen-flores-91,,,,,,United States,false,,US,2024-11-23,2026-09-01
100550,Justin,,Reed,https://www.linkedin.com/in/justin-reed-90,,,,,,United States,false,,US,2026-12-28,2026-09-01
100551,Scott,,Robinson,https://www.linkedin.com/in/scott-robinson-46,,,,,,United States,false,,US,2024-10-13,2026-09-01
100552,Carolyn,,Carter,https://www.linkedin.com/in/carolyn-carter-41,,,,,,United States,false,,US,2024-08-03,2026-09-01
100553,Ryan,,Taylor,https://www.linkedin.com/in/ryan-taylor-75,,,,,,United States,false,,US,2026-12-19,2026-09-01
100554,Jessica,,Ramirez,https://www.linkedin.com/in/jessica-ramirez-14,,,,,,United States,false,,US,2024-11-17,2026-09-01
100555,Christopher,,Jackson,https://www.linkedin.com/in/christopher-jackson-63,,,,,,United States,false,,US,2024-04-09,2026-09-01
100556,Michelle,,Torres,https://www.linkedin.com/in/michelle-torres-72,,,,,,United States,false,,US,2024-01-05,2026-09-01
100557,Barbara,,Richardson,https://www.linkedin.com/in/barbara-richardson-62,,,,,,United States,false,,US,2026-03-04,2026-09-01
100558,Sandra,,Gomez,https://www.linkedin.com/in/sandra-gomez-15,,,,,,United States,false,,US,2026-06-26,2026-09-01
100559,Jack,,Scott,https://www.linkedin.com/in/jack-scott-31,,,,,,United States,false,,US,2024-02-20,2026-09-01
100560,Patricia,,Ortiz,https://www.linkedin.com/in/patricia-ortiz-42,,,,,,United States,false,,US,2024-07-05,2026-09-01
100561,Timothy,,Perez,,,,,,,United States,false,,US,2025-10-28,2026-09-01
100562,Dennis,,Cook,https://www.linkedin.com/in/dennis-cook-24,,,,,,United States,false,,US,2025-07-05,2026-09-01
100563,Linda,,Green,https://www.linkedin.com/in/linda-green-62,,,,,,United States,false,,US,2024-05-14,2026-09-01
100564,Melissa,,Cooper,https://www.linkedin.com/in/melissa-cooper-41,,,,,,United States,false,,US,2026-05-17,2026-09-01
100565,Brenda,,Edwards,,,,,,,United States,false,,US,2026-08-09,2026-09-01
100566,Helen,,Nguyen,https://www.linkedin.com/in/helen-nguyen-31,,,,,,United States,false,,US,2024-01-02,2026-09-01
100567,Linda,,Morris,https://www.linkedin.com/in/linda-morris-42,,,,,,United States,false,,US,2026-02-17,2026-09-01
100568,Patrick,,Morales,https://www.linkedin.com/in/patrick-morales-78,,,,,,United States,false,,US,2024-06-15,2026-09-01
100569,Katherine,,Martinez,https://www.linkedin.com/in/katherine-martinez-95,,,,,,United States,false,,US,2026-06-30,2026-09-01
100570,Alexander,,Thomas,https://www.linkedin.com/in/alexander-thomas-58,,,,,,United States,false,,US,2026-01-03,2026-09-01
100571,Larry,,Cook,https://www.linkedin.com/in/larry-cook-80,,,,,,United States,false,,US,2025-01-31,2026-09-01
100572,Gregory,,Reed,https://www.linkedin.com/in/gregory-reed-87,,,,,,United States,false,,US,2024-12-25,2026-09-01
100573,David,,Ramos,,,,,,,United States,false,,US,2024-05-13,2026-09-01
100574,Ronald,,Harris,https://www.linkedin.com/in/ronald-harris-83,,,,,,United States,false,,US,2024-02-21,2026-09-01
100575,David,,Gonzalez,,,,,,,United States,false,,US,2026-06-03,2026-09-01
100576,Donald,,Martinez,https://www.linkedin.com/in/donald-martinez-89,,,,,,United States,false,,US,2026-06-17,2026-09-01
100577,Maria,,Gonzalez,https://www.linkedin.com/in/maria-gonzalez-84,,,,,,United States,false,,US,2024-09-12,2026-09-01
100578,Helen,,Evans,https://www.linkedin.com/in/helen-evans-86,,,,,,United States,false,,US,2024-01-22,2026-09-01
100579,Ryan,,Roberts,https://www.linkedin.com/in/ryan-roberts-64,,,,,,United States,false,,US,2024-07-26,2026-09-01
100580,Jennifer,,Davis,,,,,,,United States,false,,US,2026-06-11,2026-09-01
100581,Eric,,Ramos,https://www.linkedin.com/in/eric-ramos-28,,,,,,United States,false,,US,2024-04-27,2026-09-01
100582,Donald,,Cook,https://www.linkedin.com/in/donald-cook-81,,,,,,United States,false,,US,2024-04-21,2026-09-01
100583,Jason,,Hall,https://www.linkedin.com/in/jason-hall-35,,,,,,United States,false,,US,2025-02-16,2026-09-01
100584,David,,Baker,https://www.linkedin.com/in/david-baker-70,,,,,,United States,false,,US,2026-08-15,2026-09-01
100585,Daniel,,Lewis,https://www.linkedin.com/in/daniel-lewis-32,,,,,,United States,false,,US,2025-11-26,2026-09-01
100586,Joseph,,Baker,https://www.linkedin.com/in/joseph-baker-49,,,,,,United States,false,,US,2026-07-23,2026-09-01
100587,Donald,,Mitchell,https://www.linkedin.com/in/donald-mitchell-94,,,,,,United States,false,,US,2024-12-16,2026-09-01
100588,Jonathan,,Nguyen,https://www.linkedin.com/in/jonathan-nguyen-51,,,,,,United States,false,,US,2025-05-21,2026-09-01
100589,Michael,,Scott,https://www.linkedin.com/in/michael-scott-75,,,,,,United States,false,,US,2026-09-28,2026-09-01
100590,Andrew,,Howard,https://www.linkedin.com/in/andrew-howard-84,,,,,,United States,false,,US,2024-03-15,2026-09-01
100591,Anthony,,Lewis,https://www.linkedin.com/in/anthony-lewis-67,,,,,,United States,false,,US,2025-04-25,2026-09-01
100592,Jason,,Edwards,https://www.linkedin.com/in/jason-edwards-62,,,,,,United States,false,,US,2026-01-22,2026-09-01
100593,Amy,,Green,https://www.linkedin.com/in/amy-green-13,,,,,,United States,false,,US,2025-01-02,2026-09-01
100594,Kevin,,Allen,https://www.linkedin.com/in/kevin-allen-97,,,,,,United States,false,,US,2025-07-16,2026-09-01
100595,Stephanie,,Howard,https://www.linkedin.com/in/stephanie-howard-11,,,,,,United States,false,,US,2026-08-24,2026-09-01
100596,Katherine,,Rogers,https://www.linkedin.com/in/katherine-rogers-29,,,,,,United States,false,,US,2026-03-25,2026-09-01
100597,Thomas,,Flores,https://www.linkedin.com/in/thomas-flores-11,,,,,,United States,false,,US,2026-10-20,2026-09-01
100598,Sarah,,Martin,https://www.linkedin.com/in/sarah-martin-52,,,,,,United States,false,,US,2026-03-11,2026-09-01
100599,Edward,,Clark,https://www.linkedin.com/in/edward-clark-18,,,,,,United States,false,,US,2026-12-30,2026-09-01
100600,Deborah,,Harris,https://www.linkedin.com/in/deborah-harris-52,,,,,,United States,false,,US,2026-07-13,2026-09-01
100601,Anthony,,Taylor,https://www.linkedin.com/in/anthony-taylor-49,,,,,,United States,false,,US,2026-06-04,2026-09-01
100602,Patrick,,Stewart,https://www.linkedin.com/in/patrick-stewart-83,,,,,,United States,false,,US,2025-09-27,2026-09-01
100603,Emma,,Sanchez,https://www.linkedin.com/in/emma-sanchez-97,,,,,,United States,false,,US,2026-07-28,2026-09-01
100604,Emily,,Sanchez,,,,,,,United States,false,,US,2024-10-19,2026-09-01
100605,Maria,,Peterson,,,,,,,United States,false,,US,2026-01-25,2026-09-01
100606,Elizabeth,,Wilson,https://www.linkedin.com/in/elizabeth-wilson-51,,,,,,United States,false,,US,2026-04-19,2026-09-01
100607,Gary,,Reyes,,,,,,,United States,false,,US,2025-05-11,2026-09-01
100608,Carolyn,,Cruz,,,,,,,United States,false,,US,2025-07-25,2026-09-01
100609,Charles,,Perez,https://www.linkedin.com/in/charles-perez-87,,,,,,United States,false,,US,2024-07-24,2026-09-01
100610,Melissa,,Walker,https://www.linkedin.com/in/melissa-walker-12,,,,,,United States,false,,US,2026-05-13,2026-09-01
100611,Patricia,,Johnson,https://www.linkedin.com/in/patricia-johnson-34,,,,,,United States,false,,US,2024-05-09,2026-09-01
100612,Mark,,Gonzalez,https://www.linkedin.com/in/mark-gonzalez-95,,,,,,United States,false,,US,2024-12-09,2026-09-01
100613,Raymond,,Perez,,,,,,,United States,false,,US,2026-11-15,2026-09-01
100614,Benjamin,,Roberts,https://www.linkedin.com/in/benjamin-roberts-98,,,,,,United States,false,,US,2024-09-29,2026-09-01
100615,Sandra,,Cook,https://www.linkedin.com/in/sandra-cook-11,,,,,,United States,false,,US,2025-04-21,2026-09-01
100616,Robert,,Ward,https://www.linkedin.com/in/robert-ward-25,,,,,,United States,false,,US,2025-09-24,2026-09-01
100617,Samuel,,Torres,https://www.linkedin.com/in/samuel-torres-39,,,,,,United States,false,,US,2025-11-09,2026-09-01
100618,Carol,,Young,https://www.linkedin.com/in/carol-young-16,,,,,,United States,false,,US,2025-05-23,2026-09-01
100619,Debra,,Lewis,https://www.linkedin.com/in/debra-lewis-58,,,,,,United States,false,,US,2026-12-03,2026-09-01
100620,Dorothy,,White,https://www.linkedin.com/in/dorothy-white-10,,,,,,United States,false,,US,2024-05-12,2026-09-01
100621,Kathleen,,Williams,https://www.linkedin.com/in/kathleen-williams-64,,,,,,United States,false,,US,2024-06-19,2026-09-01
100622,Maria,,Hill,https://www.linkedin.com/in/maria-hill-29,,,,,,United States,false,,US,2024-12-25,2026-09-01
100623,Steven,,Carter,https://www.linkedin.com/in/steven-carter-68,,,,,,United States,false,,US,2025-08-03,2026-09-01
100624,Frank,,Mitchell,https://www.linkedin.com/in/frank-mitchell-93,,,,,,United States,false,,US,2026-02-28,2026-09-01
100625,Jason,,Young,https://www.linkedin.com/in/jason-young-14,,,,,,United States,false,,US,2026-01-10,2026-09-01
100626,William,,Gutierrez,https://www.linkedin.com/in/william-gutierrez-64,,,,,,United States,false,,US,2024-12-05,2026-09-01
100627,Jason,,Allen,https://www.linkedin.com/in/jason-allen-74,,,,,,United States,false,,US,2026-12-27,2026-09-01
100628,Gregory,,Carter,https://www.linkedin.com/in/gregory-carter-62,,,,,,United States,false,,US,2024-07-01,2026-09-01
100629,Susan,,Kelly,https://www.linkedin.com/in/susan-kelly-54,,,,,,United States,false,,US,2024-10-19,2026-09-01
100630,David,,Baker,,,,,,,United States,false,,US,2025-04-25,2026-09-01
100631,James,,Carter,https://www.linkedin.com/in/james-carter-44,,,,,,United States,false,,US,2026-09-22,2026-09-01
100632,Jacob,,Baker,https://www.linkedin.com/in/jacob-baker-53,,,,,,United States,false,,US,2026-01-29,2026-09-01
100633,Rachel,,Young,https://www.linkedin.com/in/rachel-young-89,,,,,,United States,false,,US,2026-08-31,2026-09-01
100634,Gary,,Phillips,https://www.linkedin.com/in/gary-phillips-20,,,,,,United States,false,,US,2025-12-14,2026-09-01
100635,Carolyn,,Cook,,,,,,,United States,false,,US,2026-10-16,2026-09-01
100636,Barbara,,Hill,https://www.linkedin.com/in/barbara-hill-80,,,,,,United States,false,,US,2026-08-14,2026-09-01
100637,Nancy,,Edwards,https://www.linkedin.com/in/nancy-edwards-71,,,,,,United States,false,,US,2025-05-08,2026-09-01
100638,Jack,,Carter,https://www.linkedin.com/in/jack-carter-81,,,,,,United States,false,,US,2026-06-13,2026-09-01
100639,Sandra,,Lewis,https://www.linkedin.com/in/sandra-lewis-47,,,,,,United States,false,,US,2024-06-28,2026-09-01
100640,Joseph,,Lopez,https://www.linkedin.com/in/joseph-lopez-85,,,,,,United States,false,,US,2025-01-20,2026-09-01
100641,Ryan,,Jackson,https://www.linkedin.com/in/ryan-jackson-28,,,,,,United States,false,,US,2024-03-11,2026-09-01
100642,Scott,,Green,https://www.linkedin.com/in/scott-green-98,,,,,,United States,false,,US,2024-09-09,2026-09-01
100643,Charles,,Williams,https://www.linkedin.com/in/charles-williams-53,,,,,,United States,false,,US,2026-05-15,2026-09-01
100644,Alexander,,Stewart,https://www.linkedin.com/in/alexander-stewart-60,,,,,,United States,false,,US,2026-03-11,2026-09-01
100645,Elizabeth,,Ortiz,https://www.linkedin.com/in/elizabeth-ortiz-46,,,,,,United States,false,,US,2025-02-03,2026-09-01
100646,Nancy,,Davis,,,,,,,United States,false,,US,2026-08-28,2026-09-01
100647,Daniel,,Miller,,,,,,,United States,false,,US,2026-11-21,2026-09-01
100648,Katherine,,Carter,https://www.linkedin.com/in/katherine-carter-93,,,,,,United States,false,,US,2026-06-30,2026-09-01
100649,Melissa,,Johnson,,,,,,,United States,false,,US,2024-06-18,2026-09-01
100650,Jessica,,Morales,https://www.linkedin.com/in/jessica-morales-75,,,,,,United States,false,,US,2025-04-05,2026-09-01
100651,Gregory,,Thomas,https://www.linkedin.com/in/gregory-thomas-86,,,,,,United States,false,,US,2025-01-03,2026-09-01
100652,Dennis,,Jones,,,,,,,United States,false,,US,2024-09-12,2026-09-01
100653,Donna,,Morgan,https://www.linkedin.com/in/donna-morgan-83,,,,,,United States,false,,US,2026-10-01,2026-09-01
100654,Frank,,Green,https://www.linkedin.com/in/frank-green-55,,,,,,United States,false,,US,2026-11-11,2026-09-01
100655,Charles,,Phillips,https://www.linkedin.com/in/charles-phillips-42,,,,,,United States,false,,US,2026-05-21,2026-09-01
100656,Frank,,Jackson,https://www.linkedin.com/in/frank-jackson-19,,,,,,United States,false,,US,2025-07-05,2026-09-01
100657,George,,Nelson,https://www.linkedin.com/in/george-nelson-28,,,,,,United States,false,,US,2025-04-07,2026-09-01
100658,Emily,,Johnson,,,,,,,United States,false,,US,2025-03-31,2026-09-01
100659,Stephanie,,Morris,https://www.linkedin.com/in/stephanie-morris-43,,,,,,United States,false,,US,2024-01-20,2026-09-01
100660,Debra,,Rogers,https://www.linkedin.com/in/debra-rogers-94,,,,,,United States,false,,US,2024-09-15,2026-09-01
100661,Christopher,,Carter,https://www.linkedin.com/in/christopher-carter-44,,,,,,United States,false,,US,2024-04-18,2026-09-01
100662,Amy,,Johnson,https://www.linkedin.com/in/amy-johnson-64,,,,,,United States,false,,US,2026-11-07,2026-09-01
100663,Brandon,,Harris,https://www.linkedin.com/in/brandon-harris-10,,,,,,United States,false,,US,2026-05-20,2026-09-01
100664,Rachel,,Morgan,https://www.linkedin.com/in/rachel-morgan-41,,,,,,United States,false,,US,2026-12-17,2026-09-01
100665,Alexander,,Young,https://www.linkedin.com/in/alexander-young-25,,,,,,United States,false,,US,2025-08-17,2026-09-01
100666,Samuel,,Rogers,https://www.linkedin.com/in/samuel-rogers-14,,,,,,United States,false,,US,2026-08-06,2026-09-01
100667,Helen,,Morales,,,,,,,United States,false,,US,2024-01-13,2026-09-01
100668,Brandon,,Collins,https://www.linkedin.com/in/brandon-collins-55,,,,,,United States,false,,US,2024-08-07,2026-09-01
100669,James,,Hall,https://www.linkedin.com/in/james-hall-33,,,,,,United States,false,,US,2026-04-03,2026-09-01
100670,John,,Lee,https://www.linkedin.com/in/john-lee-71,,,,,,United States,false,,US,2025-06-28,2026-09-01
100671,Deborah,,Taylor,,,,,,,United States,false,,US,2024-08-08,2026-09-01
100672,Robert,,Taylor,https://www.linkedin.com/in/robert-taylor-74,,,,,,United States,false,,US,2024-01-28,2026-09-01
100673,Jerry,,Walker,,,,,,,United States,false,,US,2025-12-01,2026-09-01
100674,Jason,,Kim,https://www.linkedin.com/in/jason-kim-65,,,,,,United States,false,,US,2026-09-10,2026-09-01
100675,Samantha,,Robinson,https://www.linkedin.com/in/samantha-robinson-64,,,,,,United States,false,,US,2026-09-08,2026-09-01
100676,Michael,,White,,,,,,,United States,false,,US,2024-04-16,2026-09-01
100677,Gary,,Campbell,https://www.linkedin.com/in/gary-campbell-24,,,,,,United States,false,,US,2024-07-17,2026-09-01
100678,Emily,,Clark,https://www.linkedin.com/in/emily-clark-21,,,,,,United States,false,,US,2024-08-05,2026-09-01
100679,Helen,,Baker,https://www.linkedin.com/in/helen-baker-70,,,,,,United States,false,,US,2025-02-17,2026-09-01
100680,Jonathan,,Martin,,,,,,,United States,false,,US,2025-01-27,2026-09-01
100681,Rebecca,,Peterson,https://www.linkedin.com/in/rebecca-peterson-81,,,,,,United States,false,,US,2025-12-12,2026-09-01
100682,George,,Edwards,https://www.linkedin.com/in/george-edwards-25,,,,,,United States,false,,US,2026-06-12,2026-09-01
100683,Donna,,Garcia,https://www.linkedin.com/in/donna-garcia-45,,,,,,United States,false,,US,2024-09-29,2026-09-01
100684,Andrew,,Miller,https://www.linkedin.com/in/andrew-miller-41,,,,,,United States,false,,US,2025-03-06,2026-09-01
100685,Mary,,Rivera,https://www.linkedin.com/in/mary-rivera-45,,,,,,United States,false,,US,2024-12-27,2026-09-01
100686,Steven,,Williams,https://www.linkedin.com/in/steven-williams-84,,,,,,United States,false,,US,2024-08-05,2026-09-01
100687,Lisa,,Thompson,https://www.linkedin.com/in/lisa-thompson-72,,,,,,United States,false,,US,2025-01-04,2026-09-01
100688,Samuel,,Phillips,,,,,,,United States,false,,US,2026-12-14,2026-09-01
100689,Jennifer,,Taylor,https://www.linkedin.com/in/jennifer-taylor-20,,,,,,United States,false,,US,2025-07-02,2026-09-01
100690,Christopher,,Kim,,,,,,,United States,false,,US,2024-01-20,2026-09-01
100691,Jennifer,,Wilson,https://www.linkedin.com/in/jennifer-wilson-23,,,,,,United States,false,,US,2026-11-13,2026-09-01
100692,Deborah,,Anderson,https://www.linkedin.com/in/deborah-anderson-24,,,,,,United States,false,,US,2025-04-04,2026-09-01
100693,Susan,,Torres,https://www.linkedin.com/in/susan-torres-88,,,,,,United States,false,,US,2025-11-14,2026-09-01
100694,Jessica,,Campbell,https://www.linkedin.com/in/jessica-campbell-20,,,,,,United States,false,,US,2024-03-29,2026-09-01
100695,Jason,,Scott,,,,,,,United States,false,,US,2025-10-23,2026-09-01
100696,Samantha,,Nelson,,,,,,,United States,false,,US,2025-05-18,2026-09-01
100697,Deborah,,Turner,https://www.linkedin.com/in/deborah-turner-78,,,,,,United States,false,,US,2026-12-29,2026-09-01
100698,Heather,,Moore,https://www.linkedin.com/in/heather-moore-28,,,,,,United States,false,,US,2026-05-12,2026-09-01
100699,Ashley,,Clark,https://www.linkedin.com/in/ashley-clark-17,,,,,,United States,false,,US,2024-10-09,2026-09-01
100700,Jessica,,Jackson,https://www.linkedin.com/in/jessica-jackson-13,,,,,,United States,false,,US,2026-05-19,2026-09-01
100701,Samuel,,Johnson,https://www.linkedin.com/in/samuel-johnson-29,,,,,,United States,false,,US,2024-05-02,2026-09-01
100702,Samuel,,Jones,https://www.linkedin.com/in/samuel-jones-32,,,,,,United States,false,,US,2026-10-27,2026-09-01
100703,Linda,,Lewis,https://www.linkedin.com/in/linda-lewis-81,,,,,,United States,false,,US,2024-06-07,2026-09-01
100704,Frank,,Reyes,https://www.linkedin.com/in/frank-reyes-93,,,,,,United States,false,,US,2026-04-09,2026-09-01
100705,Stephen,,Sanchez,https://www.linkedin.com/in/stephen-sanchez-14,,,,,,United States,false,,US,2025-05-07,2026-09-01
100706,Ronald,,Cook,https://www.linkedin.com/in/ronald-cook-60,,,,,,United States,false,,US,2025-12-29,2026-09-01
100707,Thomas,,Gonzalez,https://www.linkedin.com/in/thomas-gonzalez-74,,,,,,United States,false,,US,2024-07-25,2026-09-01
100708,Nicholas,,Martin,,,,,,,United States,false,,US,2026-02-21,2026-09-01
100709,Brandon,,Cox,,,,,,,United States,false,,US,2024-11-08,2026-09-01
100710,Nancy,,Nguyen,https://www.linkedin.com/in/nancy-nguyen-45,,,,,,United States,false,,US,2026-01-14,2026-09-01
100711,Amanda,,Lopez,,,,,,,United States,false,,US,2026-08-01,2026-09-01
100712,Laura,,King,https://www.linkedin.com/in/laura-king-97,,,,,,United States,false,,US,2024-03-28,2026-09-01
100713,Helen,,Davis,https://www.linkedin.com/in/helen-davis-41,,,,,,United States,false,,US,2024-01-17,2026-09-01
100714,Susan,,Gomez,https://www.linkedin.com/in/susan-gomez-35,,,,,,United States,false,,US,2026-04-02,2026-09-01
100715,Anna,,Martin,https://www.linkedin.com/in/anna-martin-28,,,,,,United States,false,,US,2025-03-13,2026-09-01
100716,Kenneth,,Reed,,,,,,,United States,false,,US,2026-02-17,2026-09-01
100717,Christine,,King,https://www.linkedin.com/in/christine-king-16,,,,,,United States,false,,US,2024-07-08,2026-09-01
100718,Jason,,Baker,https://www.linkedin.com/in/jason-baker-48,,,,,,United States,false,,US,2024-12-02,2026-09-01
100719,Janet,,Green,,,,,,,United States,false,,US,2026-07-28,2026-09-01
100720,Christopher,,Murphy,https://www.linkedin.com/in/christopher-murphy-24,,,,,,United States,false,,US,2026-04-12,2026-09-01
100721,Kimberly,,Gutierrez,https://www.linkedin.com/in/kimberly-gutierrez-67,,,,,,United States,false,,US,2024-09-14,2026-09-01
100722,Samantha,,Edwards,https://www.linkedin.com/in/samantha-edwards-84,,,,,,United States,false,,US,2024-07-18,2026-09-01
100723,Richard,,Lopez,https://www.linkedin.com/in/richard-lopez-23,,,,,,United States,false,,US,2024-07-02,2026-09-01
100724,Katherine,,Williams,https://www.linkedin.com/in/katherine-williams-62,,,,,,United States,false,,US,2024-07-31,2026-09-01
100725,Amy,,Richardson,https://www.linkedin.com/in/amy-richardson-22,,,,,,United States,false,,US,2026-06-28,2026-09-01
100726,Eric,,Kim,https://www.linkedin.com/in/eric-kim-31,,,,,,United States,false,,US,2026-05-30,2026-09-01
100727,Kenneth,,Gutierrez,https://www.linkedin.com/in/kenneth-gutierrez-39,,,,,,United States,false,,US,2024-07-22,2026-09-01
100728,Dorothy,,Clark,,,,,,,United States,false,,US,2024-02-22,2026-09-01
100729,Ryan,,Rivera,https://www.linkedin.com/in/ryan-rivera-93,,,,,,United States,false,,US,2025-03-30,2026-09-01
100730,Joshua,,Harris,https://www.linkedin.com/in/joshua-harris-41,,,,,,United States,false,,US,2026-02-13,2026-09-01
100731,Jerry,,King,https://www.linkedin.com/in/jerry-king-45,,,,,,United States,false,,US,2024-06-18,2026-09-01
100732,Charles,,White,https://www.linkedin.com/in/charles-white-32,,,,,,United States,false,,US,2024-03-05,2026-09-01
100733,Jessica,,Baker,https://www.linkedin.com/in/jessica-baker-71,,,,,,United States,false,,US,2024-01-11,2026-09-01
100734,Barbara,,Hall,https://www.linkedin.com/in/barbara-hall-93,,,,,,United States,false,,US,2025-08-25,2026-09-01
100735,Cynthia,,Murphy,https://www.linkedin.com/in/cynthia-murphy-61,,,,,,United States,false,,US,2025-01-30,2026-09-01
100736,Kenneth,,Richardson,,,,,,,United States,false,,US,2026-02-23,2026-09-01
100737,Jason,,Sanchez,https://www.linkedin.com/in/jason-sanchez-57,,,,,,United States,false,,US,2024-05-11,2026-09-01
100738,Laura,,Perez,https://www.linkedin.com/in/laura-perez-75,,,,,,United States,false,,US,2025-06-02,2026-09-01
100739,Deborah,,Torres,https://www.linkedin.com/in/deborah-torres-77,,,,,,United States,false,,US,2025-03-21,2026-09-01
100740,Susan,,Bailey,https://www.linkedin.com/in/susan-bailey-87,,,,,,United States,false,,US,2024-06-02,2026-09-01
100741,Robert,,Torres,,,,,,,United States,false,,US,2024-01-10,2026-09-01
100742,David,,Stewart,,,,,,,United States,false,,US,2026-04-30,2026-09-01
100743,Raymond,,Hill,https://www.linkedin.com/in/raymond-hill-54,,,,,,United States,false,,US,2026-03-30,2026-09-01
100744,Mark,,Perez,,,,,,,United States,false,,US,2026-01-25,2026-09-01
100745,Jonathan,,Smith,https://www.linkedin.com/in/jonathan-smith-16,,,,,,United States,false,,US,2025-06-15,2026-09-01
100746,Jennifer,,Anderson,,,,,,,United States,false,,US,2025-09-15,2026-09-01
100747,Ashley,,Clark,https://www.linkedin.com/in/ashley-clark-19,,,,,,United States,false,,US,2026-10-09,2026-09-01
100748,Linda,,Ramirez,,,,,,,United States,false,,US,2025-03-18,2026-09-01
100749,Cynthia,,Roberts,https://www.linkedin.com/in/cynthia-roberts-23,,,,,,United States,false,,US,2025-11-28,2026-09-01
100750,Catherine,,Anderson,https://www.linkedin.com/in/catherine-anderson-68,,,,,,United States,false,,US,2025-01-18,2026-09-01
100751,Andrew,,Brown,https://www.linkedin.com/in/andrew-brown-77,,,,,,United States,false,,US,2026-07-16,2026-09-01
100752,Amanda,,King,,,,,,,United States,false,,US,2024-06-21,2026-09-01
100753,Pamela,,Wright,https://www.linkedin.com/in/pamela-wright-78,,,,,,United States,false,,US,2024-07-25,2026-09-01
100754,Emily,,Lewis,https://www.linkedin.com/in/emily-lewis-99,,,,,,United States,false,,US,2026-04-08,2026-09-01
100755,Ronald,,Gomez,,,,,,,United States,false,,US,2025-07-03,2026-09-01
100756,Maria,,Johnson,https://www.linkedin.com/in/maria-johnson-70,,,,,,United States,false,,US,2024-01-03,2026-09-01
100757,Nancy,,Jackson,https://www.linkedin.com/in/nancy-jackson-22,,,,,,United States,false,,US,2025-09-15,2026-09-01
100758,Jack,,Nelson,https://www.linkedin.com/in/jack-nelson-54,,,,,,United States,false,,US,2025-06-11,2026-09-01
100759,Timothy,,Lewis,https://www.linkedin.com/in/timothy-lewis-28,,,,,,United States,false,,US,2026-01-01,2026-09-01
100760,Edward,,Wilson,https://www.linkedin.com/in/edward-wilson-90,,,,,,United States,false,,US,2026-07-09,2026-09-01
100761,Carol,,Ward,,,,,,,United States,false,,US,2026-07-20,2026-09-01
100762,Larry,,Hall,https://www.linkedin.com/in/larry-hall-11,,,,,,United States,false,,US,2026-10-18,2026-09-01
100763,Gregory,,Smith,,,,,,,United States,false,,US,2024-10-09,2026-09-01
100764,Brian,,Torres,https://www.linkedin.com/in/brian-torres-74,,,,,,United States,false,,US,2024-11-13,2026-09-01
100765,Daniel,,Reed,https://www.linkedin.com/in/daniel-reed-51,,,,,,United States,false,,US,2024-10-12,2026-09-01
100766,Debra,,Sanchez,https://www.linkedin.com/in/debra-sanchez-63,,,,,,United States,false,,US,2025-02-12,2026-09-01
100767,Timothy,,Reyes,,,,,,,United States,false,,US,2024-02-24,2026-09-01
100768,Jerry,,Turner,,,,,,,United States,false,,US,2024-10-14,2026-09-01
100769,Kathleen,,Nelson,https://www.linkedin.com/in/kathleen-nelson-25,,,,,,United States,false,,US,2026-11-12,2026-09-01
100770,Samantha,,Martin,https://www.linkedin.com/in/samantha-martin-49,,,,,,United States,false,,US,2024-01-14,2026-09-01
100771,Gary,,Richardson,https://www.linkedin.com/in/gary-richardson-24,,,,,,United States,false,,US,2024-05-17,2026-09-01
100772,James,,Martin,https://www.linkedin.com/in/james-martin-25,,,,,,United States,false,,US,2026-11-30,2026-09-01
100773,Betty,,Stewart,https://www.linkedin.com/in/betty-stewart-47,,,,,,United States,false,,US,2024-07-23,2026-09-01
100774,Emma,,Murphy,https://www.linkedin.com/in/emma-murphy-45,,,,,,United States,false,,US,2026-03-12,2026-09-01
100775,Nicholas,,Clark,https://www.linkedin.com/in/nicholas-clark-77,,,,,,United States,false,,US,2026-03-10,2026-09-01
100776,Angela,,Rodriguez,https://www.linkedin.com/in/angela-rodriguez-29,,,,,,United States,false,,US,2025-12-21,2026-09-01
100777,Emma,,Howard,https://www.linkedin.com/in/emma-howard-89,,,,,,United States,false,,US,2026-04-06,2026-09-01
100778,David,,Garcia,,,,,,,United States,false,,US,2024-11-21,2026-09-01
100779,Elizabeth,,Cruz,https://www.linkedin.com/in/elizabeth-cruz-87,,,,,,United States,false,,US,2024-03-01,2026-09-01
100780,Daniel,,Adams,,,,,,,United States,false,,US,2026-07-09,2026-09-01
100781,Edward,,Moore,https://www.linkedin.com/in/edward-moore-83,,,,,,United States,false,,US,2025-02-13,2026-09-01
100782,Pamela,,Stewart,https://www.linkedin.com/in/pamela-stewart-55,,,,,,United States,false,,US,2024-10-09,2026-09-01
100783,David,,Cruz,https://www.linkedin.com/in/david-cruz-58,,,,,,United States,false,,US,2024-05-25,2026-09-01
100784,Larry,,Hernandez,,,,,,,United States,false,,US,2026-11-25,2026-09-01
100785,Joseph,,Howard,https://www.linkedin.com/in/joseph-howard-43,,,,,,United States,false,,US,2024-03-02,2026-09-01
100786,John,,Baker,https://www.linkedin.com/in/john-baker-35,,,,,,United States,false,,US,2025-11-16,2026-09-01
100787,Thomas,,Wright,https://www.linkedin.com/in/thomas-wright-23,,,,,,United States,false,,US,2024-03-13,2026-09-01
100788,Amy,,Cook,https://www.linkedin.com/in/amy-cook-54,,,,,,United States,false,,US,2026-06-02,2026-09-01
100789,Joseph,,Cruz,,,,,,,United States,false,,US,2026-01-23,2026-09-01
100790,Amanda,,Harris,https://www.linkedin.com/in/amanda-harris-17,,,,,,United States,false,,US,2025-05-02,2026-09-01
100791,Ronald,,Morris,https://www.linkedin.com/in/ronald-morris-94,,,,,,United States,false,,US,2024-06-06,2026-09-01
100792,Katherine,,Young,https://www.linkedin.com/in/katherine-young-44,,,,,,United States,false,,US,2025-10-15,2026-09-01
100793,Eric,,Robinson,https://www.linkedin.com/in/eric-robinson-80,,,,,,United States,false,,US,2025-03-07,2026-09-01
100794,Deborah,,Hill,https://www.linkedin.com/in/deborah-hill-20,,,,,,United States,false,,US,2024-05-02,2026-09-01
100795,Michael,,Flores,,,,,,,United States,false,,US,2025-12-13,2026-09-01
100796,Patricia,,Cox,https://www.linkedin.com/in/patricia-cox-53,,,,,,United States,false,,US,2025-06-21,2026-09-01
100797,Eric,,King,https://www.linkedin.com/in/eric-king-58,,,,,,United States,false,,US,2026-08-15,2026-09-01
100798,Catherine,,Walker,,,,,,,United States,false,,US,2024-02-01,2026-09-01
100799,Robert,,Cruz,,,,,,,United States,false,,US,2024-03-16,2026-09-01
100800,Amanda,,Morris,https://www.linkedin.com/in/amanda-morris-81,,,,,,United States,false,,US,2025-03-22,2026-09-01
100801,Jennifer,,Peterson,https://www.linkedin.com/in/jennifer-peterson-17,,,,,,United States,false,,US,2025-06-14,2026-09-01
100802,Steven,,Williams,https://www.linkedin.com/in/steven-williams-55,,,,,,United States,false,,US,2024-04-01,2026-09-01
100803,Kevin,,Evans,https://www.linkedin.com/in/kevin-evans-57,,,,,,United States,false,,US,2026-08-21,2026-09-01
100804,Donna,,Richardson,,,,,,,United States,false,,US,2026-01-24,2026-09-01
100805,Jennifer,,Nguyen,https://www.linkedin.com/in/jennifer-nguyen-85,,,,,,United States,false,,US,2024-02-22,2026-09-01
100806,Shirley,,Miller,https://www.linkedin.com/in/shirley-miller-94,,,,,,United States,false,,US,2026-12-10,2026-09-01
100807,George,,Robinson,https://www.linkedin.com/in/george-robinson-24,,,,,,United States,false,,US,2025-05-08,2026-09-01
100808,Jeffrey,,Evans,https://www.linkedin.com/in/jeffrey-evans-55,,,,,,United States,false,,US,2026-11-01,2026-09-01
100809,Elizabeth,,Campbell,https://www.linkedin.com/in/elizabeth-campbell-87,,,,,,United States,false,,US,2025-04-16,2026-09-01
100810,Carolyn,,Stewart,https://www.linkedin.com/in/carolyn-stewart-26,,,,,,United States,false,,US,2024-03-10,2026-09-01
100811,Sharon,,Brown,https://www.linkedin.com/in/sharon-brown-19,,,,,,United States,false,,US,2024-09-28,2026-09-01
100812,Angela,,Ortiz,https://www.linkedin.com/in/angela-ortiz-64,,,,,,United States,false,,US,2025-12-26,2026-09-01
100813,Emma,,Ramos,https://www.linkedin.com/in/emma-ramos-93,,,,,,United States,false,,US,2026-07-17,2026-09-01
100814,Edward,,Adams,https://www.linkedin.com/in/edward-adams-75,,,,,,United States,false,,US,2025-07-26,2026-09-01
100815,Jerry,,Gonzalez,https://www.linkedin.com/in/jerry-gonzalez-73,,,,,,United States,false,,US,2025-11-29,2026-09-01
100816,Nicole,,Wilson,https://www.linkedin.com/in/nicole-wilson-95,,,,,,United States,false,,US,2025-07-24,2026-09-01
100817,Matthew,,Smith,https://www.linkedin.com/in/matthew-smith-13,,,,,,United States,false,,US,2026-01-26,2026-09-01
100818,Anthony,,Torres,https://www.linkedin.com/in/anthony-torres-83,,,,,,United States,false,,US,2026-05-23,2026-09-01
100819,Nicholas,,Nelson,https://www.linkedin.com/in/nicholas-nelson-90,,,,,,United States,false,,US,2026-11-16,2026-09-01
100820,Eric,,Green,https://www.linkedin.com/in/eric-green-81,,,,,,United States,false,,US,2024-03-13,2026-09-01
100821,Samantha,,Johnson,https://www.linkedin.com/in/samantha-johnson-85,,,,,,United States,false,,US,2026-02-09,2026-09-01
100822,Mark,,Sanchez,https://www.linkedin.com/in/mark-sanchez-29,,,,,,United States,false,,US,2026-09-19,2026-09-01
100823,Mark,,Anderson,https://www.linkedin.com/in/mark-anderson-46,,,,,,United States,false,,US,2026-05-09,2026-09-01
100824,Ronald,,Taylor,https://www.linkedin.com/in/ronald-taylor-71,,,,,,United States,false,,US,2026-09-28,2026-09-01
100825,Ronald,,Cruz,https://www.linkedin.com/in/ronald-cruz-43,,,,,,United States,false,,US,2024-04-21,2026-09-01
100826,Joseph,,Ward,https://www.linkedin.com/in/joseph-ward-26,,,,,,United States,false,,US,2024-02-10,2026-09-01
100827,Raymond,,Williams,https://www.linkedin.com/in/raymond-williams-21,,,,,,United States,false,,US,2025-11-13,2026-09-01
100828,Amanda,,Peterson,,,,,,,United States,false,,US,2024-04-10,2026-09-01
100829,Jerry,,Young,,,,,,,United States,false,,US,2024-09-10,2026-09-01
100830,Maria,,Turner,,,,,,,United States,false,,US,2024-11-06,2026-09-01
100831,Richard,,Ramos,https://www.linkedin.com/in/richard-ramos-34,,,,,,United States,false,,US,2025-10-01,2026-09-01
100832,Dorothy,,Diaz,https://www.linkedin.com/in/dorothy-diaz-12,,,,,,United States,false,,US,2025-09-10,2026-09-01
100833,Melissa,,Morris,https://www.linkedin.com/in/melissa-morris-92,,,,,,United States,false,,US,2025-09-28,2026-09-01
100834,Jacob,,Gutierrez,https://www.linkedin.com/in/jacob-gutierrez-82,,,,,,United States,false,,US,2025-04-21,2026-09-01
100835,Linda,,Murphy,https://www.linkedin.com/in/linda-murphy-49,,,,,,United States,false,,US,2025-11-22,2026-09-01
100836,Angela,,Bailey,https://www.linkedin.com/in/angela-bailey-20,,,,,,United States,false,,US,2024-08-03,2026-09-01
100837,Jason,,Martinez,https://www.linkedin.com/in/jason-martinez-11,,,,,,United States,false,,US,2024-11-27,2026-09-01
100838,Eric,,Thomas,https://www.linkedin.com/in/eric-thomas-66,,,,,,United States,false,,US,2024-08-20,2026-09-01
100839,Raymond,,Moore,https://www.linkedin.com/in/raymond-moore-70,,,,,,United States,false,,US,2024-01-21,2026-09-01
100840,Kenneth,,Turner,https://www.linkedin.com/in/kenneth-turner-70,,,,,,United States,false,,US,2024-05-17,2026-09-01
100841,James,,Flores,https://www.linkedin.com/in/james-flores-35,,,,,,United States,false,,US,2024-07-11,2026-09-01
100842,Jonathan,,Collins,https://www.linkedin.com/in/jonathan-collins-17,,,,,,United States,false,,US,2026-08-17,2026-09-01
100843,Brandon,,Stewart,https://www.linkedin.com/in/brandon-stewart-10,,,,,,United States,false,,US,2025-04-19,2026-09-01
100844,Margaret,,Lopez,https://www.linkedin.com/in/margaret-lopez-88,,,,,,United States,false,,US,2024-10-27,2026-09-01
100845,Christopher,,Perez,https://www.linkedin.com/in/christopher-perez-10,,,,,,United States,false,,US,2025-10-24,2026-09-01
100846,Jessica,,Bailey,https://www.linkedin.com/in/jessica-bailey-93,,,,,,United States,false,,US,2025-12-14,2026-09-01
100847,Catherine,,Johnson,https://www.linkedin.com/in/catherine-johnson-56,,,,,,United States,false,,US,2026-12-13,2026-09-01
100848,Kathleen,,Gomez,,,,,,,United States,false,,US,2025-06-02,2026-09-01
100849,Gary,,Thompson,https://www.linkedin.com/in/gary-thompson-92,,,,,,United States,false,,US,2024-07-31,2026-09-01
100850,John,,Mitchell,,,,,,,United States,false,,US,2024-11-09,2026-09-01
100851,Emma,,Campbell,https://www.linkedin.com/in/emma-campbell-95,,,,,,United States,false,,US,2026-04-05,2026-09-01
100852,Emily,,Cox,https://www.linkedin.com/in/emily-cox-74,,,,,,United States,false,,US,2026-04-18,2026-09-01
100853,Daniel,,Smith,https://www.linkedin.com/in/daniel-smith-81,,,,,,United States,false,,US,2025-12-19,2026-09-01
100854,Michelle,,Harris,https://www.linkedin.com/in/michelle-harris-26,,,,,,United States,false,,US,2025-09-27,2026-09-01
100855,Michael,,Carter,https://www.linkedin.com/in/michael-carter-32,,,,,,United States,false,,US,2025-07-25,2026-09-01
100856,Sarah,,Reed,https://www.linkedin.com/in/sarah-reed-38,,,,,,United States,false,,US,2025-01-20,2026-09-01
100857,Andrew,,Sanchez,https://www.linkedin.com/in/andrew-sanchez-47,,,,,,United States,false,,US,2025-06-15,2026-09-01
100858,Dorothy,,Mitchell,https://www.linkedin.com/in/dorothy-mitchell-94,,,,,,United States,false,,US,2024-03-10,2026-09-01
100859,Dorothy,,Wilson,https://www.linkedin.com/in/dorothy-wilson-11,,,,,,United States,false,,US,2024-11-21,2026-09-01
100860,Raymond,,Mitchell,https://www.linkedin.com/in/raymond-mitchell-71,,,,,,United States,false,,US,2026-04-01,2026-09-01
100861,Nancy,,Hill,https://www.linkedin.com/in/nancy-hill-99,,,,,,United States,false,,US,2026-12-09,2026-09-01
100862,Brian,,Collins,https://www.linkedin.com/in/brian-collins-68,,,,,,United States,false,,US,2024-01-02,2026-09-01
100863,Gregory,,Jackson,https://www.linkedin.com/in/gregory-jackson-32,,,,,,United States,false,,US,2025-09-09,2026-09-01
100864,Michelle,,Hernandez,https://www.linkedin.com/in/michelle-hernandez-36,,,,,,United States,false,,US,2026-06-13,2026-09-01
100865,Jason,,Kim,https://www.linkedin.com/in/jason-kim-19,,,,,,United States,false,,US,2025-12-11,2026-09-01
100866,Gary,,Ramos,,,,,,,United States,false,,US,2024-12-30,2026-09-01
100867,Jerry,,Walker,https://www.linkedin.com/in/jerry-walker-53,,,,,,United States,false,,US,2026-10-23,2026-09-01
100868,Katherine,,Phillips,https://www.linkedin.com/in/katherine-phillips-11,,,,,,United States,false,,US,2024-11-25,2026-09-01
100869,Kenneth,,Taylor,https://www.linkedin.com/in/kenneth-taylor-59,,,,,,United States,false,,US,2026-07-20,2026-09-01
100870,Mary,,Morales,https://www.linkedin.com/in/mary-morales-95,,,,,,United States,false,,US,2026-04-02,2026-09-01
100871,Janet,,Collins,https://www.linkedin.com/in/janet-collins-69,,,,,,United States,false,,US,2025-07-30,2026-09-01
100872,Jennifer,,Thomas,https://www.linkedin.com/in/jennifer-thomas-68,,,,,,United States,false,,US,2026-01-21,2026-09-01
100873,Michael,,Kim,https://www.linkedin.com/in/michael-kim-42,,,,,,United States,false,,US,2026-05-21,2026-09-01
100874,John,,Jackson,https://www.linkedin.com/in/john-jackson-91,,,,,,United States,false,,US,2024-07-26,2026-09-01
100875,William,,Parker,https://www.linkedin.com/in/william-parker-34,,,,,,United States,false,,US,2025-06-18,2026-09-01
100876,Joshua,,Ward,https://www.linkedin.com/in/joshua-ward-41,,,,,,United States,false,,US,2024-04-10,2026-09-01
100877,Melissa,,Kelly,https://www.linkedin.com/in/melissa-kelly-65,,,,,,United States,false,,US,2025-07-16,2026-09-01
100878,Kevin,,Cooper,https://www.linkedin.com/in/kevin-cooper-81,,,,,,United States,false,,US,2024-01-26,2026-09-01
100879,Carol,,Baker,https://www.linkedin.com/in/carol-baker-66,,,,,,United States,false,,US,2024-11-06,2026-09-01
100880,Cynthia,,Brown,https://www.linkedin.com/in/cynthia-brown-84,,,,,,United States,false,,US,2024-12-07,2026-09-01
100881,Helen,,Rivera,https://www.linkedin.com/in/helen-rivera-63,,,,,,United States,false,,US,2024-02-17,2026-09-01
100882,Jack,,Phillips,https://www.linkedin.com/in/jack-phillips-55,,,,,,United States,false,,US,2025-03-21,2026-09-01
100883,Rebecca,,Kim,https://www.linkedin.com/in/rebecca-kim-56,,,,,,United States,false,,US,2024-08-04,2026-09-01
100884,Christine,,Green,https://www.linkedin.com/in/christine-green-78,,,,,,United States,false,,US,2026-03-14,2026-09-01
100885,Ashley,,Perez,https://www.linkedin.com/in/ashley-perez-70,,,,,,United States,false,,US,2024-07-05,2026-09-01
100886,Charles,,Collins,https://www.linkedin.com/in/charles-collins-40,,,,,,United States,false,,US,2024-12-24,2026-09-01
100887,Jacob,,Sanchez,https://www.linkedin.com/in/jacob-sanchez-47,,,,,,United States,false,,US,2024-05-12,2026-09-01
100888,Patricia,,Clark,https://www.linkedin.com/in/patricia-clark-68,,,,,,United States,false,,US,2025-05-16,2026-09-01
100889,Raymond,,Davis,https://www.linkedin.com/in/raymond-davis-60,,,,,,United States,false,,US,2024-03-22,2026-09-01
100890,George,,Phillips,https://www.linkedin.com/in/george-phillips-75,,,,,,United States,false,,US,2026-06-20,2026-09-01
100891,Ryan,,Morales,https://www.linkedin.com/in/ryan-morales-43,,,,,,United States,false,,US,2025-12-02,2026-09-01
100892,Donna,,Cruz,https://www.linkedin.com/in/donna-cruz-67,,,,,,United States,false,,US,2025-06-12,2026-09-01
100893,Thomas,,Jackson,https://www.linkedin.com/in/thomas-jackson-59,,,,,,United States,false,,US,2025-06-10,2026-09-01
100894,Samantha,,Robinson,,,,,,,United States,false,,US,2025-03-09,2026-09-01
100895,Justin,,Hill,,,,,,,United States,false,,US,2024-01-25,2026-09-01
100896,Jessica,,Sanchez,https://www.linkedin.com/in/jessica-sanchez-68,,,,,,United States,false,,US,2024-01-25,2026-09-01
100897,Catherine,,Ortiz,https://www.linkedin.com/in/catherine-ortiz-35,,,,,,United States,false,,US,2026-01-14,2026-09-01
100898,Christine,,Jones,https://www.linkedin.com/in/christine-jones-22,,,,,,United States,false,,US,2025-11-05,2026-09-01
100899,Joshua,,Davis,https://www.linkedin.com/in/joshua-davis-41,,,,,,United States,false,,US,2026-09-04,2026-09-01
100900,Margaret,,Kim,https://www.linkedin.com/in/margaret-kim-82,,,,,,United States,false,,US,2024-01-20,2026-09-01
100901,Justin,,Parker,https://www.linkedin.com/in/justin-parker-24,,,,,,United States,false,,US,2026-06-25,2026-09-01
100902,Carol,,Scott,https://www.linkedin.com/in/carol-scott-74,,,,,,United States,false,,US,2025-09-24,2026-09-01
100903,Benjamin,,Cruz,,,,,,,United States,false,,US,2025-01-08,2026-09-01
100904,Jerry,,Ortiz,https://www.linkedin.com/in/jerry-ortiz-97,,,,,,United States,false,,US,2025-09-06,2026-09-01
100905,Brandon,,Lee,https://www.linkedin.com/in/brandon-lee-76,,,,,,United States,false,,US,2026-08-28,2026-09-01
100906,Katherine,,Kim,https://www.linkedin.com/in/katherine-kim-44,,,,,,United States,false,,US,2025-04-13,2026-09-01
100907,Kimberly,,Stewart,https://www.linkedin.com/in/kimberly-stewart-48,,,,,,United States,false,,US,2026-01-29,2026-09-01
100908,Brenda,,Sanchez,https://www.linkedin.com/in/brenda-sanchez-89,,,,,,United States,false,,US,2026-10-27,2026-09-01
100909,Heather,,Roberts,https://www.linkedin.com/in/heather-roberts-72,,,,,,United States,false,,US,2025-05-26,2026-09-01
100910,Emily,,Cox,https://www.linkedin.com/in/emily-cox-17,,,,,,United States,false,,US,2024-07-26,2026-09-01
100911,Linda,,Baker,https://www.linkedin.com/in/linda-baker-57,,,,,,United States,false,,US,2026-06-16,2026-09-01
100912,Paul,,Anderson,https://www.linkedin.com/in/paul-anderson-19,,,,,,United States,false,,US,2025-10-26,2026-09-01
100913,Linda,,Rogers,https://www.linkedin.com/in/linda-rogers-82,,,,,,United States,false,,US,2026-06-14,2026-09-01
100914,John,,Cook,https://www.linkedin.com/in/john-cook-51,,,,,,United States,false,,US,2026-10-04,2026-09-01
100915,Paul,,Kelly,https://www.linkedin.com/in/paul-kelly-18,,,,,,United States,false,,US,2024-06-03,2026-09-01
100916,Kimberly,,Lewis,https://www.linkedin.com/in/kimberly-lewis-51,,,,,,United States,false,,US,2026-12-26,2026-09-01
100917,Ryan,,Sanchez,https://www.linkedin.com/in/ryan-sanchez-83,,,,,,United States,false,,US,2025-12-27,2026-09-01
100918,Margaret,,Rivera,,,,,,,United States,false,,US,2026-06-19,2026-09-01
100919,Jessica,,Lopez,https://www.linkedin.com/in/jessica-lopez-74,,,,,,United States,false,,US,2026-11-23,2026-09-01
100920,Jessica,,Lee,https://www.linkedin.com/in/jessica-lee-25,,,,,,United States,false,,US,2026-09-28,2026-09-01
100921,David,,Parker,https://www.linkedin.com/in/david-parker-93,,,,,,United States,false,,US,2025-09-07,2026-09-01
100922,Sandra,,Hernandez,https://www.linkedin.com/in/sandra-hernandez-59,,,,,,United States,false,,US,2026-08-23,2026-09-01
100923,Robert,,Scott,https://www.linkedin.com/in/robert-scott-51,,,,,,United States,false,,US,2024-04-02,2026-09-01
100924,Christopher,,Young,https://www.linkedin.com/in/christopher-young-11,,,,,,United States,false,,US,2024-09-19,2026-09-01
100925,Scott,,Ortiz,https://www.linkedin.com/in/scott-ortiz-22,,,,,,United States,false,,US,2024-01-31,2026-09-01
100926,Jonathan,,Cruz,,,,,,,United States,false,,US,2024-01-02,2026-09-01
100927,Michelle,,Stewart,https://www.linkedin.com/in/michelle-stewart-42,,,,,,United States,false,,US,2024-09-19,2026-09-01
100928,Janet,,Hill,https://www.linkedin.com/in/janet-hill-69,,,,,,United States,false,,US,2026-11-30,2026-09-01
100929,Benjamin,,Miller,https://www.linkedin.com/in/benjamin-miller-33,,,,,,United States,false,,US,2024-01-30,2026-09-01
100930,Christopher,,Jones,https://www.linkedin.com/in/christopher-jones-40,,,,,,United States,false,,US,2024-11-27,2026-09-01
100931,Ronald,,Adams,,,,,,,United States,false,,US,2026-09-11,2026-09-01
100932,Carol,,Gutierrez,https://www.linkedin.com/in/carol-gutierrez-56,,,,,,United States,false,,US,2026-05-23,2026-09-01
100933,Samuel,,Brown,https://www.linkedin.com/in/samuel-brown-26,,,,,,United States,false,,US,2024-07-12,2026-09-01
100934,Shirley,,Kim,https://www.linkedin.com/in/shirley-kim-82,,,,,,United States,false,,US,2026-12-22,2026-09-01
100935,Shirley,,Miller,https://www.linkedin.com/in/shirley-miller-56,,,,,,United States,false,,US,2025-04-16,2026-09-01
100936,Frank,,Ortiz,https://www.linkedin.com/in/frank-ortiz-30,,,,,,United States,false,,US,2024-07-24,2026-09-01
100937,Ashley,,Gomez,https://www.linkedin.com/in/ashley-gomez-92,,,,,,United States,false,,US,2026-05-08,2026-09-01
100938,Ronald,,Ramos,https://www.linkedin.com/in/ronald-ramos-54,,,,,,United States,false,,US,2024-05-24,2026-09-01
100939,Mark,,Scott,,,,,,,United States,false,,US,2026-04-02,2026-09-01
100940,Justin,,Perez,https://www.linkedin.com/in/justin-perez-98,,,,,,United States,false,,US,2026-09-24,2026-09-01
100941,Maria,,Nguyen,https://www.linkedin.com/in/maria-nguyen-23,,,,,,United States,false,,US,2024-06-30,2026-09-01
100942,Amanda,,Hernandez,,,,,,,United States,false,,US,2026-09-21,2026-09-01
100943,Ashley,,Howard,https://www.linkedin.com/in/ashley-howard-85,,,,,,United States,false,,US,2026-06-07,2026-09-01
100944,Christine,,Wright,,,,,,,United States,false,,US,2026-09-26,2026-09-01
100945,Patricia,,Ramirez,https://www.linkedin.com/in/patricia-ramirez-13,,,,,,United States,false,,US,2025-11-04,2026-09-01
100946,Richard,,Nguyen,https://www.linkedin.com/in/richard-nguyen-13,,,,,,United States,false,,US,2026-07-24,2026-09-01
100947,Heather,,Thompson,https://www.linkedin.com/in/heather-thompson-21,,,,,,United States,false,,US,2025-11-14,2026-09-01
100948,Amanda,,Ward,https://www.linkedin.com/in/amanda-ward-39,,,,,,United States,false,,US,2025-10-10,2026-09-01
100949,Michelle,,Gonzalez,https://www.linkedin.com/in/michelle-gonzalez-21,,,,,,United States,false,,US,2026-04-11,2026-09-01
100950,Carol,,Morgan,https://www.linkedin.com/in/carol-morgan-27,,,,,,United States,false,,US,2026-02-27,2026-09-01
100951,Karen,,Scott,,,,,,,United States,false,,US,2025-04-04,2026-09-01
100952,Jeffrey,,Turner,https://www.linkedin.com/in/jeffrey-turner-82,,,,,,United States,false,,US,2025-01-28,2026-09-01
100953,Timothy,,White,https://www.linkedin.com/in/timothy-white-84,,,,,,United States,false,,US,2026-03-29,2026-09-01
100954,Richard,,Cook,https://www.linkedin.com/in/richard-cook-78,,,,,,United States,false,,US,2025-10-04,2026-09-01
100955,Susan,,Cox,https://www.linkedin.com/in/susan-cox-54,,,,,,United States,false,,US,2025-04-03,2026-09-01
100956,Carolyn,,Kim,https://www.linkedin.com/in/carolyn-kim-27,,,,,,United States,false,,US,2026-03-22,2026-09-01
100957,Margaret,,Edwards,https://www.linkedin.com/in/margaret-edwards-99,,,,,,United States,false,,US,2025-09-15,2026-09-01
100958,Kevin,,Robinson,https://www.linkedin.com/in/kevin-robinson-75,,,,,,United States,false,,US,2026-04-13,2026-09-01
100959,Jacob,,Moore,https://www.linkedin.com/in/jacob-moore-33,,,,,,United States,false,,US,2024-07-15,2026-09-01
100960,Brian,,Hernandez,https://www.linkedin.com/in/brian-hernandez-22,,,,,,United States,false,,US,2026-12-08,2026-09-01
100961,Larry,,Reed,https://www.linkedin.com/in/larry-reed-18,,,,,,United States,false,,US,2024-12-19,2026-09-01
100962,Patrick,,Thompson,https://www.linkedin.com/in/patrick-thompson-66,,,,,,United States,false,,US,2024-03-03,2026-09-01
100963,Helen,,Jones,https://www.linkedin.com/in/helen-jones-25,,,,,,United States,false,,US,2025-09-30,2026-09-01
100964,Donna,,Wilson,https://www.linkedin.com/in/donna-wilson-33,,,,,,United States,false,,US,2026-11-27,2026-09-01
100965,Patrick,,Ramos,,,,,,,United States,false,,US,2026-11-30,2026-09-01
100966,Barbara,,Adams,https://www.linkedin.com/in/barbara-adams-82,,,,,,United States,false,,US,2026-12-25,2026-09-01
100967,Eric,,Gomez,https://www.linkedin.com/in/eric-gomez-92,,,,,,United States,false,,US,2025-02-15,2026-09-01
100968,Paul,,Adams,,,,,,,United States,false,,US,2025-02-09,2026-09-01
100969,Melissa,,Garcia,https://www.linkedin.com/in/melissa-garcia-22,,,,,,United States,false,,US,2026-07-25,2026-09-01
100970,Joseph,,Nguyen,,,,,,,United States,false,,US,2025-05-07,2026-09-01
100971,Gregory,,Nelson,https://www.linkedin.com/in/gregory-nelson-59,,,,,,United States,false,,US,2025-04-12,2026-09-01
100972,Melissa,,Phillips,,,,,,,United States,false,,US,2024-10-17,2026-09-01
100973,Scott,,Young,https://www.linkedin.com/in/scott-young-43,,,,,,United States,false,,US,2026-05-15,2026-09-01
100974,Frank,,Gomez,https://www.linkedin.com/in/frank-gomez-46,,,,,,United States,false,,US,2025-08-06,2026-09-01
100975,Larry,,King,,,,,,,United States,false,,US,2024-09-01,2026-09-01
100976,Ronald,,Sanchez,https://www.linkedin.com/in/ronald-sanchez-81,,,,,,United States,false,,US,2026-10-16,2026-09-01
100977,Daniel,,Hall,https://www.linkedin.com/in/daniel-hall-92,,,,,,United States,false,,US,2024-04-25,2026-09-01
100978,Ronald,,Carter,https://www.linkedin.com/in/ronald-carter-47,,,,,,United States,false,,US,2026-11-01,2026-09-01
100979,David,,Lewis,https://www.linkedin.com/in/david-lewis-34,,,,,,United States,false,,US,2025-11-18,2026-09-01
100980,Gregory,,Cruz,,,,,,,United States,false,,US,2026-06-21,2026-09-01
100981,Brandon,,Roberts,https://www.linkedin.com/in/brandon-roberts-40,,,,,,United States,false,,US,2026-10-01,2026-09-01
100982,Mark,,Jackson,https://www.linkedin.com/in/mark-jackson-32,,,,,,United States,false,,US,2026-03-06,2026-09-01
100983,Steven,,Lee,https://www.linkedin.com/in/steven-lee-12,,,,,,United States,false,,US,2026-06-03,2026-09-01
100984,Joshua,,Jackson,,,,,,,United States,false,,US,2026-04-20,2026-09-01
100985,Ronald,,Jackson,https://www.linkedin.com/in/ronald-jackson-79,,,,,,United States,false,,US,2026-07-15,2026-09-01
100986,Sharon,,White,https://www.linkedin.com/in/sharon-white-13,,,,,,United States,false,,US,2025-02-26,2026-09-01
100987,Deborah,,Reed,https://www.linkedin.com/in/deborah-reed-44,,,,,,United States,false,,US,2024-11-15,2026-09-01
100988,Samuel,,Phillips,https://www.linkedin.com/in/samuel-phillips-35,,,,,,United States,false,,US,2024-11-04,2026-09-01
100989,Timothy,,Green,https://www.linkedin.com/in/timothy-green-26,,,,,,United States,false,,US,2026-09-23,2026-09-01
100990,Jacob,,Scott,https://www.linkedin.com/in/jacob-scott-41,,,,,,United States,false,,US,2024-08-20,2026-09-01
100991,Gregory,,Jackson,https://www.linkedin.com/in/gregory-jackson-22,,,,,,United States,false,,US,2024-03-21,2026-09-01
100992,William,,Mitchell,,,,,,,United States,false,,US,2024-10-03,2026-09-01
100993,Helen,,Hill,https://www.linkedin.com/in/helen-hill-29,,,,,,United States,false,,US,2024-08-15,2026-09-01
100994,Christine,,Sanchez,https://www.linkedin.com/in/christine-sanchez-51,,,,,,United States,false,,US,2025-08-21,2026-09-01
100995,John,,Taylor,https://www.linkedin.com/in/john-taylor-89,,,,,,United States,false,,US,2024-01-22,2026-09-01
100996,Edward,,Nelson,https://www.linkedin.com/in/edward-nelson-75,,,,,,United States,false,,US,2026-05-19,2026-09-01
100997,Christine,,Hernandez,https://www.linkedin.com/in/christine-hernandez-50,,,,,,United States,false,,US,2026-11-08,2026-09-01
100998,Joseph,,Williams,https://www.linkedin.com/in/joseph-williams-23,,,,,,United States,false,,US,2025-05-12,2026-09-01
100999,Ryan,,Nelson,https://www.linkedin.com/in/ryan-nelson-23,,,,,,United States,false,,US,2024-09-06,2026-09-01
101000,Linda,,Moore,https://www.linkedin.com/in/linda-moore-20,,,,,,United States,false,,US,2025-01-15,2026-09-01
101001,William,,Thompson,https://www.linkedin.com/in/william-thompson-43,,,,,,United States,false,,US,2024-10-21,2026-09-01
101002,Anna,,Kelly,https://www.linkedin.com/in/anna-kelly-99,,,,,,United States,false,,US,2024-09-10,2026-09-01
101003,Donald,,Ortiz,,,,,,,United States,false,,US,2025-05-30,2026-09-01
101004,William,,Edwards,,,,,,,United States,false,,US,2024-06-29,2026-09-01
101005,Kenneth,,Ramos,https://www.linkedin.com/in/kenneth-ramos-56,,,,,,United States,false,,US,2024-05-14,2026-09-01
101006,Larry,,King,https://www.linkedin.com/in/larry-king-50,,,,,,United States,false,,US,2026-07-12,2026-09-01
101007,Edward,,Martin,https://www.linkedin.com/in/edward-martin-11,,,,,,United States,false,,US,2026-06-08,2026-09-01
101008,Gregory,,Thompson,https://www.linkedin.com/in/gregory-thompson-33,,,,,,United States,false,,US,2025-03-20,2026-09-01
101009,Richard,,Williams,https://www.linkedin.com/in/richard-williams-29,,,,,,United States,false,,US,2025-07-08,2026-09-01
101010,Carol,,Flores,https://www.linkedin.com/in/carol-flores-64,,,,,,United States,false,,US,2024-09-06,2026-09-01
101011,Scott,,Taylor,https://www.linkedin.com/in/scott-taylor-53,,,,,,United States,false,,US,2026-02-03,2026-09-01
101012,Dorothy,,Kelly,https://www.linkedin.com/in/dorothy-kelly-39,,,,,,United States,false,,US,2025-04-30,2026-09-01
101013,Ashley,,Morales,https://www.linkedin.com/in/ashley-morales-12,,,,,,United States,false,,US,2025-10-03,2026-09-01
101014,Angela,,Gonzalez,https://www.linkedin.com/in/angela-gonzalez-28,,,,,,United States,false,,US,2025-10-20,2026-09-01
101015,William,,Ortiz,https://www.linkedin.com/in/william-ortiz-87,,,,,,United States,false,,US,2025-06-28,2026-09-01
101016,Jason,,Johnson,https://www.linkedin.com/in/jason-johnson-36,,,,,,United States,false,,US,2024-10-22,2026-09-01
101017,Donna,,Brown,,,,,,,United States,false,,US,2026-05-13,2026-09-01
101018,William,,Mitchell,https://www.linkedin.com/in/william-mitchell-28,,,,,,United States,false,,US,2026-07-03,2026-09-01
101019,Samuel,,Torres,https://www.linkedin.com/in/samuel-torres-82,,,,,,United States,false,,US,2024-03-21,2026-09-01
101020,Angela,,Davis,https://www.linkedin.com/in/angela-davis-26,,,,,,United States,false,,US,2026-10-14,2026-09-01
101021,David,,Rodriguez,,,,,,,United States,false,,US,2024-07-28,2026-09-01
101022,Karen,,Moore,https://www.linkedin.com/in/karen-moore-51,,,,,,United States,false,,US,2026-03-04,2026-09-01
101023,Dennis,,Gomez,,,,,,,United States,false,,US,2025-08-16,2026-09-01
101024,Amy,,Brown,https://www.linkedin.com/in/amy-brown-99,,,,,,United States,false,,US,2026-04-29,2026-09-01
101025,Betty,,Adams,https://www.linkedin.com/in/betty-adams-60,,,,,,United States,false,,US,2024-09-01,2026-09-01
101026,Anthony,,Sanchez,https://www.linkedin.com/in/anthony-sanchez-48,,,,,,United States,false,,US,2025-03-14,2026-09-01
101027,Kevin,,Clark,https://www.linkedin.com/in/kevin-clark-59,,,,,,United States,false,,US,2025-11-01,2026-09-01
101028,Ryan,,Gomez,https://www.linkedin.com/in/ryan-gomez-31,,,,,,United States,false,,US,2026-10-03,2026-09-01
101029,Kathleen,,Bailey,https://www.linkedin.com/in/kathleen-bailey-95,,,,,,United States,false,,US,2025-05-23,2026-09-01
101030,Kimberly,,Collins,https://www.linkedin.com/in/kimberly-collins-36,,,,,,United States,false,,US,2024-09-03,2026-09-01
101031,Brenda,,Wright,https://www.linkedin.com/in/brenda-wright-99,,,,,,United States,false,,US,2026-09-09,2026-09-01
101032,David,,Martin,https://www.linkedin.com/in/david-martin-60,,,,,,United States,false,,US,2026-02-11,2026-09-01
101033,James,,Garcia,https://www.linkedin.com/in/james-garcia-65,,,,,,United States,false,,US,2026-09-27,2026-09-01
101034,Sandra,,Miller,https://www.linkedin.com/in/sandra-miller-21,,,,,,United States,false,,US,2026-01-22,2026-09-01
101035,Sharon,,Lopez,https://www.linkedin.com/in/sharon-lopez-27,,,,,,United States,false,,US,2025-11-12,2026-09-01
101036,Amanda,,Reyes,https://www.linkedin.com/in/amanda-reyes-79,,,,,,United States,false,,US,2024-12-02,2026-09-01
101037,Pamela,,Smith,https://www.linkedin.com/in/pamela-smith-80,,,,,,United States,false,,US,2024-12-03,2026-09-01
101038,Jack,,Robinson,https://www.linkedin.com/in/jack-robinson-52,,,,,,United States,false,,US,2026-09-28,2026-09-01
101039,Nicholas,,Wilson,https://www.linkedin.com/in/nicholas-wilson-19,,,,,,United States,false,,US,2025-09-19,2026-09-01
101040,Donald,,Phillips,https://www.linkedin.com/in/donald-phillips-36,,,,,,United States,false,,US,2024-07-16,2026-09-01
101041,Matthew,,Brown,,,,,,,United States,false,,US,2025-08-28,2026-09-01
101042,Jonathan,,Gonzalez,https://www.linkedin.com/in/jonathan-gonzalez-85,,,,,,United States,false,,US,2025-12-19,2026-09-01
101043,Carolyn,,Gonzalez,https://www.linkedin.com/in/carolyn-gonzalez-53,,,,,,United States,false,,US,2025-05-09,2026-09-01
101044,Nicole,,Stewart,,,,,,,United States,false,,US,2025-09-26,2026-09-01
101045,Stephen,,Edwards,https://www.linkedin.com/in/stephen-edwards-62,,,,,,United States,false,,US,2024-07-13,2026-09-01
101046,Donna,,Kim,https://www.linkedin.com/in/donna-kim-24,,,,,,United States,false,,US,2024-11-13,2026-09-01
101047,Carol,,Howard,https://www.linkedin.com/in/carol-howard-39,,,,,,United States,false,,US,2026-06-29,2026-09-01
101048,Rachel,,Parker,,,,,,,United States,false,,US,2026-12-11,2026-09-01
101049,David,,Lopez,https://www.linkedin.com/in/david-lopez-95,,,,,,United States,false,,US,2026-01-02,2026-09-01
101050,Jacob,,Phillips,https://www.linkedin.com/in/jacob-phillips-41,,,,,,United States,false,,US,2024-10-08,2026-09-01
101051,Catherine,,Gomez,,,,,,,United States,false,,US,2024-05-02,2026-09-01
101052,Kenneth,,Young,https://www.linkedin.com/in/kenneth-young-37,,,,,,United States,false,,US,2025-01-21,2026-09-01
101053,Gregory,,Stewart,https://www.linkedin.com/in/gregory-stewart-37,,,,,,United States,false,,US,2024-07-21,2026-09-01
101054,Daniel,,Roberts,https://www.linkedin.com/in/daniel-roberts-90,,,,,,United States,false,,US,2024-05-25,2026-09-01
101055,Brandon,,Rogers,https://www.linkedin.com/in/brandon-rogers-92,,,,,,United States,false,,US,2024-11-18,2026-09-01
101056,Jerry,,Garcia,https://www.linkedin.com/in/jerry-garcia-60,,,,,,United States,false,,US,2025-07-29,2026-09-01
101057,Cynthia,,Baker,https://www.linkedin.com/in/cynthia-baker-78,,,,,,United States,false,,US,2025-10-31,2026-09-01
101058,Michelle,,Stewart,https://www.linkedin.com/in/michelle-stewart-59,,,,,,United States,false,,US,2024-10-08,2026-09-01
101059,Matthew,,Ward,https://www.linkedin.com/in/matthew-ward-27,,,,,,United States,false,,US,2025-08-27,2026-09-01
101060,Matthew,,Campbell,https://www.linkedin.com/in/matthew-campbell-80,,,,,,United States,false,,US,2025-10-19,2026-09-01
101061,Larry,,Collins,https://www.linkedin.com/in/larry-collins-28,,,,,,United States,false,,US,2025-06-05,2026-09-01
101062,Nicole,,Martinez,https://www.linkedin.com/in/nicole-martinez-58,,,,,,United States,false,,US,2026-03-16,2026-09-01
101063,James,,Rodriguez,https://www.linkedin.com/in/james-rodriguez-42,,,,,,United States,false,,US,2026-10-10,2026-09-01
101064,Mary,,Anderson,https://www.linkedin.com/in/mary-anderson-89,,,,,,United States,false,,US,2025-07-21,2026-09-01
101065,Paul,,Parker,https://www.linkedin.com/in/paul-parker-38,,,,,,United States,false,,US,2025-06-30,2026-09-01
101066,Nancy,,Thompson,https://www.linkedin.com/in/nancy-thompson-45,,,,,,United States,false,,US,2024-08-07,2026-09-01
101067,James,,Walker,https://www.linkedin.com/in/james-walker-65,,,,,,United States,false,,US,2026-03-02,2026-09-01
101068,Nicole,,Clark,https://www.linkedin.com/in/nicole-clark-19,,,,,,United States,false,,US,2026-02-12,2026-09-01
101069,Nancy,,Phillips,https://www.linkedin.com/in/nancy-phillips-50,,,,,,United States,false,,US,2025-12-24,2026-09-01
101070,Stephanie,,Scott,https://www.linkedin.com/in/stephanie-scott-47,,,,,,United States,false,,US,2025-04-17,2026-09-01
101071,John,,Carter,https://www.linkedin.com/in/john-carter-39,,,,,,United States,false,,US,2024-07-03,2026-09-01
101072,Patrick,,Lee,,,,,,,United States,false,,US,2024-04-12,2026-09-01
101073,Steven,,Hernandez,https://www.linkedin.com/in/steven-hernandez-42,,,,,,United States,false,,US,2026-07-16,2026-09-01
101074,Jonathan,,Thomas,https://www.linkedin.com/in/jonathan-thomas-80,,,,,,United States,false,,US,2026-01-25,2026-09-01
101075,Raymond,,Thompson,https://www.linkedin.com/in/raymond-thompson-33,,,,,,United States,false,,US,2025-05-18,2026-09-01
101076,Mary,,Adams,https://www.linkedin.com/in/mary-adams-44,,,,,,United States,false,,US,2026-11-17,2026-09-01
101077,Anna,,Phillips,https://www.linkedin.com/in/anna-phillips-69,,,,,,United States,false,,US,2026-11-30,2026-09-01
101078,Joshua,,Anderson,https://www.linkedin.com/in/joshua-anderson-62,,,,,,United States,false,,US,2026-02-22,2026-09-01
101079,Edward,,Hill,https://www.linkedin.com/in/edward-hill-50,,,,,,United States,false,,US,2026-09-24,2026-09-01
101080,Betty,,Williams,https://www.linkedin.com/in/betty-williams-91,,,,,,United States,false,,US,2024-10-28,2026-09-01
101081,Laura,,Ramos,https://www.linkedin.com/in/laura-ramos-27,,,,,,United States,false,,US,2025-09-10,2026-09-01
101082,Christopher,,Bailey,https://www.linkedin.com/in/christopher-bailey-13,,,,,,United States,false,,US,2026-11-09,2026-09-01
101083,Margaret,,Gutierrez,https://www.linkedin.com/in/margaret-gutierrez-67,,,,,,United States,false,,US,2026-04-06,2026-09-01
101084,Kevin,,Ward,https://www.linkedin.com/in/kevin-ward-89,,,,,,United States,false,,US,2025-10-30,2026-09-01
101085,Paul,,Mitchell,,,,,,,United States,false,,US,2026-11-24,2026-09-01
101086,David,,Lewis,https://www.linkedin.com/in/david-lewis-31,,,,,,United States,false,,US,2026-10-07,2026-09-01
101087,Joseph,,Hernandez,https://www.linkedin.com/in/joseph-hernandez-53,,,,,,United States,false,,US,2026-02-01,2026-09-01
101088,Jacob,,King,https://www.linkedin.com/in/jacob-king-80,,,,,,United States,false,,US,2025-11-08,2026-09-01
101089,Rebecca,,Reed,https://www.linkedin.com/in/rebecca-reed-20,,,,,,United States,false,,US,2025-05-11,2026-09-01
101090,Charles,,Richardson,https://www.linkedin.com/in/charles-richardson-94,,,,,,United States,false,,US,2024-05-15,2026-09-01
101091,Heather,,Green,https://www.linkedin.com/in/heather-green-17,,,,,,United States,false,,US,2026-06-11,2026-09-01
101092,Mary,,Martin,https://www.linkedin.com/in/mary-martin-73,,,,,,United States,false,,US,2024-07-08,2026-09-01
101093,Rachel,,Martin,https://www.linkedin.com/in/rachel-martin-10,,,,,,United States,false,,US,2026-08-23,2026-09-01
101094,Daniel,,Jones,,,,,,,United States,false,,US,2026-01-21,2026-09-01
101095,Richard,,Murphy,https://www.linkedin.com/in/richard-murphy-98,,,,,,United States,false,,US,2025-08-04,2026-09-01
101096,John,,Gomez,https://www.linkedin.com/in/john-gomez-95,,,,,,United States,false,,US,2024-11-29,2026-09-01
101097,Jessica,,Jackson,,,,,,,United States,false,,US,2026-07-08,2026-09-01
101098,Thomas,,Martin,https://www.linkedin.com/in/thomas-martin-46,,,,,,United States,false,,US,2025-11-12,2026-09-01
101099,Cynthia,,Gomez,https://www.linkedin.com/in/cynthia-gomez-51,,,,,,United States,false,,US,2026-07-09,2026-09-01
101100,Sarah,,Adams,https://www.linkedin.com/in/sarah-adams-64,,,,,,United States,false,,US,2025-10-06,2026-09-01
101101,Dennis,,Reed,https://www.linkedin.com/in/dennis-reed-33,,,,,,United States,false,,US,2024-01-16,2026-09-01
101102,Jack,,Cook,https://www.linkedin.com/in/jack-cook-60,,,,,,United States,false,,US,2026-12-18,2026-09-01
101103,Emma,,Ward,https://www.linkedin.com/in/emma-ward-35,,,,,,United States,false,,US,2026-06-09,2026-09-01
101104,Mark,,Edwards,https://www.linkedin.com/in/mark-edwards-93,,,,,,United States,false,,US,2024-03-20,2026-09-01
101105,Sandra,,Howard,https://www.linkedin.com/in/sandra-howard-43,,,,,,United States,false,,US,2024-01-09,2026-09-01
101106,Shirley,,Robinson,,,,,,,United States,false,,US,2026-07-09,2026-09-01
101107,Anna,,Sanchez,,,,,,,United States,false,,US,2026-05-29,2026-09-01
101108,Steven,,Turner,https://www.linkedin.com/in/steven-turner-64,,,,,,United States,false,,US,2025-02-21,2026-09-01
101109,Jessica,,Smith,https://www.linkedin.com/in/jessica-smith-18,,,,,,United States,false,,US,2025-07-07,2026-09-01
101110,Christine,,Ward,https://www.linkedin.com/in/christine-ward-20,,,,,,United States,false,,US,2025-12-30,2026-09-01
101111,Helen,,Lopez,https://www.linkedin.com/in/helen-lopez-30,,,,,,United States,false,,US,2024-10-25,2026-09-01
101112,Carol,,Lee,https://www.linkedin.com/in/carol-lee-98,,,,,,United States,false,,US,2026-12-31,2026-09-01
101113,Matthew,,Morris,https://www.linkedin.com/in/matthew-morris-90,,,,,,United States,false,,US,2025-12-20,2026-09-01
101114,Patricia,,Baker,https://www.linkedin.com/in/patricia-baker-65,,,,,,United States,false,,US,2024-07-31,2026-09-01
101115,Stephen,,Baker,,,,,,,United States,false,,US,2024-03-07,2026-09-01
101116,Samantha,,Green,https://www.linkedin.com/in/samantha-green-78,,,,,,United States,false,,US,2026-05-21,2026-09-01
101117,Carolyn,,Lopez,https://www.linkedin.com/in/carolyn-lopez-77,,,,,,United States,false,,US,2024-07-24,2026-09-01
101118,William,,Robinson,,,,,,,United States,false,,US,2025-09-29,2026-09-01
101119,Jennifer,,Flores,https://www.linkedin.com/in/jennifer-flores-63,,,,,,United States,false,,US,2024-07-09,2026-09-01
101120,Gregory,,Nelson,https://www.linkedin.com/in/gregory-nelson-16,,,,,,United States,false,,US,2024-10-07,2026-09-01
101121,Katherine,,Reed,https://www.linkedin.com/in/katherine-reed-23,,,,,,United States,false,,US,2024-02-04,2026-09-01
101122,Janet,,Harris,https://www.linkedin.com/in/janet-harris-40,,,,,,United States,false,,US,2024-05-01,2026-09-01
101123,Sharon,,Ramirez,https://www.linkedin.com/in/sharon-ramirez-59,,,,,,United States,false,,US,2025-01-29,2026-09-01
101124,Steven,,Taylor,https://www.linkedin.com/in/steven-taylor-92,,,,,,United States,false,,US,2024-09-02,2026-09-01
101125,Margaret,,Scott,https://www.linkedin.com/in/margaret-scott-83,,,,,,United States,false,,US,2024-01-06,2026-09-01
101126,Melissa,,Adams,https://www.linkedin.com/in/melissa-adams-58,,,,,,United States,false,,US,2026-11-28,2026-09-01
101127,Debra,,Scott,https://www.linkedin.com/in/debra-scott-35,,,,,,United States,false,,US,2024-10-25,2026-09-01
101128,Anthony,,Roberts,https://www.linkedin.com/in/anthony-roberts-95,,,,,,United States,false,,US,2025-05-12,2026-09-01
101129,Sarah,,Williams,https://www.linkedin.com/in/sarah-williams-92,,,,,,United States,false,,US,2026-09-22,2026-09-01
101130,Deborah,,Lewis,https://www.linkedin.com/in/deborah-lewis-80,,,,,,United States,false,,US,2026-11-09,2026-09-01
101131,Ashley,,Bailey,https://www.linkedin.com/in/ashley-bailey-83,,,,,,United States,false,,US,2026-12-21,2026-09-01
101132,Susan,,Flores,https://www.linkedin.com/in/susan-flores-64,,,,,,United States,false,,US,2025-05-29,2026-09-01
101133,Betty,,Young,https://www.linkedin.com/in/betty-young-53,,,,,,United States,false,,US,2025-12-31,2026-09-01
101134,Jacob,,Walker,https://www.linkedin.com/in/jacob-walker-73,,,,,,United States,false,,US,2025-04-11,2026-09-01
101135,Emma,,Evans,,,,,,,United States,false,,US,2025-07-28,2026-09-01
101136,Benjamin,,Walker,,,,,,,United States,false,,US,2025-07-21,2026-09-01
101137,Anna,,Perez,https://www.linkedin.com/in/anna-perez-99,,,,,,United States,false,,US,2024-01-14,2026-09-01
101138,Jack,,Garcia,https://www.linkedin.com/in/jack-garcia-35,,,,,,United States,false,,US,2025-03-04,2026-09-01
101139,Maria,,Hill,https://www.linkedin.com/in/maria-hill-65,,,,,,United States,false,,US,2024-11-11,2026-09-01
101140,Frank,,Rodriguez,https://www.linkedin.com/in/frank-rodriguez-30,,,,,,United States,false,,US,2026-08-28,2026-09-01
101141,Brenda,,Ortiz,https://www.linkedin.com/in/brenda-ortiz-85,,,,,,United States,false,,US,2025-11-06,2026-09-01
101142,Laura,,Lee,https://www.linkedin.com/in/laura-lee-86,,,,,,United States,false,,US,2026-12-27,2026-09-01
101143,Frank,,Taylor,https://www.linkedin.com/in/frank-taylor-39,,,,,,United States,false,,US,2026-12-28,2026-09-01
101144,Donald,,Miller,https://www.linkedin.com/in/donald-miller-87,,,,,,United States,false,,US,2024-05-31,2026-09-01
101145,Donald,,Morgan,https://www.linkedin.com/in/donald-morgan-53,,,,,,United States,false,,US,2026-12-11,2026-09-01
101146,Jonathan,,Lopez,https://www.linkedin.com/in/jonathan-lopez-52,,,,,,United States,false,,US,2024-10-05,2026-09-01
101147,Catherine,,Howard,,,,,,,United States,false,,US,2025-01-24,2026-09-01
101148,Kenneth,,Carter,https://www.linkedin.com/in/kenneth-carter-74,,,,,,United States,false,,US,2025-08-16,2026-09-01
101149,Dennis,,Nguyen,https://www.linkedin.com/in/dennis-nguyen-20,,,,,,United States,false,,US,2024-10-29,2026-09-01
101150,Scott,,Kelly,https://www.linkedin.com/in/scott-kelly-46,,,,,,United States,false,,US,2026-10-02,2026-09-01
101151,Eric,,Martinez,https://www.linkedin.com/in/eric-martinez-46,,,,,,United States,false,,US,2026-10-23,2026-09-01
101152,Timothy,,Cox,https://www.linkedin.com/in/timothy-cox-81,,,,,,United States,false,,US,2026-07-31,2026-09-01
101153,Steven,,Ortiz,,,,,,,United States,false,,US,2026-12-19,2026-09-01
101154,Jack,,Smith,https://www.linkedin.com/in/jack-smith-43,,,,,,United States,false,,US,2024-12-29,2026-09-01
101155,Stephen,,Stewart,https://www.linkedin.com/in/stephen-stewart-41,,,,,,United States,false,,US,2026-11-22,2026-09-01
101156,Benjamin,,Roberts,https://www.linkedin.com/in/benjamin-roberts-57,,,,,,United States,false,,US,2025-08-18,2026-09-01
101157,Donna,,Harris,https://www.linkedin.com/in/donna-harris-12,,,,,,United States,false,,US,2024-06-22,2026-09-01
101158,Jacob,,Carter,https://www.linkedin.com/in/jacob-carter-45,,,,,,United States,false,,US,2025-08-18,2026-09-01
101159,Anthony,,Ramirez,https://www.linkedin.com/in/anthony-ramirez-55,,,,,,United States,false,,US,2025-02-01,2026-09-01
101160,Barbara,,Gonzalez,https://www.linkedin.com/in/barbara-gonzalez-68,,,,,,United States,false,,US,2026-12-13,2026-09-01
101161,Cynthia,,Thomas,https://www.linkedin.com/in/cynthia-thomas-87,,,,,,United States,false,,US,2025-02-10,2026-09-01
101162,Donald,,Ramos,,,,,,,United States,false,,US,2025-02-09,2026-09-01
101163,Patricia,,Brown,https://www.linkedin.com/in/patricia-brown-52,,,,,,United States,false,,US,2026-04-29,2026-09-01
101164,Edward,,Nelson,https://www.linkedin.com/in/edward-nelson-99,,,,,,United States,false,,US,2026-10-15,2026-09-01
101165,Brian,,Moore,https://www.linkedin.com/in/brian-moore-19,,,,,,United States,false,,US,2025-09-29,2026-09-01
101166,Nicole,,Martinez,https://www.linkedin.com/in/nicole-martinez-77,,,,,,United States,false,,US,2025-08-10,2026-09-01
101167,Emily,,Nelson,https://www.linkedin.com/in/emily-nelson-19,,,,,,United States,false,,US,2024-07-07,2026-09-01
101168,Jennifer,,Campbell,https://www.linkedin.com/in/jennifer-campbell-53,,,,,,United States,false,,US,2025-05-01,2026-09-01
101169,Amy,,Gomez,https://www.linkedin.com/in/amy-gomez-15,,,,,,United States,false,,US,2026-11-29,2026-09-01
101170,Frank,,Gonzalez,,,,,,,United States,false,,US,2024-09-20,2026-09-01
101171,Jason,,Williams,https://www.linkedin.com/in/jason-williams-34,,,,,,United States,false,,US,2024-04-23,2026-09-01
101172,Laura,,Harris,https://www.linkedin.com/in/laura-harris-40,,,,,,United States,false,,US,2026-09-03,2026-09-01
101173,Christine,,Peterson,https://www.linkedin.com/in/christine-peterson-77,,,,,,United States,false,,US,2024-10-06,2026-09-01
101174,Lisa,,Williams,https://www.linkedin.com/in/lisa-williams-67,,,,,,United States,false,,US,2025-06-06,2026-09-01
101175,Edward,,Nguyen,https://www.linkedin.com/in/edward-nguyen-92,,,,,,United States,false,,US,2026-07-23,2026-09-01
101176,Barbara,,Gutierrez,https://www.linkedin.com/in/barbara-gutierrez-78,,,,,,United States,false,,US,2026-01-19,2026-09-01
101177,Sharon,,Phillips,https://www.linkedin.com/in/sharon-phillips-17,,,,,,United States,false,,US,2026-04-15,2026-09-01
101178,Patricia,,Cruz,https://www.linkedin.com/in/patricia-cruz-37,,,,,,United States,false,,US,2025-09-25,2026-09-01
101179,Brenda,,Robinson,https://www.linkedin.com/in/brenda-robinson-38,,,,,,United States,false,,US,2025-10-29,2026-09-01
101180,Gregory,,Wright,,,,,,,United States,false,,US,2026-02-22,2026-09-01
101181,Christopher,,Harris,https://www.linkedin.com/in/christopher-harris-50,,,,,,United States,false,,US,2025-11-20,2026-09-01
101182,Dennis,,Thomas,https://www.linkedin.com/in/dennis-thomas-34,,,,,,United States,false,,US,2025-06-30,2026-09-01
101183,Stephanie,,Cooper,,,,,,,United States,false,,US,2025-09-28,2026-09-01
101184,Patricia,,Miller,https://www.linkedin.com/in/patricia-miller-58,,,,,,United States,false,,US,2026-12-16,2026-09-01
101185,Linda,,Ward,https://www.linkedin.com/in/linda-ward-20,,,,,,United States,false,,US,2025-08-23,2026-09-01
101186,Benjamin,,Cox,,,,,,,United States,false,,US,2025-10-20,2026-09-01
101187,Barbara,,Morales,https://www.linkedin.com/in/barbara-morales-70,,,,,,United States,false,,US,2026-02-26,2026-09-01
101188,Michael,,Lee,https://www.linkedin.com/in/michael-lee-87,,,,,,United States,false,,US,2024-05-16,2026-09-01
101189,Cynthia,,Cooper,https://www.linkedin.com/in/cynthia-cooper-69,,,,,,United States,false,,US,2024-01-22,2026-09-01
101190,Anthony,,Perez,https://www.linkedin.com/in/anthony-perez-20,,,,,,United States,false,,US,2024-11-30,2026-09-01
101191,Raymond,,Perez,https://www.linkedin.com/in/raymond-perez-51,,,,,,United States,false,,US,2024-04-07,2026-09-01
101192,Christopher,,Gomez,https://www.linkedin.com/in/christopher-gomez-15,,,,,,United States,false,,US,2024-07-12,2026-09-01
101193,Lisa,,Martinez,,,,,,,United States,false,,US,2024-11-26,2026-09-01
101194,Jack,,Morales,https://www.linkedin.com/in/jack-morales-97,,,,,,United States,false,,US,2026-06-15,2026-09-01
101195,Sandra,,Diaz,https://www.linkedin.com/in/sandra-diaz-39,,,,,,United States,false,,US,2025-05-12,2026-09-01
101196,Amy,,Walker,https://www.linkedin.com/in/amy-walker-76,,,,,,United States,false,,US,2024-10-27,2026-09-01
101197,Mary,,Campbell,https://www.linkedin.com/in/mary-campbell-58,,,,,,United States,false,,US,2024-10-21,2026-09-01
101198,William,,Perez,https://www.linkedin.com/in/william-perez-90,,,,,,United States,false,,US,2025-12-16,2026-09-01
101199,Anna,,Torres,https://www.linkedin.com/in/anna-torres-12,,,,,,United States,false,,US,2024-11-20,2026-09-01
101200,Thomas,,Jones,https://www.linkedin.com/in/thomas-jones-14,,,,,,United States,false,,US,2025-04-15,2026-09-01
101201,John,,Cruz,,,,,,,United States,false,,US,2025-01-01,2026-09-01
101202,Donald,,Cooper,https://www.linkedin.com/in/donald-cooper-59,,,,,,United States,false,,US,2026-09-05,2026-09-01
101203,Betty,,Cooper,https://www.linkedin.com/in/betty-cooper-94,,,,,,United States,false,,US,2025-01-17,2026-09-01
101204,Debra,,Ortiz,,,,,,,United States,false,,US,2025-01-16,2026-09-01
101205,Debra,,Walker,https://www.linkedin.com/in/debra-walker-99,,,,,,United States,false,,US,2025-07-05,2026-09-01
101206,Ronald,,Collins,https://www.linkedin.com/in/ronald-collins-35,,,,,,United States,false,,US,2024-10-14,2026-09-01
101207,Amanda,,Ward,https://www.linkedin.com/in/amanda-ward-91,,,,,,United States,false,,US,2025-05-20,2026-09-01
101208,Samantha,,Moore,https://www.linkedin.com/in/samantha-moore-83,,,,,,United States,false,,US,2025-07-05,2026-09-01
101209,Ronald,,Lewis,https://www.linkedin.com/in/ronald-lewis-34,,,,,,United States,false,,US,2024-07-30,2026-09-01
101210,Robert,,Ward,https://www.linkedin.com/in/robert-ward-72,,,,,,United States,false,,US,2025-08-11,2026-09-01
101211,Kimberly,,Lewis,,,,,,,United States,false,,US,2025-09-19,2026-09-01
101212,Anthony,,Gomez,https://www.linkedin.com/in/anthony-gomez-51,,,,,,United States,false,,US,2025-08-24,2026-09-01
101213,Ryan,,Wilson,https://www.linkedin.com/in/ryan-wilson-51,,,,,,United States,false,,US,2025-02-18,2026-09-01
101214,Susan,,Ramirez,https://www.linkedin.com/in/susan-ramirez-56,,,,,,United States,false,,US,2025-03-15,2026-09-01
101215,Brenda,,Hall,https://www.linkedin.com/in/brenda-hall-27,,,,,,United States,false,,US,2025-11-08,2026-09-01
101216,Brenda,,Diaz,https://www.linkedin.com/in/brenda-diaz-51,,,,,,United States,false,,US,2026-11-03,2026-09-01
101217,Carolyn,,Ward,https://www.linkedin.com/in/carolyn-ward-74,,,,,,United States,false,,US,2024-09-20,2026-09-01
101218,Samantha,,Robinson,https://www.linkedin.com/in/samantha-robinson-39,,,,,,United States,false,,US,2024-05-28,2026-09-01
101219,David,,Clark,,,,,,,United States,false,,US,2025-11-27,2026-09-01
101220,Kathleen,,Jones,https://www.linkedin.com/in/kathleen-jones-91,,,,,,United States,false,,US,2026-05-21,2026-09-01
101221,Brenda,,White,https://www.linkedin.com/in/brenda-white-46,,,,,,United States,false,,US,2025-09-13,2026-09-01
101222,David,,Ortiz,https://www.linkedin.com/in/david-ortiz-32,,,,,,United States,false,,US,2024-08-04,2026-09-01
101223,Linda,,Carter,https://www.linkedin.com/in/linda-carter-21,,,,,,United States,false,,US,2026-11-30,2026-09-01
101224,Ashley,,Turner,https://www.linkedin.com/in/ashley-turner-30,,,,,,United States,false,,US,2025-02-21,2026-09-01
101225,Pamela,,Jones,https://www.linkedin.com/in/pamela-jones-89,,,,,,United States,false,,US,2024-07-03,2026-09-01
101226,Lisa,,Cruz,https://www.linkedin.com/in/lisa-cruz-92,,,,,,United States,false,,US,2026-08-18,2026-09-01
101227,Daniel,,Rodriguez,https://www.linkedin.com/in/daniel-rodriguez-37,,,,,,United States,false,,US,2025-02-10,2026-09-01
101228,Justin,,Martinez,https://www.linkedin.com/in/justin-martinez-40,,,,,,United States,false,,US,2024-10-21,2026-09-01
101229,Donald,,Perez,https://www.linkedin.com/in/donald-perez-56,,,,,,United States,false,,US,2025-05-15,2026-09-01
101230,Steven,,Kelly,https://www.linkedin.com/in/steven-kelly-73,,,,,,United States,false,,US,2024-08-26,2026-09-01
101231,Amy,,Anderson,https://www.linkedin.com/in/amy-anderson-51,,,,,,United States,false,,US,2024-10-10,2026-09-01
101232,Justin,,Bailey,https://www.linkedin.com/in/justin-bailey-76,,,,,,United States,false,,US,2025-05-12,2026-09-01
101233,Thomas,,Martin,,,,,,,United States,false,,US,2024-07-20,2026-09-01
101234,Jerry,,Garcia,https://www.linkedin.com/in/jerry-garcia-45,,,,,,United States,false,,US,2025-09-10,2026-09-01
101235,Donald,,Roberts,https://www.linkedin.com/in/donald-roberts-83,,,,,,United States,false,,US,2025-10-18,2026-09-01
101236,Joseph,,Collins,,,,,,,United States,false,,US,2024-11-29,2026-09-01
101237,Anthony,,Kelly,https://www.linkedin.com/in/anthony-kelly-21,,,,,,United States,false,,US,2024-02-16,2026-09-01
101238,Stephanie,,Wilson,,,,,,,United States,false,,US,2025-01-05,2026-09-01
101239,Betty,,Richardson,https://www.linkedin.com/in/betty-richardson-37,,,,,,United States,false,,US,2024-03-16,2026-09-01
101240,Donna,,Kelly,https://www.linkedin.com/in/donna-kelly-58,,,,,,United States,false,,US,2025-11-21,2026-09-01
101241,Anthony,,Morgan,,,,,,,United States,false,,US,2025-01-01,2026-09-01
101242,Ryan,,Hill,https://www.linkedin.com/in/ryan-hill-23,,,,,,United States,false,,US,2024-11-02,2026-09-01
101243,Jason,,Rivera,https://www.linkedin.com/in/jason-rivera-79,,,,,,United States,false,,US,2026-01-20,2026-09-01
101244,George,,Ward,https://www.linkedin.com/in/george-ward-39,,,,,,United States,false,,US,2026-10-10,2026-09-01
101245,Emily,,Davis,https://www.linkedin.com/in/emily-davis-89,,,,,,United States,false,,US,2024-05-05,2026-09-01
101246,Paul,,Jones,https://www.linkedin.com/in/paul-jones-25,,,,,,United States,false,,US,2024-02-04,2026-09-01
101247,Brandon,,Campbell,https://www.linkedin.com/in/brandon-campbell-61,,,,,,United States,false,,US,2026-10-13,2026-09-01
101248,Larry,,Edwards,https://www.linkedin.com/in/larry-edwards-49,,,,,,United States,false,,US,2024-05-12,2026-09-01
101249,Eric,,Garcia,https://www.linkedin.com/in/eric-garcia-76,,,,,,United States,false,,US,2024-07-18,2026-09-01
101250,Jennifer,,Evans,https://www.linkedin.com/in/jennifer-evans-41,,,,,,United States,false,,US,2024-04-20,2026-09-01
101251,Emily,,Morales,https://www.linkedin.com/in/emily-morales-61,,,,,,United States,false,,US,2024-12-24,2026-09-01
101252,Joseph,,Sanchez,,,,,,,United States,false,,US,2026-06-10,2026-09-01
101253,Jeffrey,,Allen,https://www.linkedin.com/in/jeffrey-allen-60,,,,,,United States,false,,US,2026-06-13,2026-09-01
101254,Jason,,Gonzalez,https://www.linkedin.com/in/jason-gonzalez-52,,,,,,United States,false,,US,2024-02-21,2026-09-01
101255,Dennis,,Rodriguez,https://www.linkedin.com/in/dennis-rodriguez-16,,,,,,United States,false,,US,2026-07-04,2026-09-01
101256,Steven,,Ward,https://www.linkedin.com/in/steven-ward-14,,,,,,United States,false,,US,2025-09-01,2026-09-01
101257,Jessica,,Turner,https://www.linkedin.com/in/jessica-turner-81,,,,,,United States,false,,US,2025-08-22,2026-09-01
101258,Susan,,Evans,https://www.linkedin.com/in/susan-evans-22,,,,,,United States,false,,US,2024-10-31,2026-09-01
101259,Mary,,Rodriguez,https://www.linkedin.com/in/mary-rodriguez-43,,,,,,United States,false,,US,2024-12-04,2026-09-01
101260,Sharon,,Moore,,,,,,,United States,false,,US,2026-08-14,2026-09-01
101261,Dennis,,Ward,https://www.linkedin.com/in/dennis-ward-86,,,,,,United States,false,,US,2026-10-30,2026-09-01
101262,Heather,,Howard,https://www.linkedin.com/in/heather-howard-28,,,,,,United States,false,,US,2024-08-17,2026-09-01
101263,Amanda,,Gutierrez,https://www.linkedin.com/in/amanda-gutierrez-39,,,,,,United States,false,,US,2026-06-20,2026-09-01
101264,Jacob,,Lopez,https://www.linkedin.com/in/jacob-lopez-33,,,,,,United States,false,,US,2025-01-21,2026-09-01
101265,Edward,,Reed,,,,,,,United States,false,,US,2026-04-05,2026-09-01
101266,Carolyn,,Thomas,https://www.linkedin.com/in/carolyn-thomas-21,,,,,,United States,false,,US,2026-05-17,2026-09-01
101267,Susan,,Collins,https://www.linkedin.com/in/susan-collins-94,,,,,,United States,false,,US,2026-03-26,2026-09-01
101268,Jason,,Brown,https://www.linkedin.com/in/jason-brown-75,,,,,,United States,false,,US,2025-10-01,2026-09-01
101269,Karen,,Rodriguez,https://www.linkedin.com/in/karen-rodriguez-29,,,,,,United States,false,,US,2025-11-23,2026-09-01
101270,Susan,,Roberts,,,,,,,United States,false,,US,2025-12-29,2026-09-01
101271,Justin,,Young,https://www.linkedin.com/in/justin-young-62,,,,,,United States,false,,US,2025-07-17,2026-09-01
101272,Carolyn,,Evans,,,,,,,United States,false,,US,2025-03-12,2026-09-01
101273,Jacob,,Evans,https://www.linkedin.com/in/jacob-evans-53,,,,,,United States,false,,US,2025-01-17,2026-09-01
101274,Ashley,,Garcia,https://www.linkedin.com/in/ashley-garcia-51,,,,,,United States,false,,US,2026-11-12,2026-09-01
101275,Kimberly,,Kim,https://www.linkedin.com/in/kimberly-kim-79,,,,,,United States,false,,US,2024-03-26,2026-09-01
101276,Eric,,Wilson,https://www.linkedin.com/in/eric-wilson-51,,,,,,United States,false,,US,2025-01-13,2026-09-01
101277,Rachel,,Richardson,https://www.linkedin.com/in/rachel-richardson-49,,,,,,United States,false,,US,2026-11-03,2026-09-01
101278,Edward,,Reed,https://www.linkedin.com/in/edward-reed-21,,,,,,United States,false,,US,2025-11-01,2026-09-01
101279,Frank,,Garcia,https://www.linkedin.com/in/frank-garcia-19,,,,,,United States,false,,US,2026-08-29,2026-09-01
101280,William,,Diaz,https://www.linkedin.com/in/william-diaz-17,,,,,,United States,false,,US,2025-04-10,2026-09-01
101281,Scott,,Morgan,https://www.linkedin.com/in/scott-morgan-81,,,,,,United States,false,,US,2026-03-19,2026-09-01
101282,Anthony,,Turner,https://www.linkedin.com/in/anthony-turner-62,,,,,,United States,false,,US,2024-09-14,2026-09-01
101283,Matthew,,Cook,https://www.linkedin.com/in/matthew-cook-13,,,,,,United States,false,,US,2026-05-20,2026-09-01
101284,Thomas,,Young,https://www.linkedin.com/in/thomas-young-57,,,,,,United States,false,,US,2025-06-12,2026-09-01
101285,Stephanie,,Carter,https://www.linkedin.com/in/stephanie-carter-91,,,,,,United States,false,,US,2025-01-12,2026-09-01
101286,Jerry,,Turner,https://www.linkedin.com/in/jerry-turner-47,,,,,,United States,false,,US,2024-04-20,2026-09-01
101287,Jonathan,,Johnson,,,,,,,United States,false,,US,2026-11-23,2026-09-01
101288,Ronald,,Morris,https://www.linkedin.com/in/ronald-morris-81,,,,,,United States,false,,US,2024-09-18,2026-09-01
101289,Betty,,Hernandez,https://www.linkedin.com/in/betty-hernandez-86,,,,,,United States,false,,US,2026-01-03,2026-09-01
101290,Jeffrey,,Johnson,https://www.linkedin.com/in/jeffrey-johnson-44,,,,,,United States,false,,US,2026-07-02,2026-09-01
101291,Paul,,Reyes,https://www.linkedin.com/in/paul-reyes-28,,,,,,United States,false,,US,2025-02-07,2026-09-01
101292,Elizabeth,,Anderson,,,,,,,United States,false,,US,2025-01-31,2026-09-01
101293,Brenda,,Morgan,https://www.linkedin.com/in/brenda-morgan-31,,,,,,United States,false,,US,2024-05-29,2026-09-01
101294,Jacob,,Rivera,https://www.linkedin.com/in/jacob-rivera-93,,,,,,United States,false,,US,2024-05-04,2026-09-01
101295,David,,Cox,https://www.linkedin.com/in/david-cox-41,,,,,,United States,false,,US,2024-03-26,2026-09-01
101296,Daniel,,Scott,https://www.linkedin.com/in/daniel-scott-95,,,,,,United States,false,,US,2026-01-06,2026-09-01
101297,Susan,,Johnson,https://www.linkedin.com/in/susan-johnson-93,,,,,,United States,false,,US,2025-10-18,2026-09-01
101298,Donald,,Kim,,,,,,,United States,false,,US,2026-07-23,2026-09-01
101299,Nicholas,,Rogers,https://www.linkedin.com/in/nicholas-rogers-78,,,,,,United States,false,,US,2026-03-01,2026-09-01
101300,Katherine,,Lewis,https://www.linkedin.com/in/katherine-lewis-30,,,,,,United States,false,,US,2026-12-03,2026-09-01
101301,Donald,,Walker,https://www.linkedin.com/in/donald-walker-23,,,,,,United States,false,,US,2024-11-05,2026-09-01
101302,Joseph,,Peterson,https://www.linkedin.com/in/joseph-peterson-60,,,,,,United States,false,,US,2024-11-17,2026-09-01
101303,Stephen,,Hernandez,https://www.linkedin.com/in/stephen-hernandez-34,,,,,,United States,false,,US,2026-02-02,2026-09-01
101304,Samuel,,Hernandez,https://www.linkedin.com/in/samuel-hernandez-16,,,,,,United States,false,,US,2026-09-15,2026-09-01
101305,Emily,,Turner,https://www.linkedin.com/in/emily-turner-80,,,,,,United States,false,,US,2024-10-10,2026-09-01
101306,Sharon,,Parker,https://www.linkedin.com/in/sharon-parker-95,,,,,,United States,false,,US,2026-03-09,2026-09-01
101307,Jason,,Wright,,,,,,,United States,false,,US,2024-01-27,2026-09-01
101308,Matthew,,Parker,https://www.linkedin.com/in/matthew-parker-35,,,,,,United States,false,,US,2025-08-25,2026-09-01
101309,Stephen,,Jackson,https://www.linkedin.com/in/stephen-jackson-82,,,,,,United States,false,,US,2026-04-09,2026-09-01
101310,Larry,,Collins,https://www.linkedin.com/in/larry-collins-12,,,,,,United States,false,,US,2025-04-29,2026-09-01
101311,Thomas,,Williams,https://www.linkedin.com/in/thomas-williams-26,,,,,,United States,false,,US,2026-06-02,2026-09-01
101312,Rachel,,Rivera,https://www.linkedin.com/in/rachel-rivera-90,,,,,,United States,false,,US,2026-12-05,2026-09-01
101313,Samuel,,Peterson,,,,,,,United States,false,,US,2024-07-07,2026-09-01
101314,Nicole,,Ramos,https://www.linkedin.com/in/nicole-ramos-27,,,,,,United States,false,,US,2026-06-11,2026-09-01
101315,Jennifer,,Green,https://www.linkedin.com/in/jennifer-green-74,,,,,,United States,false,,US,2024-09-15,2026-09-01
101316,Patrick,,Baker,https://www.linkedin.com/in/patrick-baker-16,,,,,,United States,false,,US,2026-07-29,2026-09-01
101317,Eric,,White,https://www.linkedin.com/in/eric-white-43,,,,,,United States,false,,US,2026-07-15,2026-09-01
101318,Donald,,Lopez,,,,,,,United States,false,,US,2026-05-09,2026-09-01
101319,Susan,,Lopez,https://www.linkedin.com/in/susan-lopez-64,,,,,,United States,false,,US,2024-06-14,2026-09-01
101320,Catherine,,Garcia,https://www.linkedin.com/in/catherine-garcia-39,,,,,,United States,false,,US,2026-06-21,2026-09-01
101321,Michael,,Reed,,,,,,,United States,false,,US,2024-03-30,2026-09-01
101322,Joseph,,Evans,https://www.linkedin.com/in/joseph-evans-21,,,,,,United States,false,,US,2026-11-20,2026-09-01
101323,Christopher,,Stewart,https://www.linkedin.com/in/christopher-stewart-49,,,,,,United States,false,,US,2024-06-18,2026-09-01
101324,Shirley,,Davis,https://www.linkedin.com/in/shirley-davis-44,,,,,,United States,false,,US,2026-06-10,2026-09-01
101325,Nicholas,,Harris,https://www.linkedin.com/in/nicholas-harris-32,,,,,,United States,false,,US,2025-10-13,2026-09-01
101326,Sandra,,Carter,https://www.linkedin.com/in/sandra-carter-90,,,,,,United States,false,,US,2025-09-02,2026-09-01
101327,Stephanie,,Moore,https://www.linkedin.com/in/stephanie-moore-52,,,,,,United States,false,,US,2025-11-15,2026-09-01
101328,Michael,,Edwards,https://www.linkedin.com/in/michael-edwards-45,,,,,,United States,false,,US,2024-04-12,2026-09-01
101329,Stephanie,,Richardson,https://www.linkedin.com/in/stephanie-richardson-39,,,,,,United States,false,,US,2025-10-07,2026-09-01
101330,Andrew,,Hernandez,https://www.linkedin.com/in/andrew-hernandez-10,,,,,,United States,false,,US,2024-06-18,2026-09-01
101331,Lisa,,Hall,https://www.linkedin.com/in/lisa-hall-93,,,,,,United States,false,,US,2025-06-15,2026-09-01
101332,Jeffrey,,Richardson,https://www.linkedin.com/in/jeffrey-richardson-66,,,,,,United States,false,,US,2025-08-01,2026-09-01
101333,Jennifer,,Murphy,,,,,,,United States,false,,US,2026-06-26,2026-09-01
101334,Brandon,,Gonzalez,https://www.linkedin.com/in/brandon-gonzalez-93,,,,,,United States,false,,US,2025-11-20,2026-09-01
101335,Jennifer,,Campbell,https://www.linkedin.com/in/jennifer-campbell-14,,,,,,United States,false,,US,2024-05-01,2026-09-01
101336,Jeffrey,,Morris,https://www.linkedin.com/in/jeffrey-morris-99,,,,,,United States,false,,US,2025-05-09,2026-09-01
101337,Justin,,Mitchell,https://www.linkedin.com/in/justin-mitchell-12,,,,,,United States,false,,US,2024-01-06,2026-09-01
101338,Edward,,Green,https://www.linkedin.com/in/edward-green-60,,,,,,United States,false,,US,2025-01-11,2026-09-01
101339,Kevin,,Gonzalez,,,,,,,United States,false,,US,2024-03-06,2026-09-01
101340,Karen,,Anderson,,,,,,,United States,false,,US,2026-03-15,2026-09-01
101341,Larry,,Bailey,https://www.linkedin.com/in/larry-bailey-79,,,,,,United States,false,,US,2026-07-12,2026-09-01
101342,Dorothy,,Reed,https://www.linkedin.com/in/dorothy-reed-21,,,,,,United States,false,,US,2024-12-16,2026-09-01
101343,Emma,,Ramos,https://www.linkedin.com/in/emma-ramos-49,,,,,,United States,false,,US,2024-12-09,2026-09-01
101344,Gregory,,Perez,,,,,,,United States,false,,US,2026-12-10,2026-09-01
101345,Jessica,,Gutierrez,https://www.linkedin.com/in/jessica-gutierrez-72,,,,,,United States,false,,US,2024-01-09,2026-09-01
101346,Patrick,,Miller,https://www.linkedin.com/in/patrick-miller-53,,,,,,United States,false,,US,2025-04-29,2026-09-01
101347,Kathleen,,Morgan,https://www.linkedin.com/in/kathleen-morgan-99,,,,,,United States,false,,US,2025-03-18,2026-09-01
101348,Donna,,Morgan,,,,,,,United States,false,,US,2025-04-13,2026-09-01
101349,Catherine,,Anderson,,,,,,,United States,false,,US,2026-01-07,2026-09-01
101350,Pamela,,Cox,https://www.linkedin.com/in/pamela-cox-99,,,,,,United States,false,,US,2024-01-21,2026-09-01
101351,Alexander,,Taylor,https://www.linkedin.com/in/alexander-taylor-11,,,,,,United States,false,,US,2024-09-18,2026-09-01
101352,Sandra,,Cruz,https://www.linkedin.com/in/sandra-cruz-55,,,,,,United States,false,,US,2026-03-25,2026-09-01
101353,Justin,,Gonzalez,https://www.linkedin.com/in/justin-gonzalez-38,,,,,,United States,false,,US,2024-09-27,2026-09-01
101354,Jerry,,Martinez,https://www.linkedin.com/in/jerry-martinez-93,,,,,,United States,false,,US,2024-11-27,2026-09-01
101355,Betty,,Thomas,https://www.linkedin.com/in/betty-thomas-11,,,,,,United States,false,,US,2026-10-23,2026-09-01
101356,Linda,,Campbell,https://www.linkedin.com/in/linda-campbell-57,,,,,,United States,false,,US,2026-05-05,2026-09-01
101357,Ronald,,Collins,https://www.linkedin.com/in/ronald-collins-15,,,,,,United States,false,,US,2026-02-23,2026-09-01
101358,Nancy,,Roberts,,,,,,,United States,false,,US,2024-08-28,2026-09-01
101359,Dorothy,,Wright,https://www.linkedin.com/in/dorothy-wright-22,,,,,,United States,false,,US,2026-11-20,2026-09-01
101360,Angela,,Garcia,https://www.linkedin.com/in/angela-garcia-73,,,,,,United States,false,,US,2024-07-19,2026-09-01
101361,Paul,,Collins,https://www.linkedin.com/in/paul-collins-33,,,,,,United States,false,,US,2026-01-18,2026-09-01
101362,Christine,,Davis,https://www.linkedin.com/in/christine-davis-40,,,,,,United States,false,,US,2025-04-05,2026-09-01
101363,Ashley,,King,https://www.linkedin.com/in/ashley-king-14,,,,,,United States,false,,US,2025-05-08,2026-09-01
101364,Elizabeth,,Hernandez,https://www.linkedin.com/in/elizabeth-hernandez-56,,,,,,United States,false,,US,2026-12-19,2026-09-01
101365,Mary,,Kelly,https://www.linkedin.com/in/mary-kelly-89,,,,,,United States,false,,US,2025-09-19,2026-09-01
101366,Angela,,Lopez,https://www.linkedin.com/in/angela-lopez-33,,,,,,United States,false,,US,2026-03-28,2026-09-01
101367,Paul,,Miller,https://www.linkedin.com/in/paul-miller-43,,,,,,United States,false,,US,2025-02-04,2026-09-01
101368,Gregory,,Collins,https://www.linkedin.com/in/gregory-collins-97,,,,,,United States,false,,US,2024-02-07,2026-09-01
101369,Patricia,,Morgan,https://www.linkedin.com/in/patricia-morgan-25,,,,,,United States,false,,US,2026-10-12,2026-09-01
101370,Ryan,,King,https://www.linkedin.com/in/ryan-king-97,,,,,,United States,false,,US,2026-10-17,2026-09-01
101371,Michael,,Anderson,https://www.linkedin.com/in/michael-anderson-92,,,,,,United States,false,,US,2024-12-01,2026-09-01
101372,Samuel,,Brown,https://www.linkedin.com/in/samuel-brown-62,,,,,,United States,false,,US,2025-11-30,2026-09-01
101373,Jack,,Jackson,https://www.linkedin.com/in/jack-jackson-66,,,,,,United States,false,,US,2026-08-05,2026-09-01
101374,Ronald,,Ortiz,https://www.linkedin.com/in/ronald-ortiz-98,,,,,,United States,false,,US,2024-06-26,2026-09-01
101375,Heather,,Gomez,https://www.linkedin.com/in/heather-gomez-13,,,,,,United States,false,,US,2025-01-16,2026-09-01
101376,Debra,,Ramirez,https://www.linkedin.com/in/debra-ramirez-28,,,,,,United States,false,,US,2024-12-12,2026-09-01
101377,Karen,,Cruz,https://www.linkedin.com/in/karen-cruz-88,,,,,,United States,false,,US,2025-01-24,2026-09-01
101378,Eric,,Cox,https://www.linkedin.com/in/eric-cox-10,,,,,,United States,false,,US,2025-08-11,2026-09-01
101379,Amanda,,Peterson,https://www.linkedin.com/in/amanda-peterson-81,,,,,,United States,false,,US,2025-01-09,2026-09-01
101380,Dorothy,,Cruz,https://www.linkedin.com/in/dorothy-cruz-26,,,,,,United States,false,,US,2024-10-24,2026-09-01
101381,Anthony,,Ramirez,https://www.linkedin.com/in/anthony-ramirez-29,,,,,,United States,false,,US,2024-10-17,2026-09-01
101382,Helen,,Baker,https://www.linkedin.com/in/helen-baker-93,,,,,,United States,false,,US,2024-04-10,2026-09-01
101383,Deborah,,Young,https://www.linkedin.com/in/deborah-young-91,,,,,,United States,false,,US,2026-09-07,2026-09-01
101384,Ashley,,Rodriguez,https://www.linkedin.com/in/ashley-rodriguez-24,,,,,,United States,false,,US,2026-12-24,2026-09-01
101385,Raymond,,Stewart,https://www.linkedin.com/in/raymond-stewart-59,,,,,,United States,false,,US,2024-05-09,2026-09-01
101386,Gregory,,Rodriguez,https://www.linkedin.com/in/gregory-rodriguez-64,,,,,,United States,false,,US,2025-07-02,2026-09-01
101387,Elizabeth,,Martinez,https://www.linkedin.com/in/elizabeth-martinez-96,,,,,,United States,false,,US,2025-12-01,2026-09-01
101388,Kevin,,Diaz,https://www.linkedin.com/in/kevin-diaz-82,,,,,,United States,false,,US,2024-07-06,2026-09-01
101389,Pamela,,Carter,https://www.linkedin.com/in/pamela-carter-37,,,,,,United States,false,,US,2025-10-19,2026-09-01
101390,Alexander,,Brown,https://www.linkedin.com/in/alexander-brown-53,,,,,,United States,false,,US,2026-12-22,2026-09-01
101391,Jonathan,,Richardson,https://www.linkedin.com/in/jonathan-richardson-79,,,,,,United States,false,,US,2026-05-10,2026-09-01
101392,Amanda,,Brown,https://www.linkedin.com/in/amanda-brown-72,,,,,,United States,false,,US,2026-02-13,2026-09-01
101393,Andrew,,Torres,https://www.linkedin.com/in/andrew-torres-68,,,,,,United States,false,,US,2025-08-04,2026-09-01
101394,Robert,,Evans,https://www.linkedin.com/in/robert-evans-50,,,,,,United States,false,,US,2025-03-27,2026-09-01
101395,Jeffrey,,Hernandez,,,,,,,United States,false,,US,2026-01-03,2026-09-01
101396,Sarah,,Reed,https://www.linkedin.com/in/sarah-reed-38,,,,,,United States,false,,US,2025-10-19,2026-09-01
101397,Anthony,,Miller,https://www.linkedin.com/in/anthony-miller-85,,,,,,United States,false,,US,2026-08-12,2026-09-01
101398,Raymond,,Johnson,https://www.linkedin.com/in/raymond-johnson-54,,,,,,United States,false,,US,2024-08-13,2026-09-01
101399,Patrick,,King,https://www.linkedin.com/in/patrick-king-67,,,,,,United States,false,,US,2025-08-06,2026-09-01
101400,Rebecca,,Taylor,https://www.linkedin.com/in/rebecca-taylor-71,,,,,,United States,false,,US,2025-03-23,2026-09-01
101401,Maria,,Kelly,https://www.linkedin.com/in/maria-kelly-17,,,,,,United States,false,,US,2024-12-20,2026-09-01
101402,Joseph,,Morris,https://www.linkedin.com/in/joseph-morris-71,,,,,,United States,false,,US,2025-10-31,2026-09-01
101403,Joshua,,Gutierrez,https://www.linkedin.com/in/joshua-gutierrez-46,,,,,,United States,false,,US,2026-04-25,2026-09-01
101404,Melissa,,Baker,https://www.linkedin.com/in/melissa-baker-84,,,,,,United States,false,,US,2024-09-27,2026-09-01
101405,William,,Kelly,https://www.linkedin.com/in/william-kelly-18,,,,,,United States,false,,US,2025-06-18,2026-09-01
101406,Patrick,,Campbell,https://www.linkedin.com/in/patrick-campbell-34,,,,,,United States,false,,US,2025-06-15,2026-09-01
101407,Anthony,,Wilson,,,,,,,United States,false,,US,2025-04-20,2026-09-01
101408,Katherine,,Green,https://www.linkedin.com/in/katherine-green-28,,,,,,United States,false,,US,2025-07-28,2026-09-01
101409,Edward,,Howard,https://www.linkedin.com/in/edward-howard-29,,,,,,United States,false,,US,2024-07-02,2026-09-01
101410,Samuel,,Morales,https://www.linkedin.com/in/samuel-morales-46,,,,,,United States,false,,US,2024-05-11,2026-09-01
101411,Cynthia,,King,https://www.linkedin.com/in/cynthia-king-14,,,,,,United States,false,,US,2025-09-10,2026-09-01
101412,Ryan,,Campbell,https://www.linkedin.com/in/ryan-campbell-11,,,,,,United States,false,,US,2026-06-15,2026-09-01
101413,Jason,,Jackson,https://www.linkedin.com/in/jason-jackson-88,,,,,,United States,false,,US,2025-12-12,2026-09-01
101414,Justin,,Williams,,,,,,,United States,false,,US,2024-11-29,2026-09-01
101415,Charles,,Taylor,https://www.linkedin.com/in/charles-taylor-57,,,,,,United States,false,,US,2024-04-29,2026-09-01
101416,Jeffrey,,Evans,https://www.linkedin.com/in/jeffrey-evans-43,,,,,,United States,false,,US,2026-08-05,2026-09-01
101417,Janet,,Wilson,https://www.linkedin.com/in/janet-wilson-70,,,,,,United States,false,,US,2026-10-11,2026-09-01
101418,Lisa,,Gonzalez,,,,,,,United States,false,,US,2024-06-25,2026-09-01
101419,Michael,,Thomas,https://www.linkedin.com/in/michael-thomas-75,,,,,,United States,false,,US,2024-03-26,2026-09-01
101420,Donald,,Hall,https://www.linkedin.com/in/donald-hall-80,,,,,,United States,false,,US,2026-05-01,2026-09-01
101421,Catherine,,Ward,,,,,,,United States,false,,US,2024-05-31,2026-09-01
101422,Matthew,,Harris,https://www.linkedin.com/in/matthew-harris-10,,,,,,United States,false,,US,2025-02-04,2026-09-01
101423,Betty,,Nguyen,https://www.linkedin.com/in/betty-nguyen-66,,,,,,United States,false,,US,2024-02-07,2026-09-01
101424,Lisa,,Gomez,https://www.linkedin.com/in/lisa-gomez-94,,,,,,United States,false,,US,2025-03-04,2026-09-01
101425,Charles,,Kim,https://www.linkedin.com/in/charles-kim-63,,,,,,United States,false,,US,2025-04-22,2026-09-01
101426,Karen,,Ramos,https://www.linkedin.com/in/karen-ramos-19,,,,,,United States,false,,US,2025-10-22,2026-09-01
101427,Jerry,,Evans,https://www.linkedin.com/in/jerry-evans-29,,,,,,United States,false,,US,2025-10-12,2026-09-01
101428,Kenneth,,Howard,https://www.linkedin.com/in/kenneth-howard-65,,,,,,United States,false,,US,2025-05-15,2026-09-01
101429,Cynthia,,Martin,https://www.linkedin.com/in/cynthia-martin-32,,,,,,United States,false,,US,2025-08-30,2026-09-01
101430,Sharon,,Cooper,https://www.linkedin.com/in/sharon-cooper-73,,,,,,United States,false,,US,2026-04-02,2026-09-01
101431,Joshua,,Johnson,,,,,,,United States,false,,US,2024-08-12,2026-09-01
101432,Eric,,Adams,https://www.linkedin.com/in/eric-adams-59,,,,,,United States,false,,US,2026-04-02,2026-09-01
101433,Paul,,Phillips,https://www.linkedin.com/in/paul-phillips-25,,,,,,United States,false,,US,2026-06-10,2026-09-01
101434,Raymond,,Taylor,https://www.linkedin.com/in/raymond-taylor-94,,,,,,United States,false,,US,2025-01-04,2026-09-01
101435,Brandon,,Kim,https://www.linkedin.com/in/brandon-kim-45,,,,,,United States,false,,US,2026-12-14,2026-09-01
101436,Richard,,Lee,https://www.linkedin.com/in/richard-lee-35,,,,,,United States,false,,US,2024-08-15,2026-09-01
101437,Ronald,,Harris,https://www.linkedin.com/in/ronald-harris-10,,,,,,United States,false,,US,2025-10-20,2026-09-01
101438,Frank,,Lee,https://www.linkedin.com/in/frank-lee-88,,,,,,United States,false,,US,2024-12-16,2026-09-01
101439,Ashley,,Robinson,https://www.linkedin.com/in/ashley-robinson-81,,,,,,United States,false,,US,2025-02-27,2026-09-01
101440,Nicholas,,Ward,https://www.linkedin.com/in/nicholas-ward-96,,,,,,United States,false,,US,2025-02-21,2026-09-01
101441,Margaret,,Morris,https://www.linkedin.com/in/margaret-morris-20,,,,,,United States,false,,US,2026-11-01,2026-09-01
101442,Lisa,,Reyes,https://www.linkedin.com/in/lisa-reyes-18,,,,,,United States,false,,US,2026-12-18,2026-09-01
101443,Raymond,,Mitchell,https://www.linkedin.com/in/raymond-mitchell-31,,,,,,United States,false,,US,2024-01-13,2026-09-01
101444,Samantha,,Morgan,https://www.linkedin.com/in/samantha-morgan-93,,,,,,United States,false,,US,2025-06-29,2026-09-01
101445,Ashley,,Martinez,https://www.linkedin.com/in/ashley-martinez-69,,,,,,United States,false,,US,2026-06-29,2026-09-01
101446,Michelle,,Ward,https://www.linkedin.com/in/michelle-ward-82,,,,,,United States,false,,US,2024-11-28,2026-09-01
101447,Carol,,Adams,https://www.linkedin.com/in/carol-adams-44,,,,,,United States,false,,US,2026-06-10,2026-09-01
101448,Stephen,,Kim,https://www.linkedin.com/in/stephen-kim-97,,,,,,United States,false,,US,2026-10-16,2026-09-01
101449,Steven,,Bailey,https://www.linkedin.com/in/steven-bailey-89,,,,,,United States,false,,US,2025-08-05,2026-09-01
101450,Heather,,Howard,https://www.linkedin.com/in/heather-howard-43,,,,,,United States,false,,US,2025-08-16,2026-09-01
101451,John,,Lee,https://www.linkedin.com/in/john-lee-68,,,,,,United States,false,,US,2024-03-21,2026-09-01
101452,Ronald,,Phillips,https://www.linkedin.com/in/ronald-phillips-87,,,,,,United States,false,,US,2024-05-05,2026-09-01
101453,Robert,,Cooper,https://www.linkedin.com/in/robert-cooper-78,,,,,,United States,false,,US,2025-06-01,2026-09-01
101454,Alexander,,Hall,https://www.linkedin.com/in/alexander-hall-96,,,,,,United States,false,,US,2026-04-05,2026-09-01
101455,Jerry,,Reed,https://www.linkedin.com/in/jerry-reed-66,,,,,,United States,false,,US,2025-08-25,2026-09-01
101456,Sharon,,Edwards,https://www.linkedin.com/in/sharon-edwards-74,,,,,,United States,false,,US,2026-09-09,2026-09-01
101457,Ronald,,Morris,https://www.linkedin.com/in/ronald-morris-53,,,,,,United States,false,,US,2026-05-14,2026-09-01
101458,Brenda,,Phillips,https://www.linkedin.com/in/brenda-phillips-57,,,,,,United States,false,,US,2024-12-03,2026-09-01
101459,Joshua,,Jones,https://www.linkedin.com/in/joshua-jones-26,,,,,,United States,false,,US,2024-08-27,2026-09-01
101460,Dorothy,,Hall,https://www.linkedin.com/in/dorothy-hall-65,,,,,,United States,false,,US,2026-09-05,2026-09-01
101461,Scott,,Davis,,,,,,,United States,false,,US,2025-05-25,2026-09-01
101462,Ronald,,Taylor,https://www.linkedin.com/in/ronald-taylor-21,,,,,,United States,false,,US,2024-05-19,2026-09-01
101463,Carolyn,,Stewart,https://www.linkedin.com/in/carolyn-stewart-91,,,,,,United States,false,,US,2024-10-20,2026-09-01
101464,Michael,,Campbell,https://www.linkedin.com/in/michael-campbell-21,,,,,,United States,false,,US,2025-06-13,2026-09-01
101465,Laura,,Collins,https://www.linkedin.com/in/laura-collins-70,,,,,,United States,false,,US,2025-04-16,2026-09-01
101466,Maria,,Campbell,https://www.linkedin.com/in/maria-campbell-55,,,,,,United States,false,,US,2024-10-16,2026-09-01
101467,Samuel,,Gutierrez,https://www.linkedin.com/in/samuel-gutierrez-33,,,,,,United States,false,,US,2026-05-24,2026-09-01
101468,Mary,,Torres,https://www.linkedin.com/in/mary-torres-65,,,,,,United States,false,,US,2025-01-11,2026-09-01
101469,Kenneth,,Rodriguez,https://www.linkedin.com/in/kenneth-rodriguez-25,,,,,,United States,false,,US,2026-06-30,2026-09-01
101470,Charles,,Ramos,https://www.linkedin.com/in/charles-ramos-85,,,,,,United States,false,,US,2024-05-13,2026-09-01
101471,Sharon,,King,https://www.linkedin.com/in/sharon-king-53,,,,,,United States,false,,US,2024-04-17,2026-09-01
101472,Brandon,,Ramos,https://www.linkedin.com/in/brandon-ramos-13,,,,,,United States,false,,US,2024-03-16,2026-09-01
101473,Katherine,,Nguyen,https://www.linkedin.com/in/katherine-nguyen-75,,,,,,United States,false,,US,2026-11-24,2026-09-01
101474,Kevin,,Kelly,https://www.linkedin.com/in/kevin-kelly-76,,,,,,United States,false,,US,2024-09-15,2026-09-01
101475,Eric,,Anderson,https://www.linkedin.com/in/eric-anderson-16,,,,,,United States,false,,US,2025-01-01,2026-09-01
101476,Christopher,,Martinez,https://www.linkedin.com/in/christopher-martinez-84,,,,,,United States,false,,US,2026-08-05,2026-09-01
101477,Eric,,Wilson,,,,,,,United States,false,,US,2025-03-21,2026-09-01
101478,Brandon,,Morales,https://www.linkedin.com/in/brandon-morales-20,,,,,,United States,false,,US,2025-07-17,2026-09-01
101479,Carol,,Kelly,,,,,,,United States,false,,US,2024-02-16,2026-09-01
101480,Robert,,Reyes,https://www.linkedin.com/in/robert-reyes-11,,,,,,United States,false,,US,2025-10-14,2026-09-01
101481,Matthew,,Taylor,https://www.linkedin.com/in/matthew-taylor-12,,,,,,United States,false,,US,2024-09-05,2026-09-01
101482,Jonathan,,Gonzalez,https://www.linkedin.com/in/jonathan-gonzalez-25,,,,,,United States,false,,US,2024-03-28,2026-09-01
101483,Paul,,Adams,,,,,,,United States,false,,US,2024-10-04,2026-09-01
101484,Donald,,Richardson,,,,,,,United States,false,,US,2024-01-15,2026-09-01
101485,Deborah,,Carter,https://www.linkedin.com/in/deborah-carter-72,,,,,,United States,false,,US,2025-01-15,2026-09-01
101486,Jacob,,Morales,https://www.linkedin.com/in/jacob-morales-13,,,,,,United States,false,,US,2024-11-20,2026-09-01
101487,Anna,,Kim,https://www.linkedin.com/in/anna-kim-93,,,,,,United States,false,,US,2026-02-13,2026-09-01
101488,Timothy,,Smith,https://www.linkedin.com/in/timothy-smith-41,,,,,,United States,false,,US,2025-08-27,2026-09-01
101489,Daniel,,Gutierrez,,,,,,,United States,false,,US,2025-06-06,2026-09-01
101490,Kimberly,,Wright,https://www.linkedin.com/in/kimberly-wright-77,,,,,,United States,false,,US,2025-04-15,2026-09-01
101491,Gregory,,Cox,https://www.linkedin.com/in/gregory-cox-98,,,,,,United States,false,,US,2024-01-08,2026-09-01
101492,Larry,,Thompson,https://www.linkedin.com/in/larry-thompson-78,,,,,,United States,false,,US,2025-07-23,2026-09-01
101493,Brandon,,Rogers,https://www.linkedin.com/in/brandon-rogers-44,,,,,,United States,false,,US,2025-10-17,2026-09-01
101494,Nicholas,,Murphy,https://www.linkedin.com/in/nicholas-murphy-70,,,,,,United States,false,,US,2026-06-26,2026-09-01
101495,Katherine,,Rivera,https://www.linkedin.com/in/katherine-rivera-38,,,,,,United States,false,,US,2025-04-24,2026-09-01
101496,Margaret,,Phillips,https://www.linkedin.com/in/margaret-phillips-70,,,,,,United States,false,,US,2026-07-09,2026-09-01
101497,Mary,,Allen,,,,,,,United States,false,,US,2024-01-18,2026-09-01
101498,Andrew,,Mitchell,https://www.linkedin.com/in/andrew-mitchell-40,,,,,,United States,false,,US,2024-06-03,2026-09-01
101499,Cynthia,,Brown,https://www.linkedin.com/in/cynthia-brown-81,,,,,,United States,false,,US,2026-08-30,2026-09-01
101500,Karen,,Roberts,https://www.linkedin.com/in/karen-roberts-83,,,,,,United States,false,,US,2026-04-13,2026-09-01
101501,Richard,,Carter,https://www.linkedin.com/in/richard-carter-70,,,,,,United States,false,,US,2024-01-25,2026-09-01
101502,Karen,,Cooper,https://www.linkedin.com/in/karen-cooper-98,,,,,,United States,false,,US,2024-12-13,2026-09-01
101503,Patricia,,Davis,,,,,,,United States,false,,US,2025-05-13,2026-09-01
101504,Sarah,,Nelson,https://www.linkedin.com/in/sarah-nelson-82,,,,,,United States,false,,US,2024-01-26,2026-09-01
101505,Christopher,,White,,,,,,,United States,false,,US,2025-06-03,2026-09-01
101506,David,,Stewart,https://www.linkedin.com/in/david-stewart-68,,,,,,United States,false,,US,2025-06-09,2026-09-01
101507,Michelle,,Young,https://www.linkedin.com/in/michelle-young-28,,,,,,United States,false,,US,2025-04-06,2026-09-01
101508,Maria,,Hill,https://www.linkedin.com/in/maria-hill-26,,,,,,United States,false,,US,2025-01-11,2026-09-01
101509,George,,Jackson,,,,,,,United States,false,,US,2026-03-24,2026-09-01
101510,Andrew,,Hall,https://www.linkedin.com/in/andrew-hall-55,,,,,,United States,false,,US,2025-12-19,2026-09-01
101511,Joseph,,Carter,,,,,,,United States,false,,US,2024-08-04,2026-09-01
101512,Cynthia,,Carter,https://www.linkedin.com/in/cynthia-carter-11,,,,,,United States,false,,US,2026-10-21,2026-09-01
101513,John,,Morales,https://www.linkedin.com/in/john-morales-82,,,,,,United States,false,,US,2024-09-24,2026-09-01
101514,Betty,,Gomez,https://www.linkedin.com/in/betty-gomez-90,,,,,,United States,false,,US,2024-09-18,2026-09-01
101515,Betty,,Adams,https://www.linkedin.com/in/betty-adams-45,,,,,,United States,false,,US,2025-07-04,2026-09-01
101516,Angela,,Parker,https://www.linkedin.com/in/angela-parker-15,,,,,,United States,false,,US,2026-10-29,2026-09-01
101517,Donna,,Phillips,https://www.linkedin.com/in/donna-phillips-85,,,,,,United States,false,,US,2024-08-15,2026-09-01
101518,James,,Williams,https://www.linkedin.com/in/james-williams-21,,,,,,United States,false,,US,2026-02-26,2026-09-01
101519,Ryan,,Richardson,,,,,,,United States,false,,US,2024-01-19,2026-09-01
101520,Anna,,Baker,https://www.linkedin.com/in/anna-baker-20,,,,,,United States,false,,US,2026-05-20,2026-09-01
101521,Kenneth,,Lopez,https://www.linkedin.com/in/kenneth-lopez-81,,,,,,United States,false,,US,2026-01-26,2026-09-01
101522,Frank,,King,https://www.linkedin.com/in/frank-king-28,,,,,,United States,false,,US,2025-09-24,2026-09-01
101523,Karen,,Williams,https://www.linkedin.com/in/karen-williams-43,,,,,,United States,false,,US,2024-01-25,2026-09-01
101524,Sarah,,Lewis,https://www.linkedin.com/in/sarah-lewis-86,,,,,,United States,false,,US,2025-08-14,2026-09-01
101525,Dorothy,,Moore,https://www.linkedin.com/in/dorothy-moore-55,,,,,,United States,false,,US,2025-01-29,2026-09-01
101526,Richard,,Bailey,https://www.linkedin.com/in/richard-bailey-80,,,,,,United States,false,,US,2025-11-10,2026-09-01
101527,Brian,,Reed,,,,,,,United States,false,,US,2026-03-25,2026-09-01
101528,Joseph,,Jones,,,,,,,United States,false,,US,2024-12-20,2026-09-01
101529,Mark,,Davis,https://www.linkedin.com/in/mark-davis-62,,,,,,United States,false,,US,2024-02-18,2026-09-01
101530,Michael,,Hernandez,,,,,,,United States,false,,US,2025-05-11,2026-09-01
101531,Catherine,,Clark,https://www.linkedin.com/in/catherine-clark-49,,,,,,United States,false,,US,2026-10-04,2026-09-01
101532,Karen,,King,https://www.linkedin.com/in/karen-king-81,,,,,,United States,false,,US,2026-05-13,2026-09-01
101533,Deborah,,Hall,https://www.linkedin.com/in/deborah-hall-61,,,,,,United States,false,,US,2024-11-08,2026-09-01
101534,Thomas,,Scott,https://www.linkedin.com/in/thomas-scott-89,,,,,,United States,false,,US,2026-06-24,2026-09-01
101535,Timothy,,Cooper,https://www.linkedin.com/in/timothy-cooper-44,,,,,,United States,false,,US,2025-08-23,2026-09-01
101536,Steven,,Cox,https://www.linkedin.com/in/steven-cox-55,,,,,,United States,false,,US,2024-12-01,2026-09-01
101537,Amanda,,Allen,https://www.linkedin.com/in/amanda-allen-32,,,,,,United States,false,,US,2024-02-05,2026-09-01
101538,Paul,,Cook,https://www.linkedin.com/in/paul-cook-74,,,,,,United States,false,,US,2025-01-01,2026-09-01
101539,Raymond,,Rodriguez,https://www.linkedin.com/in/raymond-rodriguez-45,,,,,,United States,false,,US,2026-05-09,2026-09-01
101540,Michael,,Flores,https://www.linkedin.com/in/michael-flores-77,,,,,,United States,false,,US,2026-05-18,2026-09-01
101541,James,,Walker,https://www.linkedin.com/in/james-walker-22,,,,,,United States,false,,US,2026-10-31,2026-09-01
101542,Deborah,,Miller,https://www.linkedin.com/in/deborah-miller-35,,,,,,United States,false,,US,2024-11-30,2026-09-01
101543,Amanda,,Ward,https://www.linkedin.com/in/amanda-ward-16,,,,,,United States,false,,US,2026-11-05,2026-09-01
101544,Carol,,Lewis,https://www.linkedin.com/in/carol-lewis-31,,,,,,United States,false,,US,2024-09-01,2026-09-01
101545,Robert,,Stewart,https://www.linkedin.com/in/robert-stewart-81,,,,,,United States,false,,US,2026-12-18,2026-09-01
101546,Alexander,,Cruz,https://www.linkedin.com/in/alexander-cruz-10,,,,,,United States,false,,US,2026-08-23,2026-09-01
101547,Sarah,,Reyes,https://www.linkedin.com/in/sarah-reyes-17,,,,,,United States,false,,US,2025-04-09,2026-09-01
101548,Nicholas,,Jones,,,,,,,United States,false,,US,2025-06-10,2026-09-01
101549,Christine,,Nguyen,https://www.linkedin.com/in/christine-nguyen-27,,,,,,United States,false,,US,2025-03-12,2026-09-01
101550,George,,Jackson,,,,,,,United States,false,,US,2024-04-22,2026-09-01
101551,Jack,,Anderson,https://www.linkedin.com/in/jack-anderson-48,,,,,,United States,false,,US,2024-10-24,2026-09-01
101552,Deborah,,Martinez,,,,,,,United States,false,,US,2024-01-20,2026-09-01
101553,Maria,,Peterson,https://www.linkedin.com/in/maria-peterson-99,,,,,,United States,false,,US,2025-08-18,2026-09-01
101554,Stephanie,,Young,https://www.linkedin.com/in/stephanie-young-88,,,,,,United States,false,,US,2025-11-06,2026-09-01
101555,Sandra,,Flores,https://www.linkedin.com/in/sandra-flores-21,,,,,,United States,false,,US,2024-01-07,2026-09-01
101556,Kimberly,,Martin,https://www.linkedin.com/in/kimberly-martin-91,,,,,,United States,false,,US,2024-04-03,2026-09-01
101557,Melissa,,Scott,https://www.linkedin.com/in/melissa-scott-69,,,,,,United States,false,,US,2026-08-17,2026-09-01
101558,Christopher,,Jones,https://www.linkedin.com/in/christopher-jones-66,,,,,,United States,false,,US,2024-07-27,2026-09-01
101559,Patricia,,Collins,https://www.linkedin.com/in/patricia-collins-74,,,,,,United States,false,,US,2026-08-07,2026-09-01
101560,Daniel,,Nelson,https://www.linkedin.com/in/daniel-nelson-60,,,,,,United States,false,,US,2026-12-17,2026-09-01
101561,Sarah,,Johnson,https://www.linkedin.com/in/sarah-johnson-58,,,,,,United States,false,,US,2025-02-27,2026-09-01
101562,Christopher,,Morris,https://www.linkedin.com/in/christopher-morris-36,,,,,,United States,false,,US,2025-11-23,2026-09-01
101563,Heather,,Mitchell,https://www.linkedin.com/in/heather-mitchell-43,,,,,,United States,false,,US,2024-01-13,2026-09-01
101564,Brian,,Brown,https://www.linkedin.com/in/brian-brown-87,,,,,,United States,false,,US,2024-10-23,2026-09-01
101565,Steven,,Lee,https://www.linkedin.com/in/steven-lee-19,,,,,,United States,false,,US,2024-02-26,2026-09-01
101566,Linda,,Thompson,https://www.linkedin.com/in/linda-thompson-92,,,,,,United States,false,,US,2024-10-28,2026-09-01
101567,Gary,,Wilson,https://www.linkedin.com/in/gary-wilson-17,,,,,,United States,false,,US,2025-08-26,2026-09-01
101568,Justin,,Johnson,https://www.linkedin.com/in/justin-johnson-32,,,,,,United States,false,,US,2025-01-18,2026-09-01
101569,Patricia,,White,https://www.linkedin.com/in/patricia-white-82,,,,,,United States,false,,US,2024-01-29,2026-09-01
101570,Richard,,Wright,https://www.linkedin.com/in/richard-wright-60,,,,,,United States,false,,US,2025-07-04,2026-09-01
101571,Timothy,,Collins,https://www.linkedin.com/in/timothy-collins-45,,,,,,United States,false,,US,2026-02-10,2026-09-01
101572,John,,Gomez,https://www.linkedin.com/in/john-gomez-51,,,,,,United States,false,,US,2025-06-16,2026-09-01
101573,Linda,,Lee,https://www.linkedin.com/in/linda-lee-88,,,,,,United States,false,,US,2025-10-27,2026-09-01
101574,Susan,,Cox,https://www.linkedin.com/in/susan-cox-87,,,,,,United States,false,,US,2025-04-05,2026-09-01
101575,Thomas,,Reyes,https://www.linkedin.com/in/thomas-reyes-73,,,,,,United States,false,,US,2025-01-04,2026-09-01
101576,Christine,,Wilson,https://www.linkedin.com/in/christine-wilson-31,,,,,,United States,false,,US,2024-04-05,2026-09-01
101577,Nancy,,White,https://www.linkedin.com/in/nancy-white-57,,,,,,United States,false,,US,2025-09-04,2026-09-01
101578,Linda,,Anderson,https://www.linkedin.com/in/linda-anderson-38,,,,,,United States,false,,US,2025-11-22,2026-09-01
101579,Matthew,,Young,https://www.linkedin.com/in/matthew-young-30,,,,,,United States,false,,US,2025-08-26,2026-09-01
101580,Jonathan,,Robinson,,,,,,,United States,false,,US,2025-07-05,2026-09-01
101581,Dennis,,Wright,,,,,,,United States,false,,US,2024-04-27,2026-09-01
101582,Jeffrey,,Nelson,https://www.linkedin.com/in/jeffrey-nelson-60,,,,,,United States,false,,US,2025-10-03,2026-09-01
101583,Raymond,,Phillips,,,,,,,United States,false,,US,2026-05-17,2026-09-01
101584,Susan,,Jackson,https://www.linkedin.com/in/susan-jackson-89,,,,,,United States,false,,US,2026-05-21,2026-09-01
101585,Sarah,,Wright,,,,,,,United States,false,,US,2024-12-06,2026-09-01
101586,Jerry,,Moore,,,,,,,United States,false,,US,2024-08-03,2026-09-01
101587,Thomas,,Mitchell,https://www.linkedin.com/in/thomas-mitchell-42,,,,,,United States,false,,US,2024-09-25,2026-09-01
101588,Karen,,Lopez,https://www.linkedin.com/in/karen-lopez-40,,,,,,United States,false,,US,2025-06-04,2026-09-01
101589,Sharon,,Rivera,,,,,,,United States,false,,US,2024-04-27,2026-09-01
101590,Nancy,,Baker,https://www.linkedin.com/in/nancy-baker-79,,,,,,United States,false,,US,2025-08-16,2026-09-01
101591,Sharon,,Scott,,,,,,,United States,false,,US,2026-11-30,2026-09-01
101592,Kevin,,Cook,https://www.linkedin.com/in/kevin-cook-55,,,,,,United States,false,,US,2026-12-15,2026-09-01
101593,Joshua,,Edwards,https://www.linkedin.com/in/joshua-edwards-62,,,,,,United States,false,,US,2025-01-21,2026-09-01
101594,Emma,,Allen,https://www.linkedin.com/in/emma-allen-92,,,,,,United States,false,,US,2024-01-27,2026-09-01
101595,Barbara,,Perez,https://www.linkedin.com/in/barbara-perez-41,,,,,,United States,false,,US,2025-07-14,2026-09-01
101596,Michael,,Hernandez,https://www.linkedin.com/in/michael-hernandez-41,,,,,,United States,false,,US,2026-01-29,2026-09-01
101597,Maria,,Sanchez,https://www.linkedin.com/in/maria-sanchez-32,,,,,,United States,false,,US,2024-10-02,2026-09-01
101598,Thomas,,Gomez,https://www.linkedin.com/in/thomas-gomez-77,,,,,,United States,false,,US,2025-12-25,2026-09-01
101599,Mary,,Johnson,https://www.linkedin.com/in/mary-johnson-39,,,,,,United States,false,,US,2026-08-06,2026-09-01
101600,Daniel,,Sanchez,https://www.linkedin.com/in/daniel-sanchez-21,,,,,,United States,false,,US,2026-06-29,2026-09-01
101601,Jason,,Jackson,https://www.linkedin.com/in/jason-jackson-96,,,,,,United States,false,,US,2024-08-15,2026-09-01
101602,Emily,,Diaz,https://www.linkedin.com/in/emily-diaz-70,,,,,,United States,false,,US,2025-11-02,2026-09-01
101603,Carol,,Gonzalez,https://www.linkedin.com/in/carol-gonzalez-66,,,,,,United States,false,,US,2024-02-10,2026-09-01
101604,Barbara,,Murphy,https://www.linkedin.com/in/barbara-murphy-82,,,,,,United States,false,,US,2025-01-21,2026-09-01
101605,Daniel,,Hill,https://www.linkedin.com/in/daniel-hill-15,,,,,,United States,false,,US,2024-12-11,2026-09-01
101606,Kenneth,,Morris,https://www.linkedin.com/in/kenneth-morris-44,,,,,,United States,false,,US,2024-12-23,2026-09-01
101607,Michael,,Flores,https://www.linkedin.com/in/michael-flores-92,,,,,,United States,false,,US,2026-04-20,2026-09-01
101608,Jack,,Gonzalez,https://www.linkedin.com/in/jack-gonzalez-68,,,,,,United States,false,,US,2026-10-31,2026-09-01
101609,David,,Mitchell,https://www.linkedin.com/in/david-mitchell-98,,,,,,United States,false,,US,2024-06-27,2026-09-01
101610,Eric,,Mitchell,https://www.linkedin.com/in/eric-mitchell-87,,,,,,United States,false,,US,2024-03-09,2026-09-01
101611,John,,Baker,https://www.linkedin.com/in/john-baker-39,,,,,,United States,false,,US,2025-05-22,2026-09-01
101612,Jeffrey,,Wright,https://www.linkedin.com/in/jeffrey-wright-85,,,,,,United States,false,,US,2026-11-08,2026-09-01
101613,Ashley,,Ramirez,,,,,,,United States,false,,US,2026-09-16,2026-09-01
101614,Pamela,,Turner,https://www.linkedin.com/in/pamela-turner-97,,,,,,United States,false,,US,2024-12-12,2026-09-01
101615,Rachel,,Rogers,https://www.linkedin.com/in/rachel-rogers-74,,,,,,United States,false,,US,2026-09-13,2026-09-01
101616,Stephanie,,Brown,https://www.linkedin.com/in/stephanie-brown-50,,,,,,United States,false,,US,2025-10-22,2026-09-01
101617,Jonathan,,Lee,https://www.linkedin.com/in/jonathan-lee-81,,,,,,United States,false,,US,2024-11-11,2026-09-01
101618,Rebecca,,Adams,https://www.linkedin.com/in/rebecca-adams-36,,,,,,United States,false,,US,2025-04-22,2026-09-01
101619,Cynthia,,Lopez,https://www.linkedin.com/in/cynthia-lopez-10,,,,,,United States,false,,US,2026-12-29,2026-09-01
101620,Jason,,Flores,https://www.linkedin.com/in/jason-flores-31,,,,,,United States,false,,US,2026-04-09,2026-09-01
101621,Catherine,,Scott,https://www.linkedin.com/in/catherine-scott-41,,,,,,United States,false,,US,2024-04-21,2026-09-01
101622,Rachel,,Jackson,https://www.linkedin.com/in/rachel-jackson-98,,,,,,United States,false,,US,2024-06-03,2026-09-01
101623,Cynthia,,Morgan,,,,,,,United States,false,,US,2026-08-23,2026-09-01
101624,Nicholas,,Smith,https://www.linkedin.com/in/nicholas-smith-58,,,,,,United States,false,,US,2025-07-09,2026-09-01
101625,David,,Collins,https://www.linkedin.com/in/david-collins-29,,,,,,United States,false,,US,2026-12-18,2026-09-01
101626,Nancy,,Kim,https://www.linkedin.com/in/nancy-kim-80,,,,,,United States,false,,US,2024-12-22,2026-09-01
101627,Katherine,,Nguyen,https://www.linkedin.com/in/katherine-nguyen-77,,,,,,United States,false,,US,2025-10-30,2026-09-01
101628,Donald,,Richardson,,,,,,,United States,false,,US,2024-04-26,2026-09-01
101629,Samantha,,Thompson,https://www.linkedin.com/in/samantha-thompson-63,,,,,,United States,false,,US,2025-02-02,2026-09-01
101630,Alexander,,King,https://www.linkedin.com/in/alexander-king-37,,,,,,United States,false,,US,2025-10-29,2026-09-01
101631,Ashley,,Johnson,https://www.linkedin.com/in/ashley-johnson-44,,,,,,United States,false,,US,2026-07-13,2026-09-01
101632,Stephanie,,Davis,https://www.linkedin.com/in/stephanie-davis-58,,,,,,United States,false,,US,2026-07-08,2026-09-01
101633,Robert,,Young,https://www.linkedin.com/in/robert-young-99,,,,,,United States,false,,US,2025-07-11,2026-09-01
101634,Carolyn,,Phillips,https://www.linkedin.com/in/carolyn-phillips-35,,,,,,United States,false,,US,2024-09-17,2026-09-01
101635,Thomas,,Mitchell,https://www.linkedin.com/in/thomas-mitchell-82,,,,,,United States,false,,US,2026-09-19,2026-09-01
101636,Christine,,Thompson,,,,,,,United States,false,,US,2024-04-13,2026-09-01
101637,Scott,,Martin,https://www.linkedin.com/in/scott-martin-87,,,,,,United States,false,,US,2025-05-22,2026-09-01
101638,Margaret,,Adams,https://www.linkedin.com/in/margaret-adams-71,,,,,,United States,false,,US,2026-03-29,2026-09-01
101639,Shirley,,Harris,https://www.linkedin.com/in/shirley-harris-86,,,,,,United States,false,,US,2024-06-22,2026-09-01
101640,Cynthia,,Phillips,,,,,,,United States,false,,US,2024-05-17,2026-09-01
101641,Michelle,,Robinson,https://www.linkedin.com/in/michelle-robinson-46,,,,,,United States,false,,US,2024-05-24,2026-09-01
101642,Christine,,Moore,https://www.linkedin.com/in/christine-moore-11,,,,,,United States,false,,US,2025-11-05,2026-09-01
101643,Helen,,Martin,,,,,,,United States,false,,US,2025-01-09,2026-09-01
101644,Sandra,,Baker,https://www.linkedin.com/in/sandra-baker-13,,,,,,United States,false,,US,2026-09-19,2026-09-01
101645,Michelle,,Morales,https://www.linkedin.com/in/michelle-morales-30,,,,,,United States,false,,US,2025-10-13,2026-09-01
101646,Mark,,Martinez,https://www.linkedin.com/in/mark-martinez-71,,,,,,United States,false,,US,2025-10-08,2026-09-01
101647,Stephanie,,Gonzalez,,,,,,,United States,false,,US,2026-10-13,2026-09-01
101648,Laura,,Torres,https://www.linkedin.com/in/laura-torres-10,,,,,,United States,false,,US,2025-07-08,2026-09-01
101649,Kenneth,,Rodriguez,https://www.linkedin.com/in/kenneth-rodriguez-10,,,,,,United States,false,,US,2026-08-21,2026-09-01
101650,Timothy,,Adams,,,,,,,United States,false,,US,2024-05-26,2026-09-01
101651,Jacob,,Jones,https://www.linkedin.com/in/jacob-jones-98,,,,,,United States,false,,US,2026-01-01,2026-09-01
101652,Christine,,Anderson,https://www.linkedin.com/in/christine-anderson-16,,,,,,United States,false,,US,2026-10-04,2026-09-01
101653,Michelle,,Thomas,https://www.linkedin.com/in/michelle-thomas-12,,,,,,United States,false,,US,2025-05-24,2026-09-01
101654,Charles,,Garcia,https://www.linkedin.com/in/charles-garcia-57,,,,,,United States,false,,US,2026-03-28,2026-09-01
101655,Dorothy,,Lee,https://www.linkedin.com/in/dorothy-lee-53,,,,,,United States,false,,US,2024-07-04,2026-09-01
101656,Rebecca,,Taylor,https://www.linkedin.com/in/rebecca-taylor-34,,,,,,United States,false,,US,2026-08-17,2026-09-01
101657,Brenda,,Morris,https://www.linkedin.com/in/brenda-morris-15,,,,,,United States,false,,US,2024-12-10,2026-09-01
101658,Jennifer,,Thomas,https://www.linkedin.com/in/jennifer-thomas-88,,,,,,United States,false,,US,2024-07-08,2026-09-01
101659,Anna,,Torres,https://www.linkedin.com/in/anna-torres-20,,,,,,United States,false,,US,2024-07-07,2026-09-01
101660,Betty,,Jackson,https://www.linkedin.com/in/betty-jackson-58,,,,,,United States,false,,US,2024-07-24,2026-09-01
101661,Helen,,Kelly,https://www.linkedin.com/in/helen-kelly-41,,,,,,United States,false,,US,2025-07-11,2026-09-01
101662,Rebecca,,Morales,https://www.linkedin.com/in/rebecca-morales-62,,,,,,United States,false,,US,2024-09-27,2026-09-01
101663,Timothy,,White,https://www.linkedin.com/in/timothy-white-99,,,,,,United States,false,,US,2026-02-08,2026-09-01
101664,Andrew,,Johnson,https://www.linkedin.com/in/andrew-johnson-85,,,,,,United States,false,,US,2024-09-04,2026-09-01
101665,Mary,,Ramirez,https://www.linkedin.com/in/mary-ramirez-85,,,,,,United States,false,,US,2024-08-30,2026-09-01
101666,Lisa,,Gomez,,,,,,,United States,false,,US,2026-12-28,2026-09-01
101667,Sharon,,Garcia,,,,,,,United States,false,,US,2026-08-07,2026-09-01
101668,Brian,,Hall,https://www.linkedin.com/in/brian-hall-46,,,,,,United States,false,,US,2025-08-02,2026-09-01
101669,Maria,,Nelson,https://www.linkedin.com/in/maria-nelson-61,,,,,,United States,false,,US,2024-11-17,2026-09-01
101670,Samantha,,Martin,https://www.linkedin.com/in/samantha-martin-61,,,,,,United States,false,,US,2024-02-02,2026-09-01
101671,James,,Rodriguez,https://www.linkedin.com/in/james-rodriguez-96,,,,,,United States,false,,US,2024-07-03,2026-09-01
101672,Elizabeth,,Clark,https://www.linkedin.com/in/elizabeth-clark-51,,,,,,United States,false,,US,2025-09-21,2026-09-01
101673,Kenneth,,Reyes,https://www.linkedin.com/in/kenneth-reyes-50,,,,,,United States,false,,US,2026-07-31,2026-09-01
101674,Jessica,,Kelly,https://www.linkedin.com/in/jessica-kelly-20,,,,,,United States,false,,US,2026-12-10,2026-09-01
101675,Melissa,,Reyes,,,,,,,United States,false,,US,2025-01-15,2026-09-01
101676,Ashley,,Morris,https://www.linkedin.com/in/ashley-morris-21,,,,,,United States,false,,US,2025-06-27,2026-09-01
101677,Ashley,,Smith,https://www.linkedin.com/in/ashley-smith-22,,,,,,United States,false,,US,2025-01-15,2026-09-01
101678,Charles,,Brown,https://www.linkedin.com/in/charles-brown-65,,,,,,United States,false,,US,2026-09-28,2026-09-01
101679,Sandra,,Thompson,https://www.linkedin.com/in/sandra-thompson-47,,,,,,United States,false,,US,2024-10-10,2026-09-01
101680,Margaret,,Hill,https://www.linkedin.com/in/margaret-hill-19,,,,,,United States,false,,US,2026-12-11,2026-09-01
101681,Jessica,,Brown,,,,,,,United States,false,,US,2026-03-16,2026-09-01
101682,Paul,,Young,https://www.linkedin.com/in/paul-young-29,,,,,,United States,false,,US,2025-01-12,2026-09-01
101683,Heather,,Parker,https://www.linkedin.com/in/heather-parker-29,,,,,,United States,false,,US,2024-09-19,2026-09-01
101684,Amy,,Edwards,https://www.linkedin.com/in/amy-edwards-37,,,,,,United States,false,,US,2025-02-21,2026-09-01
101685,Rebecca,,Moore,https://www.linkedin.com/in/rebecca-moore-10,,,,,,United States,false,,US,2026-05-30,2026-09-01
101686,Charles,,Johnson,https://www.linkedin.com/in/charles-johnson-41,,,,,,United States,false,,US,2026-04-09,2026-09-01
101687,Emma,,Kelly,https://www.linkedin.com/in/emma-kelly-83,,,,,,United States,false,,US,2025-07-22,2026-09-01
101688,Rebecca,,Parker,https://www.linkedin.com/in/rebecca-parker-26,,,,,,United States,false,,US,2024-09-26,2026-09-01
101689,Susan,,Nelson,https://www.linkedin.com/in/susan-nelson-81,,,,,,United States,false,,US,2025-11-26,2026-09-01
101690,Sandra,,Allen,,,,,,,United States,false,,US,2024-05-29,2026-09-01
101691,Lisa,,Edwards,https://www.linkedin.com/in/lisa-edwards-99,,,,,,United States,false,,US,2024-11-30,2026-09-01
101692,Donna,,Rodriguez,https://www.linkedin.com/in/donna-rodriguez-16,,,,,,United States,false,,US,2026-02-26,2026-09-01
101693,Rachel,,Martinez,https://www.linkedin.com/in/rachel-martinez-35,,,,,,United States,false,,US,2025-06-07,2026-09-01
101694,Jeffrey,,Martin,https://www.linkedin.com/in/jeffrey-martin-25,,,,,,United States,false,,US,2024-04-13,2026-09-01
101695,Anna,,Davis,https://www.linkedin.com/in/anna-davis-28,,,,,,United States,false,,US,2026-05-04,2026-09-01
101696,William,,Roberts,https://www.linkedin.com/in/william-roberts-10,,,,,,United States,false,,US,2024-07-21,2026-09-01
101697,Carol,,Gutierrez,https://www.linkedin.com/in/carol-gutierrez-63,,,,,,United States,false,,US,2026-12-23,2026-09-01
101698,Thomas,,Nguyen,https://www.linkedin.com/in/thomas-nguyen-55,,,,,,United States,false,,US,2024-05-26,2026-09-01
101699,Jason,,Williams,https://www.linkedin.com/in/jason-williams-39,,,,,,United States,false,,US,2025-10-13,2026-09-01
101700,Jacob,,Garcia,https://www.linkedin.com/in/jacob-garcia-67,,,,,,United States,false,,US,2024-02-10,2026-09-01
101701,Mark,,Brown,https://www.linkedin.com/in/mark-brown-45,,,,,,United States,false,,US,2024-05-21,2026-09-01
101702,Margaret,,Wright,https://www.linkedin.com/in/margaret-wright-11,,,,,,United States,false,,US,2026-06-06,2026-09-01
101703,Samantha,,Rodriguez,https://www.linkedin.com/in/samantha-rodriguez-70,,,,,,United States,false,,US,2026-09-19,2026-09-01
101704,Carol,,Howard,https://www.linkedin.com/in/carol-howard-80,,,,,,United States,false,,US,2024-04-02,2026-09-01
101705,Sarah,,Parker,,,,,,,United States,false,,US,2025-05-28,2026-09-01
101706,Jonathan,,Parker,https://www.linkedin.com/in/jonathan-parker-88,,,,,,United States,false,,US,2026-01-18,2026-09-01
101707,Joseph,,Flores,,,,,,,United States,false,,US,2026-05-21,2026-09-01
101708,Mark,,Perez,https://www.linkedin.com/in/mark-perez-64,,,,,,United States,false,,US,2024-03-04,2026-09-01
101709,Jack,,Campbell,https://www.linkedin.com/in/jack-campbell-58,,,,,,United States,false,,US,2025-07-27,2026-09-01
101710,Maria,,Lopez,https://www.linkedin.com/in/maria-lopez-74,,,,,,United States,false,,US,2024-11-02,2026-09-01
101711,Donna,,Jackson,https://www.linkedin.com/in/donna-jackson-56,,,,,,United States,false,,US,2025-11-27,2026-09-01
101712,Alexander,,Kelly,,,,,,,United States,false,,US,2026-05-27,2026-09-01
101713,Justin,,Adams,https://www.linkedin.com/in/justin-adams-19,,,,,,United States,false,,US,2026-06-30,2026-09-01
101714,Rebecca,,Murphy,https://www.linkedin.com/in/rebecca-murphy-35,,,,,,United States,false,,US,2026-12-10,2026-09-01
101715,Elizabeth,,Cooper,https://www.linkedin.com/in/elizabeth-cooper-97,,,,,,United States,false,,US,2024-03-22,2026-09-01
101716,Laura,,Clark,https://www.linkedin.com/in/laura-clark-18,,,,,,United States,false,,US,2025-12-23,2026-09-01
101717,Anna,,Gutierrez,https://www.linkedin.com/in/anna-gutierrez-93,,,,,,United States,false,,US,2024-07-20,2026-09-01
101718,Angela,,Moore,https://www.linkedin.com/in/angela-moore-13,,,,,,United States,false,,US,2026-09-27,2026-09-01
101719,Ryan,,Garcia,https://www.linkedin.com/in/ryan-garcia-50,,,,,,United States,false,,US,2024-03-31,2026-09-01
101720,Rebecca,,Morales,https://www.linkedin.com/in/rebecca-morales-75,,,,,,United States,false,,US,2026-04-27,2026-09-01
101721,Benjamin,,Garcia,https://www.linkedin.com/in/benjamin-garcia-50,,,,,,United States,false,,US,2026-06-20,2026-09-01
101722,Emily,,King,,,,,,,United States,false,,US,2026-01-22,2026-09-01
101723,Angela,,Morgan,https://www.linkedin.com/in/angela-morgan-19,,,,,,United States,false,,US,2025-09-29,2026-09-01
101724,David,,Flores,https://www.linkedin.com/in/david-flores-16,,,,,,United States,false,,US,2024-07-28,2026-09-01
101725,Kimberly,,Evans,https://www.linkedin.com/in/kimberly-evans-83,,,,,,United States,false,,US,2025-08-23,2026-09-01
101726,Patricia,,Robinson,https://www.linkedin.com/in/patricia-robinson-64,,,,,,United States,false,,US,2026-05-25,2026-09-01
101727,Christopher,,Cruz,https://www.linkedin.com/in/christopher-cruz-75,,,,,,United States,false,,US,2026-03-16,2026-09-01
101728,Brenda,,Clark,https://www.linkedin.com/in/brenda-clark-27,,,,,,United States,false,,US,2024-06-30,2026-09-01
101729,Kevin,,Bailey,https://www.linkedin.com/in/kevin-bailey-94,,,,,,United States,false,,US,2025-09-15,2026-09-01
101730,Gary,,Wright,https://www.linkedin.com/in/gary-wright-88,,,,,,United States,false,,US,2024-08-23,2026-09-01
101731,Jason,,Rodriguez,https://www.linkedin.com/in/jason-rodriguez-53,,,,,,United States,false,,US,2024-01-27,2026-09-01
101732,Charles,,Perez,,,,,,,United States,false,,US,2024-07-11,2026-09-01
101733,Stephanie,,Reed,https://www.linkedin.com/in/stephanie-reed-92,,,,,,United States,false,,US,2025-08-10,2026-09-01
101734,Elizabeth,,Smith,,,,,,,United States,false,,US,2025-10-03,2026-09-01
101735,Catherine,,Gomez,https://www.linkedin.com/in/catherine-gomez-45,,,,,,United States,false,,US,2024-12-22,2026-09-01
101736,Elizabeth,,Adams,,,,,,,United States,false,,US,2025-09-15,2026-09-01
101737,Emily,,Phillips,,,,,,,United States,false,,US,2025-08-24,2026-09-01
101738,Dennis,,Taylor,https://www.linkedin.com/in/dennis-taylor-18,,,,,,United States,false,,US,2025-12-31,2026-09-01
101739,Kimberly,,Lopez,https://www.linkedin.com/in/kimberly-lopez-15,,,,,,United States,false,,US,2024-02-23,2026-09-01
101740,Margaret,,Peterson,https://www.linkedin.com/in/margaret-peterson-32,,,,,,United States,false,,US,2025-11-16,2026-09-01
101741,Edward,,Hernandez,https://www.linkedin.com/in/edward-hernandez-71,,,,,,United States,false,,US,2025-08-21,2026-09-01
101742,Kenneth,,Ramirez,,,,,,,United States,false,,US,2024-01-17,2026-09-01
101743,Donna,,Johnson,https://www.linkedin.com/in/donna-johnson-46,,,,,,United States,false,,US,2025-05-14,2026-09-01
101744,Jonathan,,Evans,https://www.linkedin.com/in/jonathan-evans-23,,,,,,United States,false,,US,2024-01-31,2026-09-01
101745,Gary,,Peterson,,,,,,,United States,false,,US,2026-07-23,2026-09-01
101746,Elizabeth,,Mitchell,https://www.linkedin.com/in/elizabeth-mitchell-32,,,,,,United States,false,,US,2025-02-05,2026-09-01
101747,Mary,,Phillips,,,,,,,United States,false,,US,2025-01-13,2026-09-01
101748,Matthew,,Miller,https://www.linkedin.com/in/matthew-miller-74,,,,,,United States,false,,US,2026-06-03,2026-09-01
101749,Christopher,,Taylor,,,,,,,United States,false,,US,2024-10-06,2026-09-01
101750,Emily,,Jones,,,,,,,United States,false,,US,2025-10-16,2026-09-01
101751,Sandra,,Ramos,,,,,,,United States,false,,US,2024-12-26,2026-09-01
101752,Alexander,,Torres,https://www.linkedin.com/in/alexander-torres-37,,,,,,United States,false,,US,2025-09-15,2026-09-01
101753,Lisa,,Cook,https://www.linkedin.com/in/lisa-cook-48,,,,,,United States,false,,US,2026-06-25,2026-09-01
101754,Jason,,Smith,https://www.linkedin.com/in/jason-smith-84,,,,,,United States,false,,US,2026-11-14,2026-09-01
101755,Stephanie,,Mitchell,https://www.linkedin.com/in/stephanie-mitchell-82,,,,,,United States,false,,US,2024-05-15,2026-09-01
101756,Andrew,,Morales,https://www.linkedin.com/in/andrew-morales-59,,,,,,United States,false,,US,2024-11-18,2026-09-01
101757,Melissa,,Young,https://www.linkedin.com/in/melissa-young-75,,,,,,United States,false,,US,2024-05-04,2026-09-01
101758,Helen,,Turner,https://www.linkedin.com/in/helen-turner-23,,,,,,United States,false,,US,2025-06-29,2026-09-01
101759,Stephen,,Lewis,https://www.linkedin.com/in/stephen-lewis-37,,,,,,United States,false,,US,2025-08-09,2026-09-01
101760,Timothy,,Peterson,https://www.linkedin.com/in/timothy-peterson-64,,,,,,United States,false,,US,2025-05-19,2026-09-01
101761,Christine,,Kelly,,,,,,,United States,false,,US,2024-07-26,2026-09-01
101762,Emily,,Morgan,https://www.linkedin.com/in/emily-morgan-71,,,,,,United States,false,,US,2024-02-09,2026-09-01
101763,Brenda,,Moore,https://www.linkedin.com/in/brenda-moore-45,,,,,,United States,false,,US,2025-03-01,2026-09-01
101764,Jessica,,Taylor,https://www.linkedin.com/in/jessica-taylor-46,,,,,,United States,false,,US,2026-03-26,2026-09-01
101765,Betty,,Ramos,https://www.linkedin.com/in/betty-ramos-66,,,,,,United States,false,,US,2026-03-23,2026-09-01
101766,Jerry,,Kelly,,,,,,,United States,false,,US,2026-04-01,2026-09-01
101767,Andrew,,Ramirez,https://www.linkedin.com/in/andrew-ramirez-95,,,,,,United States,false,,US,2026-05-08,2026-09-01
101768,Scott,,Ramirez,,,,,,,United States,false,,US,2025-05-29,2026-09-01
101769,Anna,,Lopez,,,,,,,United States,false,,US,2024-01-22,2026-09-01
101770,Ashley,,Nguyen,,,,,,,United States,false,,US,2025-02-14,2026-09-01
101771,Kimberly,,Cook,https://www.linkedin.com/in/kimberly-cook-52,,,,,,United States,false,,US,2025-09-11,2026-09-01
101772,Amy,,Anderson,https://www.linkedin.com/in/amy-anderson-27,,,,,,United States,false,,US,2024-07-19,2026-09-01
101773,Justin,,Flores,https://www.linkedin.com/in/justin-flores-12,,,,,,United States,false,,US,2024-10-04,2026-09-01
101774,Joshua,,Reyes,https://www.linkedin.com/in/joshua-reyes-10,,,,,,United States,false,,US,2024-11-26,2026-09-01
101775,Gregory,,Carter,,,,,,,United States,false,,US,2025-08-09,2026-09-01
101776,Nancy,,Young,https://www.linkedin.com/in/nancy-young-25,,,,,,United States,false,,US,2025-12-14,2026-09-01
101777,Paul,,Miller,,,,,,,United States,false,,US,2025-05-01,2026-09-01
101778,William,,Nelson,https://www.linkedin.com/in/william-nelson-16,,,,,,United States,false,,US,2026-04-21,2026-09-01
101779,Gregory,,Phillips,https://www.linkedin.com/in/gregory-phillips-56,,,,,,United States,false,,US,2026-10-30,2026-09-01
101780,Maria,,Campbell,https://www.linkedin.com/in/maria-campbell-13,,,,,,United States,false,,US,2025-06-14,2026-09-01
101781,Edward,,Johnson,https://www.linkedin.com/in/edward-johnson-94,,,,,,United States,false,,US,2024-03-28,2026-09-01
101782,Timothy,,Evans,https://www.linkedin.com/in/timothy-evans-17,,,,,,United States,false,,US,2025-07-10,2026-09-01
101783,Maria,,Gonzalez,https://www.linkedin.com/in/maria-gonzalez-78,,,,,,United States,false,,US,2024-10-15,2026-09-01
101784,Matthew,,Rivera,https://www.linkedin.com/in/matthew-rivera-85,,,,,,United States,false,,US,2025-08-31,2026-09-01
101785,Sandra,,Mitchell,https://www.linkedin.com/in/sandra-mitchell-23,,,,,,United States,false,,US,2024-08-24,2026-09-01
101786,Ashley,,Hall,https://www.linkedin.com/in/ashley-hall-50,,,,,,United States,false,,US,2025-02-01,2026-09-01
101787,Kenneth,,Cruz,https://www.linkedin.com/in/kenneth-cruz-31,,,,,,United States,false,,US,2026-12-22,2026-09-01
101788,Richard,,King,https://www.linkedin.com/in/richard-king-81,,,,,,United States,false,,US,2026-04-19,2026-09-01
101789,Ryan,,Torres,https://www.linkedin.com/in/ryan-torres-90,,,,,,United States,false,,US,2024-09-20,2026-09-01
101790,Helen,,Cruz,https://www.linkedin.com/in/helen-cruz-40,,,,,,United States,false,,US,2026-04-04,2026-09-01
101791,Scott,,Kelly,,,,,,,United States,false,,US,2025-11-10,2026-09-01
101792,Stephen,,Adams,https://www.linkedin.com/in/stephen-adams-73,,,,,,United States,false,,US,2026-02-01,2026-09-01
101793,Barbara,,Lewis,https://www.linkedin.com/in/barbara-lewis-81,,,,,,United States,false,,US,2024-05-21,2026-09-01
101794,Joshua,,Ramos,https://www.linkedin.com/in/joshua-ramos-17,,,,,,United States,false,,US,2024-10-13,2026-09-01
101795,Mary,,Morgan,https://www.linkedin.com/in/mary-morgan-33,,,,,,United States,false,,US,2025-05-07,2026-09-01
101796,Catherine,,Jackson,https://www.linkedin.com/in/catherine-jackson-32,,,,,,United States,false,,US,2025-03-11,2026-09-01
101797,Joshua,,Rogers,,,,,,,United States,false,,US,2024-03-06,2026-09-01
101798,Gregory,,Jackson,https://www.linkedin.com/in/gregory-jackson-53,,,,,,United States,false,,US,2025-08-19,2026-09-01
101799,Frank,,Richardson,https://www.linkedin.com/in/frank-richardson-66,,,,,,United States,false,,US,2024-11-19,2026-09-01
101800,Jerry,,Thompson,https://www.linkedin.com/in/jerry-thompson-55,,,,,,United States,false,,US,2025-05-08,2026-09-01
101801,Emma,,Thompson,https://www.linkedin.com/in/emma-thompson-58,,,,,,United States,false,,US,2025-03-05,2026-09-01
101802,Ashley,,Ramirez,https://www.linkedin.com/in/ashley-ramirez-38,,,,,,United States,false,,US,2026-09-29,2026-09-01
101803,Lisa,,Baker,https://www.linkedin.com/in/lisa-baker-96,,,,,,United States,false,,US,2025-07-29,2026-09-01
101804,Paul,,Hall,https://www.linkedin.com/in/paul-hall-37,,,,,,United States,false,,US,2024-10-06,2026-09-01
101805,Edward,,Nguyen,https://www.linkedin.com/in/edward-nguyen-46,,,,,,United States,false,,US,2025-05-16,2026-09-01
101806,Amy,,Diaz,https://www.linkedin.com/in/amy-diaz-64,,,,,,United States,false,,US,2025-11-27,2026-09-01
101807,Linda,,Hall,https://www.linkedin.com/in/linda-hall-70,,,,,,United States,false,,US,2026-05-06,2026-09-01
101808,Kathleen,,Peterson,https://www.linkedin.com/in/kathleen-peterson-66,,,,,,United States,false,,US,2024-02-19,2026-09-01
101809,Amanda,,Howard,https://www.linkedin.com/in/amanda-howard-27,,,,,,United States,false,,US,2026-02-14,2026-09-01
101810,Nicole,,Flores,https://www.linkedin.com/in/nicole-flores-15,,,,,,United States,false,,US,2024-02-29,2026-09-01
101811,Catherine,,Young,https://www.linkedin.com/in/catherine-young-53,,,,,,United States,false,,US,2025-05-18,2026-09-01
101812,Larry,,Morgan,https://www.linkedin.com/in/larry-morgan-99,,,,,,United States,false,,US,2024-10-31,2026-09-01
101813,Christine,,Brown,https://www.linkedin.com/in/christine-brown-55,,,,,,United States,false,,US,2024-12-01,2026-09-01
101814,Rachel,,Diaz,https://www.linkedin.com/in/rachel-diaz-33,,,,,,United States,false,,US,2026-06-01,2026-09-01
101815,Jeffrey,,Lewis,https://www.linkedin.com/in/jeffrey-lewis-57,,,,,,United States,false,,US,2024-05-10,2026-09-01
101816,Sarah,,Green,,,,,,,United States,false,,US,2026-04-26,2026-09-01
101817,Justin,,Taylor,https://www.linkedin.com/in/justin-taylor-63,,,,,,United States,false,,US,2025-10-31,2026-09-01
101818,Sarah,,Martinez,,,,,,,United States,false,,US,2024-08-13,2026-09-01
101819,Joshua,,Parker,https://www.linkedin.com/in/joshua-parker-94,,,,,,United States,false,,US,2026-01-30,2026-09-01
101820,James,,White,,,,,,,United States,false,,US,2025-02-05,2026-09-01
101821,Rachel,,Wright,https://www.linkedin.com/in/rachel-wright-60,,,,,,United States,false,,US,2026-09-26,2026-09-01
101822,Stephanie,,Cruz,,,,,,,United States,false,,US,2025-02-07,2026-09-01
101823,Timothy,,Lewis,https://www.linkedin.com/in/timothy-lewis-76,,,,,,United States,false,,US,2026-05-23,2026-09-01
101824,Betty,,Smith,,,,,,,United States,false,,US,2024-10-10,2026-09-01
101825,Joseph,,Harris,,,,,,,United States,false,,US,2026-01-26,2026-09-01
101826,Maria,,Lopez,https://www.linkedin.com/in/maria-lopez-37,,,,,,United States,false,,US,2026-02-05,2026-09-01
101827,Michael,,Smith,,,,,,,United States,false,,US,2025-11-10,2026-09-01
101828,Susan,,Scott,https://www.linkedin.com/in/susan-scott-37,,,,,,United States,false,,US,2026-09-04,2026-09-01
101829,Michelle,,Collins,https://www.linkedin.com/in/michelle-collins-74,,,,,,United States,false,,US,2024-04-12,2026-09-01
101830,Frank,,Bailey,https://www.linkedin.com/in/frank-bailey-36,,,,,,United States,false,,US,2026-09-17,2026-09-01
101831,Rachel,,Wilson,https://www.linkedin.com/in/rachel-wilson-23,,,,,,United States,false,,US,2026-01-19,2026-09-01
101832,David,,Stewart,https://www.linkedin.com/in/david-stewart-51,,,,,,United States,false,,US,2024-02-27,2026-09-01
101833,Karen,,Cooper,https://www.linkedin.com/in/karen-cooper-56,,,,,,United States,false,,US,2025-05-05,2026-09-01
101834,Ashley,,Howard,https://www.linkedin.com/in/ashley-howard-75,,,,,,United States,false,,US,2024-11-30,2026-09-01
101835,Anthony,,Smith,https://www.linkedin.com/in/anthony-smith-35,,,,,,United States,false,,US,2024-01-14,2026-09-01
101836,Karen,,Rogers,https://www.linkedin.com/in/karen-rogers-30,,,,,,United States,false,,US,2026-08-04,2026-09-01
101837,Matthew,,Smith,https://www.linkedin.com/in/matthew-smith-82,,,,,,United States,false,,US,2026-08-24,2026-09-01
101838,Thomas,,Johnson,https://www.linkedin.com/in/thomas-johnson-38,,,,,,United States,false,,US,2024-12-07,2026-09-01
101839,Emily,,Jackson,https://www.linkedin.com/in/emily-jackson-96,,,,,,United States,false,,US,2025-08-17,2026-09-01
101840,Carolyn,,Diaz,https://www.linkedin.com/in/carolyn-diaz-96,,,,,,United States,false,,US,2026-08-30,2026-09-01
101841,Susan,,Carter,https://www.linkedin.com/in/susan-carter-88,,,,,,United States,false,,US,2026-06-08,2026-09-01
101842,Carolyn,,Campbell,https://www.linkedin.com/in/carolyn-campbell-68,,,,,,United States,false,,US,2025-02-14,2026-09-01
101843,Ryan,,Williams,https://www.linkedin.com/in/ryan-williams-46,,,,,,United States,false,,US,2026-09-06,2026-09-01
101844,Christine,,Young,https://www.linkedin.com/in/christine-young-24,,,,,,United States,false,,US,2025-11-16,2026-09-01
101845,Amy,,Ramos,,,,,,,United States,false,,US,2025-11-04,2026-09-01
101846,Paul,,Kelly,https://www.linkedin.com/in/paul-kelly-82,,,,,,United States,false,,US,2024-07-05,2026-09-01
101847,Donald,,Martin,,,,,,,United States,false,,US,2025-03-01,2026-09-01
101848,Barbara,,Murphy,https://www.linkedin.com/in/barbara-murphy-94,,,,,,United States,false,,US,2026-04-14,2026-09-01
101849,Edward,,Williams,https://www.linkedin.com/in/edward-williams-85,,,,,,United States,false,,US,2024-02-19,2026-09-01
101850,Brenda,,Baker,https://www.linkedin.com/in/brenda-baker-28,,,,,,United States,false,,US,2026-10-11,2026-09-01
101851,Scott,,Ramos,https://www.linkedin.com/in/scott-ramos-80,,,,,,United States,false,,US,2026-06-27,2026-09-01
101852,Eric,,Anderson,https://www.linkedin.com/in/eric-anderson-49,,,,,,United States,false,,US,2026-12-24,2026-09-01
101853,Rebecca,,Diaz,,,,,,,United States,false,,US,2026-05-05,2026-09-01
101854,Ronald,,Perez,https://www.linkedin.com/in/ronald-perez-92,,,,,,United States,false,,US,2024-02-20,2026-09-01
101855,Jack,,Young,,,,,,,United States,false,,US,2026-06-05,2026-09-01
101856,Amy,,Sanchez,https://www.linkedin.com/in/amy-sanchez-89,,,,,,United States,false,,US,2026-10-28,2026-09-01
101857,Richard,,Rogers,https://www.linkedin.com/in/richard-rogers-60,,,,,,United States,false,,US,2024-09-13,2026-09-01
101858,Gregory,,Ortiz,https://www.linkedin.com/in/gregory-ortiz-37,,,,,,United States,false,,US,2026-04-17,2026-09-01
101859,William,,Gomez,https://www.linkedin.com/in/william-gomez-51,,,,,,United States,false,,US,2024-12-12,2026-09-01
101860,Lisa,,Peterson,https://www.linkedin.com/in/lisa-peterson-87,,,,,,United States,false,,US,2024-01-02,2026-09-01
101861,Kenneth,,Brown,https://www.linkedin.com/in/kenneth-brown-47,,,,,,United States,false,,US,2024-09-12,2026-09-01
101862,Jerry,,Cruz,,,,,,,United States,false,,US,2026-03-04,2026-09-01
101863,Kimberly,,Wright,https://www.linkedin.com/in/kimberly-wright-91,,,,,,United States,false,,US,2025-01-05,2026-09-01
101864,Eric,,Edwards,https://www.linkedin.com/in/eric-edwards-72,,,,,,United States,false,,US,2025-12-16,2026-09-01
101865,Dennis,,Williams,https://www.linkedin.com/in/dennis-williams-92,,,,,,United States,false,,US,2025-12-06,2026-09-01
101866,Robert,,Roberts,https://www.linkedin.com/in/robert-roberts-15,,,,,,United States,false,,US,2024-01-28,2026-09-01
101867,Amy,,Sanchez,,,,,,,United States,false,,US,2024-10-05,2026-09-01
101868,Michelle,,Gomez,https://www.linkedin.com/in/michelle-gomez-86,,,,,,United States,false,,US,2026-01-22,2026-09-01
101869,Timothy,,Murphy,https://www.linkedin.com/in/timothy-murphy-58,,,,,,United States,false,,US,2026-10-06,2026-09-01
101870,Anthony,,Campbell,https://www.linkedin.com/in/anthony-campbell-42,,,,,,United States,false,,US,2026-02-02,2026-09-01
